Copyright 1986-2022 Xilinx, Inc. All Rights Reserved. Copyright 2022-2024 Advanced Micro Devices, Inc. All Rights Reserved.
---------------------------------------------------------------------------------------------------------------------------------------------
| Tool Version : Vivado v.2024.1 (win64) Build 5076996 Wed May 22 18:37:14 MDT 2024
| Date         : Thu Sep 24 01:20:20 2026
| Host         : racopc running 64-bit major release  (build 9200)
| Command      : report_control_sets -verbose -file huffman_encoder_control_sets_placed.rpt
| Design       : huffman_encoder
| Device       : xc7z020
---------------------------------------------------------------------------------------------------------------------------------------------

Control Set Information

Table of Contents
-----------------
1. Summary
2. Histogram
3. Flip-Flop Distribution
4. Detailed Control Set Information

1. Summary
----------

+----------------------------------------------------------+-------+
|                          Status                          | Count |
+----------------------------------------------------------+-------+
| Total control sets                                       |  1079 |
|    Minimum number of control sets                        |  1079 |
|    Addition due to synthesis replication                 |     0 |
|    Addition due to physical synthesis replication        |     0 |
| Unused register locations in slices containing registers |  1563 |
+----------------------------------------------------------+-------+
* Control sets can be merged at opt_design using control_set_merge or merge_equivalent_drivers
** Run report_qor_suggestions for automated merging and remapping suggestions


2. Histogram
------------

+--------------------+-------+
|       Fanout       | Count |
+--------------------+-------+
| Total control sets |  1079 |
| >= 0 to < 4        |     2 |
| >= 4 to < 6        |   112 |
| >= 6 to < 8        |    73 |
| >= 8 to < 10       |   338 |
| >= 10 to < 12      |     1 |
| >= 12 to < 14      |     3 |
| >= 14 to < 16      |   514 |
| >= 16              |    36 |
+--------------------+-------+
* Control sets can be remapped at either synth_design or opt_design


3. Flip-Flop Distribution
-------------------------

+--------------+-----------------------+------------------------+-----------------+--------------+
| Clock Enable | Synchronous Set/Reset | Asynchronous Set/Reset | Total Registers | Total Slices |
+--------------+-----------------------+------------------------+-----------------+--------------+
| No           | No                    | No                     |             485 |          218 |
| No           | No                    | Yes                    |               0 |            0 |
| No           | Yes                   | No                     |              33 |           16 |
| Yes          | No                    | No                     |            2360 |          917 |
| Yes          | No                    | Yes                    |               0 |            0 |
| Yes          | Yes                   | No                     |           11135 |         4165 |
+--------------+-----------------------+------------------------+-----------------+--------------+


4. Detailed Control Set Information
-----------------------------------

+-------------------------------+----------------------------------------------------------------------------------------------+--------------------------------------------------------+------------------+----------------+--------------+
|          Clock Signal         |                                         Enable Signal                                        |                    Set/Reset Signal                    | Slice Load Count | Bel Load Count | Bels / Slice |
+-------------------------------+----------------------------------------------------------------------------------------------+--------------------------------------------------------+------------------+----------------+--------------+
|  CLOCK_WIZ_INST/inst/clk_out1 | UART_TX_INST/tx_clk_en_reg_n_0                                                               |                                                        |                1 |              1 |         1.00 |
|  CLOCK_WIZ_INST/inst/clk_out1 | tx_done_i_1_n_0                                                                              | sys_reset                                              |                1 |              1 |         1.00 |
|  CLOCK_WIZ_INST/inst/clk_out1 | TREE_GENERATE_INST/SORTER/CELL_ARRAY_GEN[140].MIDDLE_CELLS.cell_inst_mid/r_symbol[6]_i_1_n_0 | sys_reset                                              |                2 |              5 |         2.50 |
|  CLOCK_WIZ_INST/inst/clk_out1 | TREE_GENERATE_INST/SORTER/CELL_ARRAY_GEN[199].MIDDLE_CELLS.cell_inst_mid/r_symbol[7]_i_1_n_0 | sys_reset                                              |                3 |              5 |         1.67 |
|  CLOCK_WIZ_INST/inst/clk_out1 | TREE_GENERATE_INST/SORTER/CELL_ARRAY_GEN[200].MIDDLE_CELLS.cell_inst_mid/r_symbol[5]_i_1_n_0 | sys_reset                                              |                1 |              5 |         5.00 |
|  CLOCK_WIZ_INST/inst/clk_out1 | TREE_GENERATE_INST/SORTER/CELL_ARRAY_GEN[21].MIDDLE_CELLS.cell_inst_mid/r_symbol[7]_i_1_n_0  | sys_reset                                              |                2 |              5 |         2.50 |
|  CLOCK_WIZ_INST/inst/clk_out1 | TREE_GENERATE_INST/SORTER/CELL_ARRAY_GEN[25].MIDDLE_CELLS.cell_inst_mid/r_symbol[7]_i_1_n_0  | sys_reset                                              |                2 |              5 |         2.50 |
|  CLOCK_WIZ_INST/inst/clk_out1 | TREE_GENERATE_INST/SORTER/CELL_ARRAY_GEN[203].MIDDLE_CELLS.cell_inst_mid/r_symbol[7]_i_1_n_0 | sys_reset                                              |                3 |              5 |         1.67 |
|  CLOCK_WIZ_INST/inst/clk_out1 | TREE_GENERATE_INST/SORTER/CELL_ARRAY_GEN[205].MIDDLE_CELLS.cell_inst_mid/r_symbol[7]_i_1_n_0 | sys_reset                                              |                3 |              5 |         1.67 |
|  CLOCK_WIZ_INST/inst/clk_out1 | TREE_GENERATE_INST/SORTER/CELL_ARRAY_GEN[59].MIDDLE_CELLS.cell_inst_mid/r_symbol[5]_i_1_n_0  | sys_reset                                              |                2 |              5 |         2.50 |
|  CLOCK_WIZ_INST/inst/clk_out1 | TREE_GENERATE_INST/SORTER/CELL_ARRAY_GEN[143].MIDDLE_CELLS.cell_inst_mid/r_symbol[7]_i_1_n_0 | sys_reset                                              |                1 |              5 |         5.00 |
|  CLOCK_WIZ_INST/inst/clk_out1 | TREE_GENERATE_INST/SORTER/CELL_ARRAY_GEN[241].MIDDLE_CELLS.cell_inst_mid/r_symbol[7]_i_1_n_0 | sys_reset                                              |                1 |              5 |         5.00 |
|  CLOCK_WIZ_INST/inst/clk_out1 | TREE_GENERATE_INST/SORTER/CELL_ARRAY_GEN[31].MIDDLE_CELLS.cell_inst_mid/r_symbol[4]_i_1_n_0  | sys_reset                                              |                2 |              5 |         2.50 |
|  CLOCK_WIZ_INST/inst/clk_out1 | TREE_GENERATE_INST/SORTER/CELL_ARRAY_GEN[206].MIDDLE_CELLS.cell_inst_mid/r_symbol[7]_i_1_n_0 | sys_reset                                              |                3 |              5 |         1.67 |
|  CLOCK_WIZ_INST/inst/clk_out1 | TREE_GENERATE_INST/SORTER/CELL_ARRAY_GEN[242].MIDDLE_CELLS.cell_inst_mid/r_symbol[7]_i_1_n_0 | sys_reset                                              |                2 |              5 |         2.50 |
|  CLOCK_WIZ_INST/inst/clk_out1 | TREE_GENERATE_INST/SORTER/CELL_ARRAY_GEN[61].MIDDLE_CELLS.cell_inst_mid/r_symbol[5]_i_1_n_0  | sys_reset                                              |                2 |              5 |         2.50 |
|  CLOCK_WIZ_INST/inst/clk_out1 | TREE_GENERATE_INST/SORTER/CELL_ARRAY_GEN[208].MIDDLE_CELLS.cell_inst_mid/r_symbol[5]_i_1_n_0 | sys_reset                                              |                2 |              5 |         2.50 |
|  CLOCK_WIZ_INST/inst/clk_out1 | TREE_GENERATE_INST/SORTER/CELL_ARRAY_GEN[244].MIDDLE_CELLS.cell_inst_mid/r_symbol[7]_i_1_n_0 | sys_reset                                              |                2 |              5 |         2.50 |
|  CLOCK_WIZ_INST/inst/clk_out1 | TREE_GENERATE_INST/SORTER/CELL_ARRAY_GEN[248].MIDDLE_CELLS.cell_inst_mid/r_symbol[7]_i_1_n_0 | sys_reset                                              |                3 |              5 |         1.67 |
|  CLOCK_WIZ_INST/inst/clk_out1 | TREE_GENERATE_INST/SORTER/CELL_ARRAY_GEN[62].MIDDLE_CELLS.cell_inst_mid/r_symbol[5]_i_1_n_0  | sys_reset                                              |                2 |              5 |         2.50 |
|  CLOCK_WIZ_INST/inst/clk_out1 | TREE_GENERATE_INST/SORTER/CELL_ARRAY_GEN[214].MIDDLE_CELLS.cell_inst_mid/r_symbol[7]_i_1_n_0 | sys_reset                                              |                2 |              5 |         2.50 |
|  CLOCK_WIZ_INST/inst/clk_out1 | TREE_GENERATE_INST/SORTER/CELL_ARRAY_GEN[52].MIDDLE_CELLS.cell_inst_mid/r_symbol[7]_i_1_n_0  | sys_reset                                              |                2 |              5 |         2.50 |
|  CLOCK_WIZ_INST/inst/clk_out1 | TREE_GENERATE_INST/SORTER/CELL_ARRAY_GEN[217].MIDDLE_CELLS.cell_inst_mid/r_symbol[7]_i_1_n_0 | sys_reset                                              |                1 |              5 |         5.00 |
|  CLOCK_WIZ_INST/inst/clk_out1 | TREE_GENERATE_INST/SORTER/CELL_ARRAY_GEN[176].MIDDLE_CELLS.cell_inst_mid/r_symbol[6]_i_1_n_0 | sys_reset                                              |                2 |              5 |         2.50 |
|  CLOCK_WIZ_INST/inst/clk_out1 | TREE_GENERATE_INST/SORTER/CELL_ARRAY_GEN[122].MIDDLE_CELLS.cell_inst_mid/r_symbol[6]_i_1_n_0 | sys_reset                                              |                2 |              5 |         2.50 |
|  CLOCK_WIZ_INST/inst/clk_out1 | TREE_GENERATE_INST/SORTER/CELL_ARRAY_GEN[121].MIDDLE_CELLS.cell_inst_mid/r_symbol[6]_i_1_n_0 | sys_reset                                              |                3 |              5 |         1.67 |
|  CLOCK_WIZ_INST/inst/clk_out1 | TREE_GENERATE_INST/SORTER/CELL_ARRAY_GEN[67].MIDDLE_CELLS.cell_inst_mid/r_symbol[7]_i_1_n_0  | sys_reset                                              |                2 |              5 |         2.50 |
|  CLOCK_WIZ_INST/inst/clk_out1 | TREE_GENERATE_INST/SORTER/CELL_ARRAY_GEN[118].MIDDLE_CELLS.cell_inst_mid/r_symbol[6]_i_1_n_0 | sys_reset                                              |                3 |              5 |         1.67 |
|  CLOCK_WIZ_INST/inst/clk_out1 | TREE_GENERATE_INST/SORTER/CELL_ARRAY_GEN[115].MIDDLE_CELLS.cell_inst_mid/r_symbol[6]_i_1_n_0 | sys_reset                                              |                3 |              5 |         1.67 |
|  CLOCK_WIZ_INST/inst/clk_out1 | TREE_GENERATE_INST/SORTER/CELL_ARRAY_GEN[112].MIDDLE_CELLS.cell_inst_mid/r_symbol[7]_i_1_n_0 | sys_reset                                              |                1 |              5 |         5.00 |
|  CLOCK_WIZ_INST/inst/clk_out1 | TREE_GENERATE_INST/SORTER/CELL_ARRAY_GEN[218].MIDDLE_CELLS.cell_inst_mid/r_symbol[7]_i_1_n_0 | sys_reset                                              |                2 |              5 |         2.50 |
|  CLOCK_WIZ_INST/inst/clk_out1 | TREE_GENERATE_INST/SORTER/CELL_ARRAY_GEN[28].MIDDLE_CELLS.cell_inst_mid/r_symbol[7]_i_1_n_0  | sys_reset                                              |                1 |              5 |         5.00 |
|  CLOCK_WIZ_INST/inst/clk_out1 | TREE_GENERATE_INST/SORTER/CELL_ARRAY_GEN[117].MIDDLE_CELLS.cell_inst_mid/r_symbol[6]_i_1_n_0 | sys_reset                                              |                2 |              5 |         2.50 |
|  CLOCK_WIZ_INST/inst/clk_out1 | TREE_GENERATE_INST/SORTER/CELL_ARRAY_GEN[110].MIDDLE_CELLS.cell_inst_mid/r_symbol[6]_i_1_n_0 | sys_reset                                              |                3 |              5 |         1.67 |
|  CLOCK_WIZ_INST/inst/clk_out1 | TREE_GENERATE_INST/SORTER/CELL_ARRAY_GEN[220].MIDDLE_CELLS.cell_inst_mid/r_symbol[7]_i_1_n_0 | sys_reset                                              |                2 |              5 |         2.50 |
|  CLOCK_WIZ_INST/inst/clk_out1 | TREE_GENERATE_INST/SORTER/CELL_ARRAY_GEN[109].MIDDLE_CELLS.cell_inst_mid/r_symbol[6]_i_1_n_0 | sys_reset                                              |                2 |              5 |         2.50 |
|  CLOCK_WIZ_INST/inst/clk_out1 | TREE_GENERATE_INST/SORTER/CELL_ARRAY_GEN[14].MIDDLE_CELLS.cell_inst_mid/r_symbol[7]_i_1_n_0  | sys_reset                                              |                2 |              5 |         2.50 |
|  CLOCK_WIZ_INST/inst/clk_out1 | TREE_GENERATE_INST/SORTER/CELL_ARRAY_GEN[134].MIDDLE_CELLS.cell_inst_mid/r_symbol[6]_i_1_n_0 | sys_reset                                              |                3 |              5 |         1.67 |
|  CLOCK_WIZ_INST/inst/clk_out1 | TREE_GENERATE_INST/SORTER/CELL_ARRAY_GEN[13].MIDDLE_CELLS.cell_inst_mid/r_symbol[7]_i_1_n_0  | sys_reset                                              |                3 |              5 |         1.67 |
|  CLOCK_WIZ_INST/inst/clk_out1 | TREE_GENERATE_INST/SORTER/CELL_ARRAY_GEN[107].MIDDLE_CELLS.cell_inst_mid/r_symbol[6]_i_1_n_0 | sys_reset                                              |                3 |              5 |         1.67 |
|  CLOCK_WIZ_INST/inst/clk_out1 | TREE_GENERATE_INST/SORTER/CELL_ARRAY_GEN[145].MIDDLE_CELLS.cell_inst_mid/r_symbol[6]_i_1_n_0 | sys_reset                                              |                1 |              5 |         5.00 |
|  CLOCK_WIZ_INST/inst/clk_out1 | TREE_GENERATE_INST/SORTER/CELL_ARRAY_GEN[69].MIDDLE_CELLS.cell_inst_mid/r_symbol[7]_i_1_n_0  | sys_reset                                              |                2 |              5 |         2.50 |
|  CLOCK_WIZ_INST/inst/clk_out1 | TREE_GENERATE_INST/SORTER/CELL_ARRAY_GEN[137].MIDDLE_CELLS.cell_inst_mid/r_symbol[6]_i_1_n_0 | sys_reset                                              |                2 |              5 |         2.50 |
|  CLOCK_WIZ_INST/inst/clk_out1 | TREE_GENERATE_INST/SORTER/CELL_ARRAY_GEN[138].MIDDLE_CELLS.cell_inst_mid/r_symbol[6]_i_1_n_0 | sys_reset                                              |                2 |              5 |         2.50 |
|  CLOCK_WIZ_INST/inst/clk_out1 | TREE_GENERATE_INST/SORTER/CELL_ARRAY_GEN[104].MIDDLE_CELLS.cell_inst_mid/r_symbol[7]_i_1_n_0 | sys_reset                                              |                1 |              5 |         5.00 |
|  CLOCK_WIZ_INST/inst/clk_out1 | TREE_GENERATE_INST/SORTER/CELL_ARRAY_GEN[103].MIDDLE_CELLS.cell_inst_mid/r_symbol[6]_i_1_n_0 | sys_reset                                              |                1 |              5 |         5.00 |
|  CLOCK_WIZ_INST/inst/clk_out1 | TREE_GENERATE_INST/SORTER/CELL_ARRAY_GEN[70].MIDDLE_CELLS.cell_inst_mid/r_symbol[7]_i_1_n_0  | sys_reset                                              |                2 |              5 |         2.50 |
|  CLOCK_WIZ_INST/inst/clk_out1 | TREE_GENERATE_INST/SORTER/CELL_ARRAY_GEN[100].MIDDLE_CELLS.cell_inst_mid/r_symbol[7]_i_1_n_0 | sys_reset                                              |                1 |              5 |         5.00 |
|  CLOCK_WIZ_INST/inst/clk_out1 | TREE_GENERATE_INST/SORTER/CELL_ARRAY_GEN[97].MIDDLE_CELLS.cell_inst_mid/r_symbol[7]_i_1_n_0  | sys_reset                                              |                1 |              5 |         5.00 |
|  CLOCK_WIZ_INST/inst/clk_out1 | TREE_GENERATE_INST/SORTER/CELL_ARRAY_GEN[91].MIDDLE_CELLS.cell_inst_mid/r_symbol[6]_i_1_n_0  | sys_reset                                              |                1 |              5 |         5.00 |
|  CLOCK_WIZ_INST/inst/clk_out1 | TREE_GENERATE_INST/SORTER/CELL_ARRAY_GEN[11].MIDDLE_CELLS.cell_inst_mid/r_symbol[7]_i_1_n_0  | sys_reset                                              |                2 |              5 |         2.50 |
|  CLOCK_WIZ_INST/inst/clk_out1 | TREE_GENERATE_INST/SORTER/CELL_ARRAY_GEN[146].MIDDLE_CELLS.cell_inst_mid/r_symbol[6]_i_1_n_0 | sys_reset                                              |                2 |              5 |         2.50 |
|  CLOCK_WIZ_INST/inst/clk_out1 | TREE_GENERATE_INST/SORTER/CELL_ARRAY_GEN[124].MIDDLE_CELLS.cell_inst_mid/r_symbol[6]_i_1_n_0 | sys_reset                                              |                1 |              5 |         5.00 |
|  CLOCK_WIZ_INST/inst/clk_out1 | TREE_GENERATE_INST/SORTER/CELL_ARRAY_GEN[227].MIDDLE_CELLS.cell_inst_mid/r_symbol[7]_i_1_n_0 | sys_reset                                              |                2 |              5 |         2.50 |
|  CLOCK_WIZ_INST/inst/clk_out1 | TREE_GENERATE_INST/SORTER/CELL_ARRAY_GEN[155].MIDDLE_CELLS.cell_inst_mid/r_symbol[7]_i_1_n_0 | sys_reset                                              |                2 |              5 |         2.50 |
|  CLOCK_WIZ_INST/inst/clk_out1 | TREE_GENERATE_INST/SORTER/CELL_ARRAY_GEN[94].MIDDLE_CELLS.cell_inst_mid/r_symbol[6]_i_1_n_0  | sys_reset                                              |                2 |              5 |         2.50 |
|  CLOCK_WIZ_INST/inst/clk_out1 | TREE_GENERATE_INST/SORTER/CELL_ARRAY_GEN[148].MIDDLE_CELLS.cell_inst_mid/r_symbol[6]_i_1_n_0 | sys_reset                                              |                1 |              5 |         5.00 |
|  CLOCK_WIZ_INST/inst/clk_out1 | TREE_GENERATE_INST/SORTER/CELL_ARRAY_GEN[93].MIDDLE_CELLS.cell_inst_mid/r_symbol[6]_i_1_n_0  | sys_reset                                              |                2 |              5 |         2.50 |
|  CLOCK_WIZ_INST/inst/clk_out1 | TREE_GENERATE_INST/SORTER/CELL_ARRAY_GEN[98].MIDDLE_CELLS.cell_inst_mid/r_symbol[7]_i_1_n_0  | sys_reset                                              |                1 |              5 |         5.00 |
|  CLOCK_WIZ_INST/inst/clk_out1 | TREE_GENERATE_INST/SORTER/CELL_ARRAY_GEN[151].MIDDLE_CELLS.cell_inst_mid/r_symbol[7]_i_1_n_0 | sys_reset                                              |                3 |              5 |         1.67 |
|  CLOCK_WIZ_INST/inst/clk_out1 | TREE_GENERATE_INST/SORTER/CELL_ARRAY_GEN[152].MIDDLE_CELLS.cell_inst_mid/r_symbol[6]_i_1_n_0 | sys_reset                                              |                2 |              5 |         2.50 |
|  CLOCK_WIZ_INST/inst/clk_out1 | TREE_GENERATE_INST/SORTER/CELL_ARRAY_GEN[88].MIDDLE_CELLS.cell_inst_mid/r_symbol[7]_i_1_n_0  | sys_reset                                              |                1 |              5 |         5.00 |
|  CLOCK_WIZ_INST/inst/clk_out1 | TREE_GENERATE_INST/SORTER/CELL_ARRAY_GEN[131].MIDDLE_CELLS.cell_inst_mid/r_symbol[6]_i_1_n_0 | sys_reset                                              |                3 |              5 |         1.67 |
|  CLOCK_WIZ_INST/inst/clk_out1 | TREE_GENERATE_INST/SORTER/CELL_ARRAY_GEN[164].MIDDLE_CELLS.cell_inst_mid/r_symbol[6]_i_1_n_0 | sys_reset                                              |                2 |              5 |         2.50 |
|  CLOCK_WIZ_INST/inst/clk_out1 | TREE_GENERATE_INST/SORTER/CELL_ARRAY_GEN[230].MIDDLE_CELLS.cell_inst_mid/r_symbol[7]_i_1_n_0 | sys_reset                                              |                1 |              5 |         5.00 |
|  CLOCK_WIZ_INST/inst/clk_out1 | TREE_GENERATE_INST/SORTER/CELL_ARRAY_GEN[157].MIDDLE_CELLS.cell_inst_mid/r_symbol[7]_i_1_n_0 | sys_reset                                              |                2 |              5 |         2.50 |
|  CLOCK_WIZ_INST/inst/clk_out1 | TREE_GENERATE_INST/SORTER/CELL_ARRAY_GEN[84].MIDDLE_CELLS.cell_inst_mid/r_symbol[7]_i_1_n_0  | sys_reset                                              |                1 |              5 |         5.00 |
|  CLOCK_WIZ_INST/inst/clk_out1 | TREE_GENERATE_INST/SORTER/CELL_ARRAY_GEN[158].MIDDLE_CELLS.cell_inst_mid/r_symbol[7]_i_1_n_0 | sys_reset                                              |                1 |              5 |         5.00 |
|  CLOCK_WIZ_INST/inst/clk_out1 | TREE_GENERATE_INST/SORTER/CELL_ARRAY_GEN[133].MIDDLE_CELLS.cell_inst_mid/r_symbol[6]_i_1_n_0 | sys_reset                                              |                2 |              5 |         2.50 |
|  CLOCK_WIZ_INST/inst/clk_out1 | TREE_GENERATE_INST/SORTER/CELL_ARRAY_GEN[82].MIDDLE_CELLS.cell_inst_mid/r_symbol[7]_i_1_n_0  | sys_reset                                              |                1 |              5 |         5.00 |
|  CLOCK_WIZ_INST/inst/clk_out1 | TREE_GENERATE_INST/SORTER/CELL_ARRAY_GEN[81].MIDDLE_CELLS.cell_inst_mid/r_symbol[7]_i_1_n_0  | sys_reset                                              |                3 |              5 |         1.67 |
|  CLOCK_WIZ_INST/inst/clk_out1 | TREE_GENERATE_INST/SORTER/CELL_ARRAY_GEN[179].MIDDLE_CELLS.cell_inst_mid/r_symbol[7]_i_1_n_0 | sys_reset                                              |                2 |              5 |         2.50 |
|  CLOCK_WIZ_INST/inst/clk_out1 | TREE_GENERATE_INST/SORTER/CELL_ARRAY_GEN[233].MIDDLE_CELLS.cell_inst_mid/r_symbol[7]_i_1_n_0 | sys_reset                                              |                3 |              5 |         1.67 |
|  CLOCK_WIZ_INST/inst/clk_out1 | TREE_GENERATE_INST/SORTER/CELL_ARRAY_GEN[161].MIDDLE_CELLS.cell_inst_mid/r_symbol[6]_i_1_n_0 | sys_reset                                              |                2 |              5 |         2.50 |
|  CLOCK_WIZ_INST/inst/clk_out1 | TREE_GENERATE_INST/SORTER/CELL_ARRAY_GEN[79].MIDDLE_CELLS.cell_inst_mid/r_symbol[6]_i_1_n_0  | sys_reset                                              |                1 |              5 |         5.00 |
|  CLOCK_WIZ_INST/inst/clk_out1 | TREE_GENERATE_INST/SORTER/CELL_ARRAY_GEN[162].MIDDLE_CELLS.cell_inst_mid/r_symbol[6]_i_1_n_0 | sys_reset                                              |                2 |              5 |         2.50 |
|  CLOCK_WIZ_INST/inst/clk_out1 | TREE_GENERATE_INST/SORTER/CELL_ARRAY_GEN[87].MIDDLE_CELLS.cell_inst_mid/r_symbol[6]_i_1_n_0  | sys_reset                                              |                2 |              5 |         2.50 |
|  CLOCK_WIZ_INST/inst/clk_out1 | TREE_GENERATE_INST/SORTER/CELL_ARRAY_GEN[22].MIDDLE_CELLS.cell_inst_mid/r_symbol[7]_i_1_n_0  | sys_reset                                              |                2 |              5 |         2.50 |
|  CLOCK_WIZ_INST/inst/clk_out1 | TREE_GENERATE_INST/SORTER/CELL_ARRAY_GEN[76].MIDDLE_CELLS.cell_inst_mid/r_symbol[7]_i_1_n_0  | sys_reset                                              |                2 |              5 |         2.50 |
|  CLOCK_WIZ_INST/inst/clk_out1 | TREE_GENERATE_INST/SORTER/CELL_ARRAY_GEN[234].MIDDLE_CELLS.cell_inst_mid/r_symbol[7]_i_1_n_0 | sys_reset                                              |                1 |              5 |         5.00 |
|  CLOCK_WIZ_INST/inst/clk_out1 | TREE_GENERATE_INST/SORTER/CELL_ARRAY_GEN[174].MIDDLE_CELLS.cell_inst_mid/r_symbol[7]_i_1_n_0 | sys_reset                                              |                2 |              5 |         2.50 |
|  CLOCK_WIZ_INST/inst/clk_out1 | TREE_GENERATE_INST/SORTER/CELL_ARRAY_GEN[74].MIDDLE_CELLS.cell_inst_mid/r_symbol[7]_i_1_n_0  | sys_reset                                              |                1 |              5 |         5.00 |
|  CLOCK_WIZ_INST/inst/clk_out1 | TREE_GENERATE_INST/SORTER/CELL_ARRAY_GEN[167].MIDDLE_CELLS.cell_inst_mid/r_symbol[7]_i_1_n_0 | sys_reset                                              |                1 |              5 |         5.00 |
|  CLOCK_WIZ_INST/inst/clk_out1 | TREE_GENERATE_INST/SORTER/CELL_ARRAY_GEN[73].MIDDLE_CELLS.cell_inst_mid/r_symbol[7]_i_1_n_0  | sys_reset                                              |                1 |              5 |         5.00 |
|  CLOCK_WIZ_INST/inst/clk_out1 | TREE_GENERATE_INST/SORTER/CELL_ARRAY_GEN[168].MIDDLE_CELLS.cell_inst_mid/r_symbol[6]_i_1_n_0 | sys_reset                                              |                2 |              5 |         2.50 |
|  CLOCK_WIZ_INST/inst/clk_out1 | TREE_GENERATE_INST/SORTER/CELL_ARRAY_GEN[211].MIDDLE_CELLS.cell_inst_mid/r_symbol[7]_i_1_n_0 | sys_reset                                              |                3 |              5 |         1.67 |
|  CLOCK_WIZ_INST/inst/clk_out1 | TREE_GENERATE_INST/SORTER/CELL_ARRAY_GEN[171].MIDDLE_CELLS.cell_inst_mid/r_symbol[7]_i_1_n_0 | sys_reset                                              |                2 |              5 |         2.50 |
|  CLOCK_WIZ_INST/inst/clk_out1 | TREE_GENERATE_INST/SORTER/CELL_ARRAY_GEN[56].MIDDLE_CELLS.cell_inst_mid/r_symbol[7]_i_1_n_0  | sys_reset                                              |                1 |              5 |         5.00 |
|  CLOCK_WIZ_INST/inst/clk_out1 | TREE_GENERATE_INST/SORTER/CELL_ARRAY_GEN[173].MIDDLE_CELLS.cell_inst_mid/r_symbol[7]_i_1_n_0 | sys_reset                                              |                2 |              5 |         2.50 |
|  CLOCK_WIZ_INST/inst/clk_out1 | TREE_GENERATE_INST/SORTER/CELL_ARRAY_GEN[236].MIDDLE_CELLS.cell_inst_mid/r_symbol[7]_i_1_n_0 | sys_reset                                              |                2 |              5 |         2.50 |
|  CLOCK_WIZ_INST/inst/clk_out1 | TREE_GENERATE_INST/SORTER/CELL_ARRAY_GEN[50].MIDDLE_CELLS.cell_inst_mid/r_symbol[7]_i_1_n_0  | sys_reset                                              |                2 |              5 |         2.50 |
|  CLOCK_WIZ_INST/inst/clk_out1 | TREE_GENERATE_INST/SORTER/CELL_ARRAY_GEN[213].MIDDLE_CELLS.cell_inst_mid/r_symbol[7]_i_1_n_0 | sys_reset                                              |                2 |              5 |         2.50 |
|  CLOCK_WIZ_INST/inst/clk_out1 | TREE_GENERATE_INST/SORTER/CELL_ARRAY_GEN[229].MIDDLE_CELLS.cell_inst_mid/r_symbol[7]_i_1_n_0 | sys_reset                                              |                1 |              5 |         5.00 |
|  CLOCK_WIZ_INST/inst/clk_out1 | TREE_GENERATE_INST/SORTER/CELL_ARRAY_GEN[224].MIDDLE_CELLS.cell_inst_mid/r_symbol[4]_i_1_n_0 | sys_reset                                              |                2 |              5 |         2.50 |
|  CLOCK_WIZ_INST/inst/clk_out1 | TREE_GENERATE_INST/SORTER/CELL_ARRAY_GEN[49].MIDDLE_CELLS.cell_inst_mid/r_symbol[7]_i_1_n_0  | sys_reset                                              |                3 |              5 |         1.67 |
|  CLOCK_WIZ_INST/inst/clk_out1 | TREE_GENERATE_INST/SORTER/CELL_ARRAY_GEN[47].MIDDLE_CELLS.cell_inst_mid/r_symbol[5]_i_1_n_0  | sys_reset                                              |                2 |              5 |         2.50 |
|  CLOCK_WIZ_INST/inst/clk_out1 | TREE_GENERATE_INST/SORTER/CELL_ARRAY_GEN[181].MIDDLE_CELLS.cell_inst_mid/r_symbol[7]_i_1_n_0 | sys_reset                                              |                1 |              5 |         5.00 |
|  CLOCK_WIZ_INST/inst/clk_out1 | TREE_GENERATE_INST/SORTER/CELL_ARRAY_GEN[182].MIDDLE_CELLS.cell_inst_mid/r_symbol[7]_i_1_n_0 | sys_reset                                              |                1 |              5 |         5.00 |
|  CLOCK_WIZ_INST/inst/clk_out1 | TREE_GENERATE_INST/SORTER/CELL_ARRAY_GEN[44].MIDDLE_CELLS.cell_inst_mid/r_symbol[7]_i_1_n_0  | sys_reset                                              |                1 |              5 |         5.00 |
|  CLOCK_WIZ_INST/inst/clk_out1 | TREE_GENERATE_INST/SORTER/CELL_ARRAY_GEN[55].MIDDLE_CELLS.cell_inst_mid/r_symbol[5]_i_1_n_0  | sys_reset                                              |                1 |              5 |         5.00 |
|  CLOCK_WIZ_INST/inst/clk_out1 | TREE_GENERATE_INST/SORTER/CELL_ARRAY_GEN[185].MIDDLE_CELLS.cell_inst_mid/r_symbol[7]_i_1_n_0 | sys_reset                                              |                1 |              5 |         5.00 |
|  CLOCK_WIZ_INST/inst/clk_out1 | TREE_GENERATE_INST/SORTER/CELL_ARRAY_GEN[186].MIDDLE_CELLS.cell_inst_mid/r_symbol[7]_i_1_n_0 | sys_reset                                              |                1 |              5 |         5.00 |
|  CLOCK_WIZ_INST/inst/clk_out1 | TREE_GENERATE_INST/SORTER/CELL_ARRAY_GEN[42].MIDDLE_CELLS.cell_inst_mid/r_symbol[7]_i_1_n_0  | sys_reset                                              |                2 |              5 |         2.50 |
|  CLOCK_WIZ_INST/inst/clk_out1 | TREE_GENERATE_INST/SORTER/CELL_ARRAY_GEN[41].MIDDLE_CELLS.cell_inst_mid/r_symbol[7]_i_1_n_0  | sys_reset                                              |                1 |              5 |         5.00 |
|  CLOCK_WIZ_INST/inst/clk_out1 | TREE_GENERATE_INST/SORTER/CELL_ARRAY_GEN[188].MIDDLE_CELLS.cell_inst_mid/r_symbol[7]_i_1_n_0 | sys_reset                                              |                3 |              5 |         1.67 |
|  CLOCK_WIZ_INST/inst/clk_out1 | TREE_GENERATE_INST/SORTER/CELL_ARRAY_GEN[38].MIDDLE_CELLS.cell_inst_mid/r_symbol[7]_i_1_n_0  | sys_reset                                              |                1 |              5 |         5.00 |
|  CLOCK_WIZ_INST/inst/clk_out1 | TREE_GENERATE_INST/SORTER/CELL_ARRAY_GEN[26].MIDDLE_CELLS.cell_inst_mid/r_symbol[7]_i_1_n_0  | sys_reset                                              |                2 |              5 |         2.50 |
|  CLOCK_WIZ_INST/inst/clk_out1 | TREE_GENERATE_INST/SORTER/CELL_ARRAY_GEN[37].MIDDLE_CELLS.cell_inst_mid/r_symbol[7]_i_1_n_0  | sys_reset                                              |                1 |              5 |         5.00 |
|  CLOCK_WIZ_INST/inst/clk_out1 | TREE_GENERATE_INST/SORTER/CELL_ARRAY_GEN[193].MIDDLE_CELLS.cell_inst_mid/r_symbol[5]_i_1_n_0 | sys_reset                                              |                1 |              5 |         5.00 |
|  CLOCK_WIZ_INST/inst/clk_out1 | TREE_GENERATE_INST/SORTER/CELL_ARRAY_GEN[194].MIDDLE_CELLS.cell_inst_mid/r_symbol[5]_i_1_n_0 | sys_reset                                              |                1 |              5 |         5.00 |
|  CLOCK_WIZ_INST/inst/clk_out1 | TREE_GENERATE_INST/SORTER/CELL_ARRAY_GEN[7].MIDDLE_CELLS.cell_inst_mid/r_symbol[7]_i_1_n_0   | sys_reset                                              |                2 |              5 |         2.50 |
|  CLOCK_WIZ_INST/inst/clk_out1 | TREE_GENERATE_INST/SORTER/CELL_ARRAY_GEN[196].MIDDLE_CELLS.cell_inst_mid/r_symbol[5]_i_1_n_0 | sys_reset                                              |                2 |              5 |         2.50 |
|  CLOCK_WIZ_INST/inst/clk_out1 | TREE_GENERATE_INST/SORTER/CELL_ARRAY_GEN[35].MIDDLE_CELLS.cell_inst_mid/r_symbol[7]_i_1_n_0  | sys_reset                                              |                2 |              5 |         2.50 |
|  CLOCK_WIZ_INST/inst/clk_out1 | TREE_GENERATE_INST/SORTER/CELL_ARRAY_GEN[19].MIDDLE_CELLS.cell_inst_mid/r_symbol[7]_i_1_n_0  | sys_reset                                              |                3 |              5 |         1.67 |
|  CLOCK_WIZ_INST/inst/clk_out1 | TREE_GENERATE_INST/SORTER/CELL_ARRAY_GEN[243].MIDDLE_CELLS.cell_inst_mid/r_symbol[7]_i_1_n_0 | sys_reset                                              |                2 |              6 |         3.00 |
|  CLOCK_WIZ_INST/inst/clk_out1 |                                                                                              | UART_TX_INST/tx_data_cnt[2]_i_1_n_0                    |                2 |              6 |         3.00 |
|  CLOCK_WIZ_INST/inst/clk_out1 | TREE_GENERATE_INST/SORTER/CELL_ARRAY_GEN[9].MIDDLE_CELLS.cell_inst_mid/r_symbol[7]_i_1_n_0   | sys_reset                                              |                2 |              6 |         3.00 |
|  CLOCK_WIZ_INST/inst/clk_out1 | TREE_GENERATE_INST/SORTER/CELL_ARRAY_GEN[17].MIDDLE_CELLS.cell_inst_mid/r_symbol[7]_i_1_n_0  | sys_reset                                              |                2 |              6 |         3.00 |
|  CLOCK_WIZ_INST/inst/clk_out1 | TREE_GENERATE_INST/SORTER/CELL_ARRAY_GEN[252].MIDDLE_CELLS.cell_inst_mid/r_symbol[7]_i_1_n_0 | sys_reset                                              |                2 |              6 |         3.00 |
|  CLOCK_WIZ_INST/inst/clk_out1 | TREE_GENERATE_INST/SORTER/CELL_ARRAY_GEN[187].MIDDLE_CELLS.cell_inst_mid/r_symbol[7]_i_1_n_0 | sys_reset                                              |                2 |              6 |         3.00 |
|  CLOCK_WIZ_INST/inst/clk_out1 | TREE_GENERATE_INST/SORTER/CELL_ARRAY_GEN[235].MIDDLE_CELLS.cell_inst_mid/r_symbol[7]_i_1_n_0 | sys_reset                                              |                1 |              6 |         6.00 |
|  CLOCK_WIZ_INST/inst/clk_out1 | TREE_GENERATE_INST/SORTER/CELL_ARRAY_GEN[250].MIDDLE_CELLS.cell_inst_mid/r_symbol[7]_i_1_n_0 | sys_reset                                              |                1 |              6 |         6.00 |
|  CLOCK_WIZ_INST/inst/clk_out1 | TREE_GENERATE_INST/SORTER/CELL_ARRAY_GEN[249].MIDDLE_CELLS.cell_inst_mid/r_symbol[7]_i_1_n_0 | sys_reset                                              |                2 |              6 |         3.00 |
|  CLOCK_WIZ_INST/inst/clk_out1 | TREE_GENERATE_INST/SORTER/CELL_ARRAY_GEN[12].MIDDLE_CELLS.cell_inst_mid/r_symbol[7]_i_1_n_0  | sys_reset                                              |                1 |              6 |         6.00 |
|  CLOCK_WIZ_INST/inst/clk_out1 | TREE_GENERATE_INST/SORTER/CELL_ARRAY_GEN[246].MIDDLE_CELLS.cell_inst_mid/r_symbol[7]_i_1_n_0 | sys_reset                                              |                1 |              6 |         6.00 |
|  CLOCK_WIZ_INST/inst/clk_out1 | TREE_GENERATE_INST/SORTER/CELL_ARRAY_GEN[63].MIDDLE_CELLS.cell_inst_mid/r_symbol[5]_i_1_n_0  | sys_reset                                              |                1 |              6 |         6.00 |
|  CLOCK_WIZ_INST/inst/clk_out1 | TREE_GENERATE_INST/SORTER/CELL_ARRAY_GEN[237].MIDDLE_CELLS.cell_inst_mid/r_symbol[7]_i_1_n_0 | sys_reset                                              |                2 |              6 |         3.00 |
|  CLOCK_WIZ_INST/inst/clk_out1 | TREE_GENERATE_INST/SORTER/CELL_ARRAY_GEN[126].MIDDLE_CELLS.cell_inst_mid/r_symbol[6]_i_1_n_0 | sys_reset                                              |                2 |              6 |         3.00 |
|  CLOCK_WIZ_INST/inst/clk_out1 | TREE_GENERATE_INST/SORTER/CELL_ARRAY_GEN[119].MIDDLE_CELLS.cell_inst_mid/r_symbol[6]_i_1_n_0 | sys_reset                                              |                3 |              6 |         2.00 |
|  CLOCK_WIZ_INST/inst/clk_out1 | TREE_GENERATE_INST/SORTER/CELL_ARRAY_GEN[111].MIDDLE_CELLS.cell_inst_mid/r_symbol[6]_i_1_n_0 | sys_reset                                              |                2 |              6 |         3.00 |
|  CLOCK_WIZ_INST/inst/clk_out1 | TREE_GENERATE_INST/SORTER/CELL_ARRAY_GEN[136].MIDDLE_CELLS.cell_inst_mid/r_symbol[6]_i_1_n_0 | sys_reset                                              |                3 |              6 |         2.00 |
|  CLOCK_WIZ_INST/inst/clk_out1 | TREE_GENERATE_INST/SORTER/CELL_ARRAY_GEN[5].MIDDLE_CELLS.cell_inst_mid/r_symbol[7]_i_1_n_0   | sys_reset                                              |                1 |              6 |         6.00 |
|  CLOCK_WIZ_INST/inst/clk_out1 | TREE_GENERATE_INST/SORTER/CELL_ARRAY_GEN[238].MIDDLE_CELLS.cell_inst_mid/r_symbol[7]_i_1_n_0 | sys_reset                                              |                1 |              6 |         6.00 |
|  CLOCK_WIZ_INST/inst/clk_out1 | TREE_GENERATE_INST/SORTER/CELL_ARRAY_GEN[123].MIDDLE_CELLS.cell_inst_mid/r_symbol[6]_i_1_n_0 | sys_reset                                              |                1 |              6 |         6.00 |
|  CLOCK_WIZ_INST/inst/clk_out1 | TREE_GENERATE_INST/SORTER/CELL_ARRAY_GEN[144].MIDDLE_CELLS.cell_inst_mid/r_symbol[6]_i_1_n_0 | sys_reset                                              |                1 |              6 |         6.00 |
|  CLOCK_WIZ_INST/inst/clk_out1 | TREE_GENERATE_INST/SORTER/CELL_ARRAY_GEN[96].MIDDLE_CELLS.cell_inst_mid/r_symbol[7]_i_1_n_0  | sys_reset                                              |                2 |              6 |         3.00 |
|  CLOCK_WIZ_INST/inst/clk_out1 | TREE_GENERATE_INST/SORTER/CELL_ARRAY_GEN[95].MIDDLE_CELLS.cell_inst_mid/r_symbol[6]_i_1_n_0  | sys_reset                                              |                1 |              6 |         6.00 |
|  CLOCK_WIZ_INST/inst/clk_out1 | TREE_GENERATE_INST/SORTER/CELL_ARRAY_GEN[219].MIDDLE_CELLS.cell_inst_mid/r_symbol[7]_i_1_n_0 | sys_reset                                              |                3 |              6 |         2.00 |
|  CLOCK_WIZ_INST/inst/clk_out1 | TREE_GENERATE_INST/SORTER/CELL_ARRAY_GEN[10].MIDDLE_CELLS.cell_inst_mid/r_symbol[7]_i_1_n_0  | sys_reset                                              |                2 |              6 |         3.00 |
|  CLOCK_WIZ_INST/inst/clk_out1 | TREE_GENERATE_INST/SORTER/CELL_ARRAY_GEN[159].MIDDLE_CELLS.cell_inst_mid/r_symbol[7]_i_1_n_0 | sys_reset                                              |                2 |              6 |         3.00 |
|  CLOCK_WIZ_INST/inst/clk_out1 | TREE_GENERATE_INST/SORTER/CELL_ARRAY_GEN[160].MIDDLE_CELLS.cell_inst_mid/r_symbol[6]_i_1_n_0 | sys_reset                                              |                1 |              6 |         6.00 |
|  CLOCK_WIZ_INST/inst/clk_out1 | TREE_GENERATE_INST/SORTER/CELL_ARRAY_GEN[80].MIDDLE_CELLS.cell_inst_mid/r_symbol[7]_i_1_n_0  | sys_reset                                              |                1 |              6 |         6.00 |
|  CLOCK_WIZ_INST/inst/clk_out1 | TREE_GENERATE_INST/SORTER/CELL_ARRAY_GEN[18].MIDDLE_CELLS.cell_inst_mid/r_symbol[7]_i_1_n_0  | sys_reset                                              |                1 |              6 |         6.00 |
|  CLOCK_WIZ_INST/inst/clk_out1 | TREE_GENERATE_INST/SORTER/CELL_ARRAY_GEN[72].MIDDLE_CELLS.cell_inst_mid/r_symbol[7]_i_1_n_0  | sys_reset                                              |                1 |              6 |         6.00 |
|  CLOCK_WIZ_INST/inst/clk_out1 | TREE_GENERATE_INST/SORTER/CELL_ARRAY_GEN[24].MIDDLE_CELLS.cell_inst_mid/r_symbol[7]_i_1_n_0  | sys_reset                                              |                2 |              6 |         3.00 |
|  CLOCK_WIZ_INST/inst/clk_out1 | TREE_GENERATE_INST/SORTER/CELL_ARRAY_GEN[3].MIDDLE_CELLS.cell_inst_mid/r_symbol[7]_i_1_n_0   | sys_reset                                              |                1 |              6 |         6.00 |
|  CLOCK_WIZ_INST/inst/clk_out1 | TREE_GENERATE_INST/SORTER/CELL_ARRAY_GEN[175].MIDDLE_CELLS.cell_inst_mid/r_symbol[7]_i_1_n_0 | sys_reset                                              |                2 |              6 |         3.00 |
|  CLOCK_WIZ_INST/inst/clk_out1 | TREE_GENERATE_INST/SORTER/CELL_ARRAY_GEN[65].MIDDLE_CELLS.cell_inst_mid/r_symbol[7]_i_1_n_0  | sys_reset                                              |                2 |              6 |         3.00 |
|  CLOCK_WIZ_INST/inst/clk_out1 | TREE_GENERATE_INST/SORTER/CELL_ARRAY_GEN[215].MIDDLE_CELLS.cell_inst_mid/r_symbol[7]_i_1_n_0 | sys_reset                                              |                2 |              6 |         3.00 |
|  CLOCK_WIZ_INST/inst/clk_out1 | TREE_GENERATE_INST/SORTER/CELL_ARRAY_GEN[190].MIDDLE_CELLS.cell_inst_mid/r_symbol[7]_i_1_n_0 | sys_reset                                              |                1 |              6 |         6.00 |
|  CLOCK_WIZ_INST/inst/clk_out1 | TREE_GENERATE_INST/SORTER/CELL_ARRAY_GEN[66].MIDDLE_CELLS.cell_inst_mid/r_symbol[7]_i_1_n_0  | sys_reset                                              |                1 |              6 |         6.00 |
|  CLOCK_WIZ_INST/inst/clk_out1 | TREE_GENERATE_INST/SORTER/CELL_ARRAY_GEN[48].MIDDLE_CELLS.cell_inst_mid/r_symbol[7]_i_1_n_0  | sys_reset                                              |                2 |              6 |         3.00 |
|  CLOCK_WIZ_INST/inst/clk_out1 | TREE_GENERATE_INST/SORTER/CELL_ARRAY_GEN[40].MIDDLE_CELLS.cell_inst_mid/r_symbol[7]_i_1_n_0  | sys_reset                                              |                1 |              6 |         6.00 |
|  CLOCK_WIZ_INST/inst/clk_out1 | TREE_GENERATE_INST/SORTER/CELL_ARRAY_GEN[20].MIDDLE_CELLS.cell_inst_mid/r_symbol[7]_i_1_n_0  | sys_reset                                              |                2 |              6 |         3.00 |
|  CLOCK_WIZ_INST/inst/clk_out1 | TREE_GENERATE_INST/SORTER/CELL_ARRAY_GEN[68].MIDDLE_CELLS.cell_inst_mid/r_symbol[7]_i_1_n_0  | sys_reset                                              |                2 |              6 |         3.00 |
|  CLOCK_WIZ_INST/inst/clk_out1 | TREE_GENERATE_INST/SORTER/CELL_ARRAY_GEN[192].MIDDLE_CELLS.cell_inst_mid/r_symbol[5]_i_1_n_0 | sys_reset                                              |                2 |              6 |         3.00 |
|  CLOCK_WIZ_INST/inst/clk_out1 | TREE_GENERATE_INST/SORTER/CELL_ARRAY_GEN[36].MIDDLE_CELLS.cell_inst_mid/r_symbol[7]_i_1_n_0  | sys_reset                                              |                3 |              6 |         2.00 |
|  CLOCK_WIZ_INST/inst/clk_out1 | TREE_GENERATE_INST/SORTER/CELL_ARRAY_GEN[221].MIDDLE_CELLS.cell_inst_mid/r_symbol[7]_i_1_n_0 | sys_reset                                              |                3 |              6 |         2.00 |
|  CLOCK_WIZ_INST/inst/clk_out1 | TREE_GENERATE_INST/SORTER/CELL_ARRAY_GEN[6].MIDDLE_CELLS.cell_inst_mid/r_symbol[7]_i_1_n_0   | sys_reset                                              |                2 |              6 |         3.00 |
|  CLOCK_WIZ_INST/inst/clk_out1 | TREE_GENERATE_INST/SORTER/CELL_ARRAY_GEN[33].MIDDLE_CELLS.cell_inst_mid/r_symbol[7]_i_1_n_0  | sys_reset                                              |                1 |              6 |         6.00 |
|  CLOCK_WIZ_INST/inst/clk_out1 | TREE_GENERATE_INST/SORTER/CELL_ARRAY_GEN[222].MIDDLE_CELLS.cell_inst_mid/r_symbol[7]_i_1_n_0 | sys_reset                                              |                2 |              6 |         3.00 |
|  CLOCK_WIZ_INST/inst/clk_out1 | TREE_GENERATE_INST/SORTER/CELL_ARRAY_GEN[245].MIDDLE_CELLS.cell_inst_mid/r_symbol[7]_i_1_n_0 | sys_reset                                              |                1 |              6 |         6.00 |
|  CLOCK_WIZ_INST/inst/clk_out1 | TREE_GENERATE_INST/SORTER/CELL_ARRAY_GEN[183].MIDDLE_CELLS.cell_inst_mid/r_symbol[7]_i_1_n_0 | sys_reset                                              |                1 |              6 |         6.00 |
|  CLOCK_WIZ_INST/inst/clk_out1 | TREE_GENERATE_INST/SORTER/CELL_ARRAY_GEN[125].MIDDLE_CELLS.cell_inst_mid/r_symbol[6]_i_1_n_0 | sys_reset                                              |                1 |              6 |         6.00 |
|  CLOCK_WIZ_INST/inst/clk_out1 | TREE_GENERATE_INST/SORTER/CELL_ARRAY_GEN[129].MIDDLE_CELLS.cell_inst_mid/r_symbol[6]_i_1_n_0 | sys_reset                                              |                2 |              6 |         3.00 |
|  CLOCK_WIZ_INST/inst/clk_out1 | TREE_GENERATE_INST/SORTER/CELL_ARRAY_GEN[130].MIDDLE_CELLS.cell_inst_mid/r_symbol[6]_i_1_n_0 | sys_reset                                              |                3 |              6 |         2.00 |
|  CLOCK_WIZ_INST/inst/clk_out1 | TREE_GENERATE_INST/SORTER/CELL_ARRAY_GEN[189].MIDDLE_CELLS.cell_inst_mid/r_symbol[7]_i_1_n_0 | sys_reset                                              |                3 |              6 |         2.00 |
|  CLOCK_WIZ_INST/inst/clk_out1 | TREE_GENERATE_INST/SORTER/CELL_ARRAY_GEN[207].MIDDLE_CELLS.cell_inst_mid/r_symbol[7]_i_1_n_0 | sys_reset                                              |                2 |              6 |         3.00 |
|  CLOCK_WIZ_INST/inst/clk_out1 | TREE_GENERATE_INST/SORTER/CELL_ARRAY_GEN[132].MIDDLE_CELLS.cell_inst_mid/r_symbol[6]_i_1_n_0 | sys_reset                                              |                2 |              6 |         3.00 |
|  CLOCK_WIZ_INST/inst/clk_out1 | TREE_GENERATE_INST/SORTER/CELL_ARRAY_GEN[34].MIDDLE_CELLS.cell_inst_mid/r_symbol[7]_i_1_n_0  | sys_reset                                              |                2 |              6 |         3.00 |
|  CLOCK_WIZ_INST/inst/clk_out1 | TREE_GENERATE_INST/SORTER/CELL_ARRAY_GEN[231].MIDDLE_CELLS.cell_inst_mid/r_symbol[7]_i_1_n_0 | sys_reset                                              |                1 |              6 |         6.00 |
|  CLOCK_WIZ_INST/inst/clk_out1 | TREE_GENERATE_INST/SORTER/CELL_ARRAY_GEN[253].MIDDLE_CELLS.cell_inst_mid/r_symbol[7]_i_1_n_0 | sys_reset                                              |                2 |              7 |         3.50 |
|  CLOCK_WIZ_INST/inst/clk_out1 | TREE_GENERATE_INST/SORTER/CELL_ARRAY_GEN[254].MIDDLE_CELLS.cell_inst_mid/r_symbol[7]_i_1_n_0 | sys_reset                                              |                3 |              7 |         2.33 |
|  CLOCK_WIZ_INST/inst/clk_out1 | TREE_GENERATE_INST/SORTER/CELL_ARRAY_GEN[1].MIDDLE_CELLS.cell_inst_mid/r_symbol[7]_i_1_n_0   | sys_reset                                              |                3 |              7 |         2.33 |
|  CLOCK_WIZ_INST/inst/clk_out1 | TREE_GENERATE_INST/SORTER/CELL_ARRAY_GEN[251].MIDDLE_CELLS.cell_inst_mid/r_symbol[7]_i_1_n_0 | sys_reset                                              |                1 |              7 |         7.00 |
|  CLOCK_WIZ_INST/inst/clk_out1 | TREE_GENERATE_INST/SORTER/CELL_ARRAY_GEN[128].MIDDLE_CELLS.cell_inst_mid/r_symbol[6]_i_1_n_0 | sys_reset                                              |                3 |              7 |         2.33 |
|  CLOCK_WIZ_INST/inst/clk_out1 | TREE_GENERATE_INST/SORTER/CELL_ARRAY_GEN[127].MIDDLE_CELLS.cell_inst_mid/r_symbol[6]_i_1_n_0 | sys_reset                                              |                2 |              7 |         3.50 |
|  CLOCK_WIZ_INST/inst/clk_out1 | TREE_GENERATE_INST/SORTER/CELL_ARRAY_GEN[239].MIDDLE_CELLS.cell_inst_mid/r_symbol[7]_i_1_n_0 | sys_reset                                              |                2 |              7 |         3.50 |
|  CLOCK_WIZ_INST/inst/clk_out1 | TREE_GENERATE_INST/SORTER/CELL_ARRAY_GEN[16].MIDDLE_CELLS.cell_inst_mid/r_symbol[7]_i_1_n_0  | sys_reset                                              |                2 |              7 |         3.50 |
|  CLOCK_WIZ_INST/inst/clk_out1 | TREE_GENERATE_INST/SORTER/CELL_ARRAY_GEN[4].MIDDLE_CELLS.cell_inst_mid/r_symbol[7]_i_1_n_0   | sys_reset                                              |                3 |              7 |         2.33 |
|  CLOCK_WIZ_INST/inst/clk_out1 | TREE_GENERATE_INST/SORTER/CELL_ARRAY_GEN[8].MIDDLE_CELLS.cell_inst_mid/r_symbol[7]_i_1_n_0   | sys_reset                                              |                1 |              7 |         7.00 |
|  CLOCK_WIZ_INST/inst/clk_out1 | TREE_GENERATE_INST/SORTER/CELL_ARRAY_GEN[32].MIDDLE_CELLS.cell_inst_mid/r_symbol[7]_i_1_n_0  | sys_reset                                              |                3 |              7 |         2.33 |
|  CLOCK_WIZ_INST/inst/clk_out1 | TREE_GENERATE_INST/SORTER/CELL_ARRAY_GEN[64].MIDDLE_CELLS.cell_inst_mid/r_symbol[7]_i_1_n_0  | sys_reset                                              |                2 |              7 |         3.50 |
|  CLOCK_WIZ_INST/inst/clk_out1 | TREE_GENERATE_INST/SORTER/CELL_ARRAY_GEN[2].MIDDLE_CELLS.cell_inst_mid/r_symbol[7]_i_1_n_0   | sys_reset                                              |                2 |              7 |         3.50 |
|  CLOCK_WIZ_INST/inst/clk_out1 | TREE_GENERATE_INST/SORTER/CELL_ARRAY_GEN[223].MIDDLE_CELLS.cell_inst_mid/r_symbol[7]_i_1_n_0 | sys_reset                                              |                3 |              7 |         2.33 |
|  CLOCK_WIZ_INST/inst/clk_out1 | TREE_GENERATE_INST/SORTER/CELL_ARRAY_GEN[191].MIDDLE_CELLS.cell_inst_mid/r_symbol[7]_i_1_n_0 | sys_reset                                              |                3 |              7 |         2.33 |
|  CLOCK_WIZ_INST/inst/clk_out1 | TREE_GENERATE_INST/SORTER/CELL_ARRAY_GEN[247].MIDDLE_CELLS.cell_inst_mid/r_symbol[7]_i_1_n_0 | sys_reset                                              |                2 |              7 |         3.50 |
|  CLOCK_WIZ_INST/inst/clk_out1 | HISTOGRAM_GENERATE_INST/hist_mem[237][7]_i_1_n_0                                             | sys_reset                                              |                2 |              8 |         4.00 |
|  CLOCK_WIZ_INST/inst/clk_out1 | HISTOGRAM_GENERATE_INST/hist_mem[246][7]_i_1_n_0                                             | sys_reset                                              |                5 |              8 |         1.60 |
|  CLOCK_WIZ_INST/inst/clk_out1 | HISTOGRAM_GENERATE_INST/hist_mem[241][7]_i_1_n_0                                             | sys_reset                                              |                2 |              8 |         4.00 |
|  CLOCK_WIZ_INST/inst/clk_out1 | HISTOGRAM_GENERATE_INST/hist_mem[244][7]_i_1_n_0                                             | sys_reset                                              |                4 |              8 |         2.00 |
|  CLOCK_WIZ_INST/inst/clk_out1 | HISTOGRAM_GENERATE_INST/hist_mem[245][7]_i_1_n_0                                             | sys_reset                                              |                4 |              8 |         2.00 |
|  CLOCK_WIZ_INST/inst/clk_out1 | HISTOGRAM_GENERATE_INST/hist_mem[242][7]_i_1_n_0                                             | sys_reset                                              |                3 |              8 |         2.67 |
|  CLOCK_WIZ_INST/inst/clk_out1 | HISTOGRAM_GENERATE_INST/hist_mem[243][7]_i_1_n_0                                             | sys_reset                                              |                5 |              8 |         1.60 |
|  CLOCK_WIZ_INST/inst/clk_out1 | HISTOGRAM_GENERATE_INST/hist_mem[250][7]_i_1_n_0                                             | sys_reset                                              |                4 |              8 |         2.00 |
|  CLOCK_WIZ_INST/inst/clk_out1 | HISTOGRAM_GENERATE_INST/hist_mem[247][7]_i_1_n_0                                             | sys_reset                                              |                3 |              8 |         2.67 |
|  CLOCK_WIZ_INST/inst/clk_out1 | HISTOGRAM_GENERATE_INST/hist_mem[249][7]_i_1_n_0                                             | sys_reset                                              |                4 |              8 |         2.00 |
|  CLOCK_WIZ_INST/inst/clk_out1 | HISTOGRAM_GENERATE_INST/hist_mem[248][7]_i_1_n_0                                             | sys_reset                                              |                2 |              8 |         4.00 |
|  CLOCK_WIZ_INST/inst/clk_out1 | HISTOGRAM_GENERATE_INST/hist_mem[24][7]_i_1_n_0                                              | sys_reset                                              |                2 |              8 |         4.00 |
|  CLOCK_WIZ_INST/inst/clk_out1 | HISTOGRAM_GENERATE_INST/hist_mem[25][7]_i_1_n_0                                              | sys_reset                                              |                5 |              8 |         1.60 |
|  CLOCK_WIZ_INST/inst/clk_out1 | HISTOGRAM_GENERATE_INST/hist_mem[253][7]_i_1_n_0                                             | sys_reset                                              |                2 |              8 |         4.00 |
|  CLOCK_WIZ_INST/inst/clk_out1 | HISTOGRAM_GENERATE_INST/hist_mem[26][7]_i_1_n_0                                              | sys_reset                                              |                1 |              8 |         8.00 |
|  CLOCK_WIZ_INST/inst/clk_out1 | HISTOGRAM_GENERATE_INST/hist_mem[254][7]_i_1_n_0                                             | sys_reset                                              |                3 |              8 |         2.67 |
|  CLOCK_WIZ_INST/inst/clk_out1 | HISTOGRAM_GENERATE_INST/hist_mem[255][7]_i_1_n_0                                             | sys_reset                                              |                3 |              8 |         2.67 |
|  CLOCK_WIZ_INST/inst/clk_out1 | HISTOGRAM_GENERATE_INST/hist_mem[27][7]_i_1_n_0                                              | sys_reset                                              |                2 |              8 |         4.00 |
|  CLOCK_WIZ_INST/inst/clk_out1 | HISTOGRAM_GENERATE_INST/hist_mem[252][7]_i_1_n_0                                             | sys_reset                                              |                5 |              8 |         1.60 |
|  CLOCK_WIZ_INST/inst/clk_out1 | HISTOGRAM_GENERATE_INST/hist_mem[2][7]_i_1_n_0                                               | sys_reset                                              |                3 |              8 |         2.67 |
|  CLOCK_WIZ_INST/inst/clk_out1 | HISTOGRAM_GENERATE_INST/hist_mem[28][7]_i_1_n_0                                              | sys_reset                                              |                5 |              8 |         1.60 |
|  CLOCK_WIZ_INST/inst/clk_out1 | HISTOGRAM_GENERATE_INST/hist_mem[32][7]_i_1_n_0                                              | sys_reset                                              |                2 |              8 |         4.00 |
|  CLOCK_WIZ_INST/inst/clk_out1 | HISTOGRAM_GENERATE_INST/hist_mem[31][7]_i_1_n_0                                              | sys_reset                                              |                2 |              8 |         4.00 |
|  CLOCK_WIZ_INST/inst/clk_out1 | HISTOGRAM_GENERATE_INST/hist_mem[29][7]_i_1_n_0                                              | sys_reset                                              |                2 |              8 |         4.00 |
|  CLOCK_WIZ_INST/inst/clk_out1 | HISTOGRAM_GENERATE_INST/hist_mem[30][7]_i_1_n_0                                              | sys_reset                                              |                2 |              8 |         4.00 |
|  CLOCK_WIZ_INST/inst/clk_out1 | HISTOGRAM_GENERATE_INST/hist_mem[37][7]_i_1_n_0                                              | sys_reset                                              |                4 |              8 |         2.00 |
|  CLOCK_WIZ_INST/inst/clk_out1 | HISTOGRAM_GENERATE_INST/hist_mem[34][7]_i_1_n_0                                              | sys_reset                                              |                4 |              8 |         2.00 |
|  CLOCK_WIZ_INST/inst/clk_out1 | HISTOGRAM_GENERATE_INST/hist_mem[33][7]_i_1_n_0                                              | sys_reset                                              |                6 |              8 |         1.33 |
|  CLOCK_WIZ_INST/inst/clk_out1 | HISTOGRAM_GENERATE_INST/hist_mem[36][7]_i_1_n_0                                              | sys_reset                                              |                6 |              8 |         1.33 |
|  CLOCK_WIZ_INST/inst/clk_out1 | HISTOGRAM_GENERATE_INST/hist_mem[35][7]_i_1_n_0                                              | sys_reset                                              |                5 |              8 |         1.60 |
|  CLOCK_WIZ_INST/inst/clk_out1 | HISTOGRAM_GENERATE_INST/hist_mem[42][7]_i_1_n_0                                              | sys_reset                                              |                3 |              8 |         2.67 |
|  CLOCK_WIZ_INST/inst/clk_out1 | HISTOGRAM_GENERATE_INST/hist_mem[3][7]_i_1_n_0                                               | sys_reset                                              |                3 |              8 |         2.67 |
|  CLOCK_WIZ_INST/inst/clk_out1 | HISTOGRAM_GENERATE_INST/hist_mem[38][7]_i_1_n_0                                              | sys_reset                                              |                5 |              8 |         1.60 |
|  CLOCK_WIZ_INST/inst/clk_out1 | HISTOGRAM_GENERATE_INST/hist_mem[39][7]_i_1_n_0                                              | sys_reset                                              |                2 |              8 |         4.00 |
|  CLOCK_WIZ_INST/inst/clk_out1 | HISTOGRAM_GENERATE_INST/hist_mem[40][7]_i_1_n_0                                              | sys_reset                                              |                5 |              8 |         1.60 |
|  CLOCK_WIZ_INST/inst/clk_out1 | HISTOGRAM_GENERATE_INST/hist_mem[41][7]_i_1_n_0                                              | sys_reset                                              |                4 |              8 |         2.00 |
|  CLOCK_WIZ_INST/inst/clk_out1 | HISTOGRAM_GENERATE_INST/hist_mem[44][7]_i_1_n_0                                              | sys_reset                                              |                2 |              8 |         4.00 |
|  CLOCK_WIZ_INST/inst/clk_out1 | HISTOGRAM_GENERATE_INST/hist_mem[46][7]_i_1_n_0                                              | sys_reset                                              |                3 |              8 |         2.67 |
|  CLOCK_WIZ_INST/inst/clk_out1 | HISTOGRAM_GENERATE_INST/hist_mem[48][7]_i_1_n_0                                              | sys_reset                                              |                5 |              8 |         1.60 |
|  CLOCK_WIZ_INST/inst/clk_out1 | HISTOGRAM_GENERATE_INST/hist_mem[47][7]_i_1_n_0                                              | sys_reset                                              |                5 |              8 |         1.60 |
|  CLOCK_WIZ_INST/inst/clk_out1 | HISTOGRAM_GENERATE_INST/hist_mem[43][7]_i_1_n_0                                              | sys_reset                                              |                2 |              8 |         4.00 |
|  CLOCK_WIZ_INST/inst/clk_out1 | HISTOGRAM_GENERATE_INST/hist_mem[49][7]_i_1_n_0                                              | sys_reset                                              |                3 |              8 |         2.67 |
|  CLOCK_WIZ_INST/inst/clk_out1 | HISTOGRAM_GENERATE_INST/hist_mem[45][7]_i_1_n_0                                              | sys_reset                                              |                2 |              8 |         4.00 |
|  CLOCK_WIZ_INST/inst/clk_out1 | HISTOGRAM_GENERATE_INST/hist_mem[50][7]_i_1_n_0                                              | sys_reset                                              |                2 |              8 |         4.00 |
|  CLOCK_WIZ_INST/inst/clk_out1 | HISTOGRAM_GENERATE_INST/hist_mem[51][7]_i_1_n_0                                              | sys_reset                                              |                2 |              8 |         4.00 |
|  CLOCK_WIZ_INST/inst/clk_out1 | HISTOGRAM_GENERATE_INST/hist_mem[52][7]_i_1_n_0                                              | sys_reset                                              |                4 |              8 |         2.00 |
|  CLOCK_WIZ_INST/inst/clk_out1 | HISTOGRAM_GENERATE_INST/hist_mem[53][7]_i_1_n_0                                              | sys_reset                                              |                2 |              8 |         4.00 |
|  CLOCK_WIZ_INST/inst/clk_out1 | HISTOGRAM_GENERATE_INST/hist_mem[54][7]_i_1_n_0                                              | sys_reset                                              |                2 |              8 |         4.00 |
|  CLOCK_WIZ_INST/inst/clk_out1 | HISTOGRAM_GENERATE_INST/hist_mem[4][7]_i_1_n_0                                               | sys_reset                                              |                4 |              8 |         2.00 |
|  CLOCK_WIZ_INST/inst/clk_out1 | HISTOGRAM_GENERATE_INST/hist_mem[5][7]_i_1_n_0                                               | sys_reset                                              |                3 |              8 |         2.67 |
|  CLOCK_WIZ_INST/inst/clk_out1 | HISTOGRAM_GENERATE_INST/hist_mem[55][7]_i_1_n_0                                              | sys_reset                                              |                1 |              8 |         8.00 |
|  CLOCK_WIZ_INST/inst/clk_out1 | HISTOGRAM_GENERATE_INST/hist_mem[59][7]_i_1_n_0                                              | sys_reset                                              |                2 |              8 |         4.00 |
|  CLOCK_WIZ_INST/inst/clk_out1 | HISTOGRAM_GENERATE_INST/hist_mem[57][7]_i_1_n_0                                              | sys_reset                                              |                1 |              8 |         8.00 |
|  CLOCK_WIZ_INST/inst/clk_out1 | HISTOGRAM_GENERATE_INST/hist_mem[58][7]_i_1_n_0                                              | sys_reset                                              |                3 |              8 |         2.67 |
|  CLOCK_WIZ_INST/inst/clk_out1 | HISTOGRAM_GENERATE_INST/hist_mem[56][7]_i_1_n_0                                              | sys_reset                                              |                2 |              8 |         4.00 |
|  CLOCK_WIZ_INST/inst/clk_out1 | HISTOGRAM_GENERATE_INST/hist_mem[64][7]_i_1_n_0                                              | sys_reset                                              |                2 |              8 |         4.00 |
|  CLOCK_WIZ_INST/inst/clk_out1 | HISTOGRAM_GENERATE_INST/hist_mem[62][7]_i_1_n_0                                              | sys_reset                                              |                2 |              8 |         4.00 |
|  CLOCK_WIZ_INST/inst/clk_out1 | HISTOGRAM_GENERATE_INST/hist_mem[63][7]_i_1_n_0                                              | sys_reset                                              |                2 |              8 |         4.00 |
|  CLOCK_WIZ_INST/inst/clk_out1 | HISTOGRAM_GENERATE_INST/hist_mem[60][7]_i_1_n_0                                              | sys_reset                                              |                1 |              8 |         8.00 |
|  CLOCK_WIZ_INST/inst/clk_out1 | HISTOGRAM_GENERATE_INST/hist_mem[61][7]_i_1_n_0                                              | sys_reset                                              |                2 |              8 |         4.00 |
|  CLOCK_WIZ_INST/inst/clk_out1 | HISTOGRAM_GENERATE_INST/hist_mem[66][7]_i_1_n_0                                              | sys_reset                                              |                5 |              8 |         1.60 |
|  CLOCK_WIZ_INST/inst/clk_out1 | HISTOGRAM_GENERATE_INST/hist_mem[69][7]_i_1_n_0                                              | sys_reset                                              |                2 |              8 |         4.00 |
|  CLOCK_WIZ_INST/inst/clk_out1 | HISTOGRAM_GENERATE_INST/hist_mem[68][7]_i_1_n_0                                              | sys_reset                                              |                3 |              8 |         2.67 |
|  CLOCK_WIZ_INST/inst/clk_out1 | HISTOGRAM_GENERATE_INST/hist_mem[65][7]_i_1_n_0                                              | sys_reset                                              |                3 |              8 |         2.67 |
|  CLOCK_WIZ_INST/inst/clk_out1 | HISTOGRAM_GENERATE_INST/hist_mem[6][7]_i_1_n_0                                               | sys_reset                                              |                3 |              8 |         2.67 |
|  CLOCK_WIZ_INST/inst/clk_out1 | HISTOGRAM_GENERATE_INST/hist_mem[67][7]_i_1_n_0                                              | sys_reset                                              |                2 |              8 |         4.00 |
|  CLOCK_WIZ_INST/inst/clk_out1 | HISTOGRAM_GENERATE_INST/hist_mem[73][7]_i_1_n_0                                              | sys_reset                                              |                1 |              8 |         8.00 |
|  CLOCK_WIZ_INST/inst/clk_out1 | HISTOGRAM_GENERATE_INST/hist_mem[74][7]_i_1_n_0                                              | sys_reset                                              |                4 |              8 |         2.00 |
|  CLOCK_WIZ_INST/inst/clk_out1 | HISTOGRAM_GENERATE_INST/hist_mem[71][7]_i_1_n_0                                              | sys_reset                                              |                1 |              8 |         8.00 |
|  CLOCK_WIZ_INST/inst/clk_out1 | HISTOGRAM_GENERATE_INST/hist_mem[75][7]_i_1_n_0                                              | sys_reset                                              |                2 |              8 |         4.00 |
|  CLOCK_WIZ_INST/inst/clk_out1 | HISTOGRAM_GENERATE_INST/hist_mem[72][7]_i_1_n_0                                              | sys_reset                                              |                4 |              8 |         2.00 |
|  CLOCK_WIZ_INST/inst/clk_out1 | HISTOGRAM_GENERATE_INST/hist_mem[70][7]_i_1_n_0                                              | sys_reset                                              |                4 |              8 |         2.00 |
|  CLOCK_WIZ_INST/inst/clk_out1 | HISTOGRAM_GENERATE_INST/hist_mem[77][7]_i_1_n_0                                              | sys_reset                                              |                2 |              8 |         4.00 |
|  CLOCK_WIZ_INST/inst/clk_out1 | HISTOGRAM_GENERATE_INST/hist_mem[78][7]_i_1_n_0                                              | sys_reset                                              |                2 |              8 |         4.00 |
|  CLOCK_WIZ_INST/inst/clk_out1 | HISTOGRAM_GENERATE_INST/hist_mem[135][7]_i_1_n_0                                             | sys_reset                                              |                5 |              8 |         1.60 |
|  CLOCK_WIZ_INST/inst/clk_out1 | HISTOGRAM_GENERATE_INST/hist_mem[76][7]_i_1_n_0                                              | sys_reset                                              |                2 |              8 |         4.00 |
|  CLOCK_WIZ_INST/inst/clk_out1 | HISTOGRAM_GENERATE_INST/hist_mem[80][7]_i_1_n_0                                              | sys_reset                                              |                3 |              8 |         2.67 |
|  CLOCK_WIZ_INST/inst/clk_out1 | HISTOGRAM_GENERATE_INST/hist_mem[7][7]_i_1_n_0                                               | sys_reset                                              |                3 |              8 |         2.67 |
|  CLOCK_WIZ_INST/inst/clk_out1 | HISTOGRAM_GENERATE_INST/hist_mem[82][7]_i_1_n_0                                              | sys_reset                                              |                3 |              8 |         2.67 |
|  CLOCK_WIZ_INST/inst/clk_out1 | HISTOGRAM_GENERATE_INST/hist_mem[84][7]_i_1_n_0                                              | sys_reset                                              |                2 |              8 |         4.00 |
|  CLOCK_WIZ_INST/inst/clk_out1 | HISTOGRAM_GENERATE_INST/hist_mem[86][7]_i_1_n_0                                              | sys_reset                                              |                2 |              8 |         4.00 |
|  CLOCK_WIZ_INST/inst/clk_out1 | TREE_GENERATE_INST/root_id[7]_i_1_n_0                                                        |                                                        |                3 |              8 |         2.67 |
|  CLOCK_WIZ_INST/inst/clk_out1 | HISTOGRAM_GENERATE_INST/hist_mem[83][7]_i_1_n_0                                              | sys_reset                                              |                2 |              8 |         4.00 |
|  CLOCK_WIZ_INST/inst/clk_out1 | HISTOGRAM_GENERATE_INST/hist_mem[85][7]_i_1_n_0                                              | sys_reset                                              |                2 |              8 |         4.00 |
|  CLOCK_WIZ_INST/inst/clk_out1 | HISTOGRAM_GENERATE_INST/hist_mem[87][7]_i_1_n_0                                              | sys_reset                                              |                1 |              8 |         8.00 |
|  CLOCK_WIZ_INST/inst/clk_out1 | HISTOGRAM_GENERATE_INST/hist_mem[88][7]_i_1_n_0                                              | sys_reset                                              |                6 |              8 |         1.33 |
|  CLOCK_WIZ_INST/inst/clk_out1 | HISTOGRAM_GENERATE_INST/hist_mem[94][7]_i_1_n_0                                              | sys_reset                                              |                1 |              8 |         8.00 |
|  CLOCK_WIZ_INST/inst/clk_out1 | HISTOGRAM_GENERATE_INST/hist_mem[97][7]_i_1_n_0                                              | sys_reset                                              |                2 |              8 |         4.00 |
|  CLOCK_WIZ_INST/inst/clk_out1 | HISTOGRAM_GENERATE_INST/hist_mem[95][7]_i_1_n_0                                              | sys_reset                                              |                4 |              8 |         2.00 |
|  CLOCK_WIZ_INST/inst/clk_out1 | HISTOGRAM_GENERATE_INST/hist_mem[99][7]_i_1_n_0                                              | sys_reset                                              |                2 |              8 |         4.00 |
|  CLOCK_WIZ_INST/inst/clk_out1 | HISTOGRAM_GENERATE_INST/hist_mem[98][7]_i_1_n_0                                              | sys_reset                                              |                3 |              8 |         2.67 |
|  CLOCK_WIZ_INST/inst/clk_out1 | HISTOGRAM_GENERATE_INST/hist_mem[96][7]_i_1_n_0                                              | sys_reset                                              |                4 |              8 |         2.00 |
|  CLOCK_WIZ_INST/inst/clk_out1 | HISTOGRAM_GENERATE_INST/hist_mem[9][7]_i_1_n_0                                               | sys_reset                                              |                3 |              8 |         2.67 |
|  CLOCK_WIZ_INST/inst/clk_out1 | HISTOGRAM_GENERATE_INST/hist_mem[197][7]_i_1_n_0                                             | sys_reset                                              |                3 |              8 |         2.67 |
|  CLOCK_WIZ_INST/inst/clk_out1 | TREE_GENERATE_INST/SORTER/CELL_ARRAY_GEN[240].MIDDLE_CELLS.cell_inst_mid/r_symbol[7]_i_1_n_0 | sys_reset                                              |                3 |              8 |         2.67 |
|  CLOCK_WIZ_INST/inst/clk_out1 | CANONICAL_CODE_GENERATE_INST/main_cnt0                                                       | CANONICAL_CODE_GENERATE_INST/main_cnt[8]_i_1_n_0       |                4 |              8 |         2.00 |
|  CLOCK_WIZ_INST/inst/clk_out1 | TREE_GENERATE_INST/SORTER/CELL_ARRAY_GEN[30].MIDDLE_CELLS.cell_inst_mid/r_symbol[7]_i_1_n_0  | sys_reset                                              |                3 |              8 |         2.67 |
|  CLOCK_WIZ_INST/inst/clk_out1 | sym_counter[7]_i_1_n_0                                                                       | sys_reset                                              |                2 |              8 |         4.00 |
|  CLOCK_WIZ_INST/inst/clk_out1 | UART_TX_INST/tx_data_tmp                                                                     | UART_TX_INST/tx_data_cnt[2]_i_1_n_0                    |                2 |              8 |         4.00 |
|  CLOCK_WIZ_INST/inst/clk_out1 | HISTOGRAM_GENERATE_INST/addr_cnt[7]_i_2_n_0                                                  | HISTOGRAM_GENERATE_INST/addr_cnt[7]_i_1_n_0            |                3 |              8 |         2.67 |
|  CLOCK_WIZ_INST/inst/clk_out1 | TREE_GENERATE_INST/SORTER/CELL_ARRAY_GEN[120].MIDDLE_CELLS.cell_inst_mid/r_symbol[7]_i_1_n_0 | sys_reset                                              |                2 |              8 |         4.00 |
|  CLOCK_WIZ_INST/inst/clk_out1 | HISTOGRAM_GENERATE_INST/hist_mem[0][7]_i_1_n_0                                               | sys_reset                                              |                2 |              8 |         4.00 |
|  CLOCK_WIZ_INST/inst/clk_out1 | HISTOGRAM_GENERATE_INST/hist_mem[100][7]_i_1_n_0                                             | sys_reset                                              |                4 |              8 |         2.00 |
|  CLOCK_WIZ_INST/inst/clk_out1 | TREE_GENERATE_INST/SORTER/CELL_ARRAY_GEN[116].MIDDLE_CELLS.cell_inst_mid/r_symbol[7]_i_1_n_0 | sys_reset                                              |                2 |              8 |         4.00 |
|  CLOCK_WIZ_INST/inst/clk_out1 | LENGTH_GENERATE_INST/sp[7]_i_1_n_0                                                           | LENGTH_GENERATE_INST/fifo_rd                           |                3 |              8 |         2.67 |
|  CLOCK_WIZ_INST/inst/clk_out1 | HISTOGRAM_GENERATE_INST/hist_mem[104][7]_i_1_n_0                                             | sys_reset                                              |                5 |              8 |         1.60 |
|  CLOCK_WIZ_INST/inst/clk_out1 | TREE_GENERATE_INST/SORTER/CELL_ARRAY_GEN[114].MIDDLE_CELLS.cell_inst_mid/r_symbol[7]_i_1_n_0 | sys_reset                                              |                1 |              8 |         8.00 |
|  CLOCK_WIZ_INST/inst/clk_out1 | TREE_GENERATE_INST/SORTER/CELL_ARRAY_GEN[113].MIDDLE_CELLS.cell_inst_mid/r_symbol[7]_i_1_n_0 | sys_reset                                              |                2 |              8 |         4.00 |
|  CLOCK_WIZ_INST/inst/clk_out1 | HISTOGRAM_GENERATE_INST/hist_mem[105][7]_i_1_n_0                                             | sys_reset                                              |                3 |              8 |         2.67 |
|  CLOCK_WIZ_INST/inst/clk_out1 | LENGTH_GENERATE_INST/tree_addr[7]_i_1_n_0                                                    | sys_reset                                              |                4 |              8 |         2.00 |
|  CLOCK_WIZ_INST/inst/clk_out1 | HISTOGRAM_GENERATE_INST/hist_mem[101][7]_i_1_n_0                                             | sys_reset                                              |                1 |              8 |         8.00 |
|  CLOCK_WIZ_INST/inst/clk_out1 | HISTOGRAM_GENERATE_INST/hist_mem[102][7]_i_1_n_0                                             | sys_reset                                              |                6 |              8 |         1.33 |
|  CLOCK_WIZ_INST/inst/clk_out1 | TEXT_FILE_INST/rom_data_out_reg_1_i_1_n_0                                                    | sys_reset                                              |                7 |              8 |         1.14 |
|  CLOCK_WIZ_INST/inst/clk_out1 | HISTOGRAM_GENERATE_INST/hist_mem[103][7]_i_1_n_0                                             | sys_reset                                              |                3 |              8 |         2.67 |
|  CLOCK_WIZ_INST/inst/clk_out1 | HISTOGRAM_GENERATE_INST/hist_mem[106][7]_i_1_n_0                                             | sys_reset                                              |                2 |              8 |         4.00 |
|  CLOCK_WIZ_INST/inst/clk_out1 | HISTOGRAM_GENERATE_INST/hist_mem[110][7]_i_1_n_0                                             | sys_reset                                              |                1 |              8 |         8.00 |
|  CLOCK_WIZ_INST/inst/clk_out1 | HISTOGRAM_GENERATE_INST/hist_mem[109][7]_i_1_n_0                                             | sys_reset                                              |                1 |              8 |         8.00 |
|  CLOCK_WIZ_INST/inst/clk_out1 | TREE_GENERATE_INST/SORTER/CELL_ARRAY_GEN[0].FIRST_CELL.cell_inst_0/r_symbol[7]_i_1_n_0       | sys_reset                                              |                2 |              8 |         4.00 |
|  CLOCK_WIZ_INST/inst/clk_out1 | HISTOGRAM_GENERATE_INST/hist_mem[111][7]_i_1_n_0                                             | sys_reset                                              |                5 |              8 |         1.60 |
|  CLOCK_WIZ_INST/inst/clk_out1 | TREE_GENERATE_INST/SORTER/CELL_ARRAY_GEN[108].MIDDLE_CELLS.cell_inst_mid/r_symbol[7]_i_1_n_0 | sys_reset                                              |                1 |              8 |         8.00 |
|  CLOCK_WIZ_INST/inst/clk_out1 | HISTOGRAM_GENERATE_INST/hist_mem[10][7]_i_1_n_0                                              | sys_reset                                              |                2 |              8 |         4.00 |
|  CLOCK_WIZ_INST/inst/clk_out1 | HISTOGRAM_GENERATE_INST/hist_mem[108][7]_i_1_n_0                                             | sys_reset                                              |                1 |              8 |         8.00 |
|  CLOCK_WIZ_INST/inst/clk_out1 | HISTOGRAM_GENERATE_INST/hist_mem[107][7]_i_1_n_0                                             | sys_reset                                              |                1 |              8 |         8.00 |
|  CLOCK_WIZ_INST/inst/clk_out1 | TREE_GENERATE_INST/SORTER/CELL_ARRAY_GEN[135].MIDDLE_CELLS.cell_inst_mid/r_symbol[7]_i_1_n_0 | sys_reset                                              |                1 |              8 |         8.00 |
|  CLOCK_WIZ_INST/inst/clk_out1 | HISTOGRAM_GENERATE_INST/hist_mem[113][7]_i_1_n_0                                             | sys_reset                                              |                2 |              8 |         4.00 |
|  CLOCK_WIZ_INST/inst/clk_out1 | HISTOGRAM_GENERATE_INST/hist_mem[114][7]_i_1_n_0                                             | sys_reset                                              |                4 |              8 |         2.00 |
|  CLOCK_WIZ_INST/inst/clk_out1 | HISTOGRAM_GENERATE_INST/hist_mem[117][7]_i_1_n_0                                             | sys_reset                                              |                3 |              8 |         2.67 |
|  CLOCK_WIZ_INST/inst/clk_out1 | TREE_GENERATE_INST/SORTER/CELL_ARRAY_GEN[106].MIDDLE_CELLS.cell_inst_mid/r_symbol[7]_i_1_n_0 | sys_reset                                              |                1 |              8 |         8.00 |
|  CLOCK_WIZ_INST/inst/clk_out1 | HISTOGRAM_GENERATE_INST/hist_mem[116][7]_i_1_n_0                                             | sys_reset                                              |                1 |              8 |         8.00 |
|  CLOCK_WIZ_INST/inst/clk_out1 | TREE_GENERATE_INST/SORTER/CELL_ARRAY_GEN[105].MIDDLE_CELLS.cell_inst_mid/r_symbol[7]_i_1_n_0 | sys_reset                                              |                2 |              8 |         4.00 |
|  CLOCK_WIZ_INST/inst/clk_out1 | HISTOGRAM_GENERATE_INST/hist_mem[115][7]_i_1_n_0                                             | sys_reset                                              |                5 |              8 |         1.60 |
|  CLOCK_WIZ_INST/inst/clk_out1 | TREE_GENERATE_INST/SORTER/CELL_ARRAY_GEN[139].MIDDLE_CELLS.cell_inst_mid/r_symbol[7]_i_1_n_0 | sys_reset                                              |                3 |              8 |         2.67 |
|  CLOCK_WIZ_INST/inst/clk_out1 | HISTOGRAM_GENERATE_INST/hist_mem[112][7]_i_1_n_0                                             | sys_reset                                              |                3 |              8 |         2.67 |
|  CLOCK_WIZ_INST/inst/clk_out1 | HISTOGRAM_GENERATE_INST/hist_mem[122][7]_i_1_n_0                                             | sys_reset                                              |                2 |              8 |         4.00 |
|  CLOCK_WIZ_INST/inst/clk_out1 | TREE_GENERATE_INST/SORTER/CELL_ARRAY_GEN[102].MIDDLE_CELLS.cell_inst_mid/r_symbol[7]_i_1_n_0 | sys_reset                                              |                3 |              8 |         2.67 |
|  CLOCK_WIZ_INST/inst/clk_out1 | TREE_GENERATE_INST/SORTER/CELL_ARRAY_GEN[141].MIDDLE_CELLS.cell_inst_mid/r_symbol[7]_i_1_n_0 | sys_reset                                              |                2 |              8 |         4.00 |
|  CLOCK_WIZ_INST/inst/clk_out1 | TREE_GENERATE_INST/SORTER/CELL_ARRAY_GEN[142].MIDDLE_CELLS.cell_inst_mid/r_symbol[7]_i_1_n_0 | sys_reset                                              |                1 |              8 |         8.00 |
|  CLOCK_WIZ_INST/inst/clk_out1 | TREE_GENERATE_INST/SORTER/CELL_ARRAY_GEN[101].MIDDLE_CELLS.cell_inst_mid/r_symbol[7]_i_1_n_0 | sys_reset                                              |                2 |              8 |         4.00 |
|  CLOCK_WIZ_INST/inst/clk_out1 | HISTOGRAM_GENERATE_INST/hist_mem[121][7]_i_1_n_0                                             | sys_reset                                              |                1 |              8 |         8.00 |
|  CLOCK_WIZ_INST/inst/clk_out1 | HISTOGRAM_GENERATE_INST/hist_mem[79][7]_i_1_n_0                                              | sys_reset                                              |                1 |              8 |         8.00 |
|  CLOCK_WIZ_INST/inst/clk_out1 | TREE_GENERATE_INST/SORTER/CELL_ARRAY_GEN[15].MIDDLE_CELLS.cell_inst_mid/r_symbol[7]_i_1_n_0  | sys_reset                                              |                2 |              8 |         4.00 |
|  CLOCK_WIZ_INST/inst/clk_out1 | TREE_GENERATE_INST/SORTER/CELL_ARRAY_GEN[99].MIDDLE_CELLS.cell_inst_mid/r_symbol[7]_i_1_n_0  | sys_reset                                              |                2 |              8 |         4.00 |
|  CLOCK_WIZ_INST/inst/clk_out1 | HISTOGRAM_GENERATE_INST/hist_mem[123][7]_i_1_n_0                                             | sys_reset                                              |                5 |              8 |         1.60 |
|  CLOCK_WIZ_INST/inst/clk_out1 | HISTOGRAM_GENERATE_INST/hist_mem[11][7]_i_1_n_0                                              | sys_reset                                              |                3 |              8 |         2.67 |
|  CLOCK_WIZ_INST/inst/clk_out1 | HISTOGRAM_GENERATE_INST/hist_mem[120][7]_i_1_n_0                                             | sys_reset                                              |                3 |              8 |         2.67 |
|  CLOCK_WIZ_INST/inst/clk_out1 | HISTOGRAM_GENERATE_INST/hist_mem[118][7]_i_1_n_0                                             | sys_reset                                              |                2 |              8 |         4.00 |
|  CLOCK_WIZ_INST/inst/clk_out1 | HISTOGRAM_GENERATE_INST/hist_mem[119][7]_i_1_n_0                                             | sys_reset                                              |                2 |              8 |         4.00 |
|  CLOCK_WIZ_INST/inst/clk_out1 | TREE_GENERATE_INST/SORTER/CELL_ARRAY_GEN[147].MIDDLE_CELLS.cell_inst_mid/r_symbol[7]_i_1_n_0 | sys_reset                                              |                2 |              8 |         4.00 |
|  CLOCK_WIZ_INST/inst/clk_out1 | HISTOGRAM_GENERATE_INST/hist_mem[127][7]_i_1_n_0                                             | sys_reset                                              |                5 |              8 |         1.60 |
|  CLOCK_WIZ_INST/inst/clk_out1 | HISTOGRAM_GENERATE_INST/hist_mem[128][7]_i_1_n_0                                             | sys_reset                                              |                2 |              8 |         4.00 |
|  CLOCK_WIZ_INST/inst/clk_out1 | HISTOGRAM_GENERATE_INST/hist_mem[125][7]_i_1_n_0                                             | sys_reset                                              |                1 |              8 |         8.00 |
|  CLOCK_WIZ_INST/inst/clk_out1 | HISTOGRAM_GENERATE_INST/hist_mem[124][7]_i_1_n_0                                             | sys_reset                                              |                1 |              8 |         8.00 |
|  CLOCK_WIZ_INST/inst/clk_out1 | HISTOGRAM_GENERATE_INST/hist_mem[129][7]_i_1_n_0                                             | sys_reset                                              |                2 |              8 |         4.00 |
|  CLOCK_WIZ_INST/inst/clk_out1 | TREE_GENERATE_INST/SORTER/CELL_ARRAY_GEN[149].MIDDLE_CELLS.cell_inst_mid/r_symbol[7]_i_1_n_0 | sys_reset                                              |                1 |              8 |         8.00 |
|  CLOCK_WIZ_INST/inst/clk_out1 | HISTOGRAM_GENERATE_INST/hist_mem[126][7]_i_1_n_0                                             | sys_reset                                              |                4 |              8 |         2.00 |
|  CLOCK_WIZ_INST/inst/clk_out1 | TREE_GENERATE_INST/SORTER/CELL_ARRAY_GEN[150].MIDDLE_CELLS.cell_inst_mid/r_symbol[7]_i_1_n_0 | sys_reset                                              |                2 |              8 |         4.00 |
|  CLOCK_WIZ_INST/inst/clk_out1 | TREE_GENERATE_INST/SORTER/CELL_ARRAY_GEN[92].MIDDLE_CELLS.cell_inst_mid/r_symbol[7]_i_1_n_0  | sys_reset                                              |                2 |              8 |         4.00 |
|  CLOCK_WIZ_INST/inst/clk_out1 | HISTOGRAM_GENERATE_INST/hist_mem[12][7]_i_1_n_0                                              | sys_reset                                              |                2 |              8 |         4.00 |
|  CLOCK_WIZ_INST/inst/clk_out1 | TREE_GENERATE_INST/SORTER/CELL_ARRAY_GEN[90].MIDDLE_CELLS.cell_inst_mid/r_symbol[7]_i_1_n_0  | sys_reset                                              |                3 |              8 |         2.67 |
|  CLOCK_WIZ_INST/inst/clk_out1 | HISTOGRAM_GENERATE_INST/hist_mem[131][7]_i_1_n_0                                             | sys_reset                                              |                3 |              8 |         2.67 |
|  CLOCK_WIZ_INST/inst/clk_out1 | TREE_GENERATE_INST/SORTER/CELL_ARRAY_GEN[89].MIDDLE_CELLS.cell_inst_mid/r_symbol[7]_i_1_n_0  | sys_reset                                              |                1 |              8 |         8.00 |
|  CLOCK_WIZ_INST/inst/clk_out1 | TREE_GENERATE_INST/SORTER/CELL_ARRAY_GEN[153].MIDDLE_CELLS.cell_inst_mid/r_symbol[7]_i_1_n_0 | sys_reset                                              |                2 |              8 |         4.00 |
|  CLOCK_WIZ_INST/inst/clk_out1 | HISTOGRAM_GENERATE_INST/hist_mem[134][7]_i_1_n_0                                             | sys_reset                                              |                1 |              8 |         8.00 |
|  CLOCK_WIZ_INST/inst/clk_out1 | HISTOGRAM_GENERATE_INST/hist_mem[133][7]_i_1_n_0                                             | sys_reset                                              |                2 |              8 |         4.00 |
|  CLOCK_WIZ_INST/inst/clk_out1 | TREE_GENERATE_INST/SORTER/CELL_ARRAY_GEN[86].MIDDLE_CELLS.cell_inst_mid/r_symbol[7]_i_1_n_0  | sys_reset                                              |                2 |              8 |         4.00 |
|  CLOCK_WIZ_INST/inst/clk_out1 | TREE_GENERATE_INST/SORTER/CELL_ARRAY_GEN[154].MIDDLE_CELLS.cell_inst_mid/r_symbol[7]_i_1_n_0 | sys_reset                                              |                1 |              8 |         8.00 |
|  CLOCK_WIZ_INST/inst/clk_out1 | HISTOGRAM_GENERATE_INST/hist_mem[130][7]_i_1_n_0                                             | sys_reset                                              |                2 |              8 |         4.00 |
|  CLOCK_WIZ_INST/inst/clk_out1 | HISTOGRAM_GENERATE_INST/hist_mem[132][7]_i_1_n_0                                             | sys_reset                                              |                5 |              8 |         1.60 |
|  CLOCK_WIZ_INST/inst/clk_out1 | TREE_GENERATE_INST/SORTER/CELL_ARRAY_GEN[85].MIDDLE_CELLS.cell_inst_mid/r_symbol[7]_i_1_n_0  | sys_reset                                              |                3 |              8 |         2.67 |
|  CLOCK_WIZ_INST/inst/clk_out1 | TREE_GENERATE_INST/SORTER/CELL_ARRAY_GEN[156].MIDDLE_CELLS.cell_inst_mid/r_symbol[7]_i_1_n_0 | sys_reset                                              |                1 |              8 |         8.00 |
|  CLOCK_WIZ_INST/inst/clk_out1 | HISTOGRAM_GENERATE_INST/hist_mem[138][7]_i_1_n_0                                             | sys_reset                                              |                2 |              8 |         4.00 |
|  CLOCK_WIZ_INST/inst/clk_out1 | HISTOGRAM_GENERATE_INST/hist_mem[13][7]_i_1_n_0                                              | sys_reset                                              |                4 |              8 |         2.00 |
|  CLOCK_WIZ_INST/inst/clk_out1 | TREE_GENERATE_INST/SORTER/CELL_ARRAY_GEN[83].MIDDLE_CELLS.cell_inst_mid/r_symbol[7]_i_1_n_0  | sys_reset                                              |                2 |              8 |         4.00 |
|  CLOCK_WIZ_INST/inst/clk_out1 | HISTOGRAM_GENERATE_INST/hist_mem[139][7]_i_1_n_0                                             | sys_reset                                              |                3 |              8 |         2.67 |
|  CLOCK_WIZ_INST/inst/clk_out1 | HISTOGRAM_GENERATE_INST/hist_mem[136][7]_i_1_n_0                                             | sys_reset                                              |                3 |              8 |         2.67 |
|  CLOCK_WIZ_INST/inst/clk_out1 | HISTOGRAM_GENERATE_INST/hist_mem[137][7]_i_1_n_0                                             | sys_reset                                              |                2 |              8 |         4.00 |
|  CLOCK_WIZ_INST/inst/clk_out1 | HISTOGRAM_GENERATE_INST/hist_mem[145][7]_i_1_n_0                                             | sys_reset                                              |                1 |              8 |         8.00 |
|  CLOCK_WIZ_INST/inst/clk_out1 | HISTOGRAM_GENERATE_INST/hist_mem[140][7]_i_1_n_0                                             | sys_reset                                              |                2 |              8 |         4.00 |
|  CLOCK_WIZ_INST/inst/clk_out1 | HISTOGRAM_GENERATE_INST/hist_mem[144][7]_i_1_n_0                                             | sys_reset                                              |                3 |              8 |         2.67 |
|  CLOCK_WIZ_INST/inst/clk_out1 | HISTOGRAM_GENERATE_INST/hist_mem[141][7]_i_1_n_0                                             | sys_reset                                              |                8 |              8 |         1.00 |
|  CLOCK_WIZ_INST/inst/clk_out1 | HISTOGRAM_GENERATE_INST/hist_mem[143][7]_i_1_n_0                                             | sys_reset                                              |                2 |              8 |         4.00 |
|  CLOCK_WIZ_INST/inst/clk_out1 | HISTOGRAM_GENERATE_INST/hist_mem[142][7]_i_1_n_0                                             | sys_reset                                              |                4 |              8 |         2.00 |
|  CLOCK_WIZ_INST/inst/clk_out1 | HISTOGRAM_GENERATE_INST/hist_mem[148][7]_i_1_n_0                                             | sys_reset                                              |                2 |              8 |         4.00 |
|  CLOCK_WIZ_INST/inst/clk_out1 | TREE_GENERATE_INST/SORTER/CELL_ARRAY_GEN[163].MIDDLE_CELLS.cell_inst_mid/r_symbol[7]_i_1_n_0 | sys_reset                                              |                2 |              8 |         4.00 |
|  CLOCK_WIZ_INST/inst/clk_out1 | TREE_GENERATE_INST/SORTER/CELL_ARRAY_GEN[77].MIDDLE_CELLS.cell_inst_mid/r_symbol[7]_i_1_n_0  | sys_reset                                              |                2 |              8 |         4.00 |
|  CLOCK_WIZ_INST/inst/clk_out1 | HISTOGRAM_GENERATE_INST/hist_mem[14][7]_i_1_n_0                                              | sys_reset                                              |                3 |              8 |         2.67 |
|  CLOCK_WIZ_INST/inst/clk_out1 | HISTOGRAM_GENERATE_INST/hist_mem[146][7]_i_1_n_0                                             | sys_reset                                              |                1 |              8 |         8.00 |
|  CLOCK_WIZ_INST/inst/clk_out1 | TREE_GENERATE_INST/SORTER/CELL_ARRAY_GEN[165].MIDDLE_CELLS.cell_inst_mid/r_symbol[7]_i_1_n_0 | sys_reset                                              |                2 |              8 |         4.00 |
|  CLOCK_WIZ_INST/inst/clk_out1 | HISTOGRAM_GENERATE_INST/hist_mem[147][7]_i_1_n_0                                             | sys_reset                                              |                5 |              8 |         1.60 |
|  CLOCK_WIZ_INST/inst/clk_out1 | TREE_GENERATE_INST/SORTER/CELL_ARRAY_GEN[166].MIDDLE_CELLS.cell_inst_mid/r_symbol[7]_i_1_n_0 | sys_reset                                              |                1 |              8 |         8.00 |
|  CLOCK_WIZ_INST/inst/clk_out1 | TREE_GENERATE_INST/SORTER/CELL_ARRAY_GEN[75].MIDDLE_CELLS.cell_inst_mid/r_symbol[7]_i_1_n_0  | sys_reset                                              |                2 |              8 |         4.00 |
|  CLOCK_WIZ_INST/inst/clk_out1 | HISTOGRAM_GENERATE_INST/hist_mem[150][7]_i_1_n_0                                             | sys_reset                                              |                2 |              8 |         4.00 |
|  CLOCK_WIZ_INST/inst/clk_out1 | HISTOGRAM_GENERATE_INST/hist_mem[149][7]_i_1_n_0                                             | sys_reset                                              |                3 |              8 |         2.67 |
|  CLOCK_WIZ_INST/inst/clk_out1 | HISTOGRAM_GENERATE_INST/hist_mem[154][7]_i_1_n_0                                             | sys_reset                                              |                1 |              8 |         8.00 |
|  CLOCK_WIZ_INST/inst/clk_out1 | HISTOGRAM_GENERATE_INST/hist_mem[155][7]_i_1_n_0                                             | sys_reset                                              |                3 |              8 |         2.67 |
|  CLOCK_WIZ_INST/inst/clk_out1 | HISTOGRAM_GENERATE_INST/hist_mem[152][7]_i_1_n_0                                             | sys_reset                                              |                1 |              8 |         8.00 |
|  CLOCK_WIZ_INST/inst/clk_out1 | HISTOGRAM_GENERATE_INST/hist_mem[156][7]_i_1_n_0                                             | sys_reset                                              |                3 |              8 |         2.67 |
|  CLOCK_WIZ_INST/inst/clk_out1 | TREE_GENERATE_INST/SORTER/CELL_ARRAY_GEN[169].MIDDLE_CELLS.cell_inst_mid/r_symbol[7]_i_1_n_0 | sys_reset                                              |                2 |              8 |         4.00 |
|  CLOCK_WIZ_INST/inst/clk_out1 | TREE_GENERATE_INST/SORTER/CELL_ARRAY_GEN[71].MIDDLE_CELLS.cell_inst_mid/r_symbol[7]_i_1_n_0  | sys_reset                                              |                4 |              8 |         2.00 |
|  CLOCK_WIZ_INST/inst/clk_out1 | TREE_GENERATE_INST/SORTER/CELL_ARRAY_GEN[170].MIDDLE_CELLS.cell_inst_mid/r_symbol[7]_i_1_n_0 | sys_reset                                              |                2 |              8 |         4.00 |
|  CLOCK_WIZ_INST/inst/clk_out1 | TREE_GENERATE_INST/SORTER/CELL_ARRAY_GEN[78].MIDDLE_CELLS.cell_inst_mid/r_symbol[7]_i_1_n_0  | sys_reset                                              |                3 |              8 |         2.67 |
|  CLOCK_WIZ_INST/inst/clk_out1 | HISTOGRAM_GENERATE_INST/hist_mem[153][7]_i_1_n_0                                             | sys_reset                                              |                2 |              8 |         4.00 |
|  CLOCK_WIZ_INST/inst/clk_out1 | TREE_GENERATE_INST/SORTER/CELL_ARRAY_GEN[57].MIDDLE_CELLS.cell_inst_mid/r_symbol[7]_i_1_n_0  | sys_reset                                              |                1 |              8 |         8.00 |
|  CLOCK_WIZ_INST/inst/clk_out1 | TREE_GENERATE_INST/SORTER/CELL_ARRAY_GEN[172].MIDDLE_CELLS.cell_inst_mid/r_symbol[7]_i_1_n_0 | sys_reset                                              |                1 |              8 |         8.00 |
|  CLOCK_WIZ_INST/inst/clk_out1 | HISTOGRAM_GENERATE_INST/hist_mem[157][7]_i_1_n_0                                             | sys_reset                                              |                4 |              8 |         2.00 |
|  CLOCK_WIZ_INST/inst/clk_out1 | HISTOGRAM_GENERATE_INST/hist_mem[151][7]_i_1_n_0                                             | sys_reset                                              |                3 |              8 |         2.67 |
|  CLOCK_WIZ_INST/inst/clk_out1 | TREE_GENERATE_INST/SORTER/CELL_ARRAY_GEN[54].MIDDLE_CELLS.cell_inst_mid/r_symbol[7]_i_1_n_0  | sys_reset                                              |                3 |              8 |         2.67 |
|  CLOCK_WIZ_INST/inst/clk_out1 | TREE_GENERATE_INST/SORTER/CELL_ARRAY_GEN[23].MIDDLE_CELLS.cell_inst_mid/r_symbol[7]_i_1_n_0  | sys_reset                                              |                2 |              8 |         4.00 |
|  CLOCK_WIZ_INST/inst/clk_out1 | HISTOGRAM_GENERATE_INST/hist_mem[159][7]_i_1_n_0                                             | sys_reset                                              |                2 |              8 |         4.00 |
|  CLOCK_WIZ_INST/inst/clk_out1 | HISTOGRAM_GENERATE_INST/hist_mem[161][7]_i_1_n_0                                             | sys_reset                                              |                5 |              8 |         1.60 |
|  CLOCK_WIZ_INST/inst/clk_out1 | HISTOGRAM_GENERATE_INST/hist_mem[15][7]_i_1_n_0                                              | sys_reset                                              |                3 |              8 |         2.67 |
|  CLOCK_WIZ_INST/inst/clk_out1 | HISTOGRAM_GENERATE_INST/hist_mem[160][7]_i_1_n_0                                             | sys_reset                                              |                2 |              8 |         4.00 |
|  CLOCK_WIZ_INST/inst/clk_out1 | HISTOGRAM_GENERATE_INST/hist_mem[158][7]_i_1_n_0                                             | sys_reset                                              |                5 |              8 |         1.60 |
|  CLOCK_WIZ_INST/inst/clk_out1 | HISTOGRAM_GENERATE_INST/hist_mem[163][7]_i_1_n_0                                             | sys_reset                                              |                3 |              8 |         2.67 |
|  CLOCK_WIZ_INST/inst/clk_out1 | HISTOGRAM_GENERATE_INST/hist_mem[166][7]_i_1_n_0                                             | sys_reset                                              |                3 |              8 |         2.67 |
|  CLOCK_WIZ_INST/inst/clk_out1 | TREE_GENERATE_INST/SORTER/CELL_ARRAY_GEN[177].MIDDLE_CELLS.cell_inst_mid/r_symbol[7]_i_1_n_0 | sys_reset                                              |                2 |              8 |         4.00 |
|  CLOCK_WIZ_INST/inst/clk_out1 | TREE_GENERATE_INST/SORTER/CELL_ARRAY_GEN[178].MIDDLE_CELLS.cell_inst_mid/r_symbol[7]_i_1_n_0 | sys_reset                                              |                1 |              8 |         8.00 |
|  CLOCK_WIZ_INST/inst/clk_out1 | TREE_GENERATE_INST/SORTER/CELL_ARRAY_GEN[46].MIDDLE_CELLS.cell_inst_mid/r_symbol[7]_i_1_n_0  | sys_reset                                              |                1 |              8 |         8.00 |
|  CLOCK_WIZ_INST/inst/clk_out1 | HISTOGRAM_GENERATE_INST/hist_mem[162][7]_i_1_n_0                                             | sys_reset                                              |                1 |              8 |         8.00 |
|  CLOCK_WIZ_INST/inst/clk_out1 | HISTOGRAM_GENERATE_INST/hist_mem[164][7]_i_1_n_0                                             | sys_reset                                              |                1 |              8 |         8.00 |
|  CLOCK_WIZ_INST/inst/clk_out1 | HISTOGRAM_GENERATE_INST/hist_mem[167][7]_i_1_n_0                                             | sys_reset                                              |                1 |              8 |         8.00 |
|  CLOCK_WIZ_INST/inst/clk_out1 | TREE_GENERATE_INST/SORTER/CELL_ARRAY_GEN[45].MIDDLE_CELLS.cell_inst_mid/r_symbol[7]_i_1_n_0  | sys_reset                                              |                1 |              8 |         8.00 |
|  CLOCK_WIZ_INST/inst/clk_out1 | HISTOGRAM_GENERATE_INST/hist_mem[165][7]_i_1_n_0                                             | sys_reset                                              |                2 |              8 |         4.00 |
|  CLOCK_WIZ_INST/inst/clk_out1 | HISTOGRAM_GENERATE_INST/hist_mem[172][7]_i_1_n_0                                             | sys_reset                                              |                4 |              8 |         2.00 |
|  CLOCK_WIZ_INST/inst/clk_out1 | TREE_GENERATE_INST/SORTER/CELL_ARRAY_GEN[184].MIDDLE_CELLS.cell_inst_mid/r_symbol[7]_i_1_n_0 | sys_reset                                              |                1 |              8 |         8.00 |
|  CLOCK_WIZ_INST/inst/clk_out1 | HISTOGRAM_GENERATE_INST/hist_mem[168][7]_i_1_n_0                                             | sys_reset                                              |                1 |              8 |         8.00 |
|  CLOCK_WIZ_INST/inst/clk_out1 | TREE_GENERATE_INST/SORTER/CELL_ARRAY_GEN[43].MIDDLE_CELLS.cell_inst_mid/r_symbol[7]_i_1_n_0  | sys_reset                                              |                1 |              8 |         8.00 |
|  CLOCK_WIZ_INST/inst/clk_out1 | HISTOGRAM_GENERATE_INST/hist_mem[16][7]_i_1_n_0                                              | sys_reset                                              |                4 |              8 |         2.00 |
|  CLOCK_WIZ_INST/inst/clk_out1 | HISTOGRAM_GENERATE_INST/hist_mem[170][7]_i_1_n_0                                             | sys_reset                                              |                2 |              8 |         4.00 |
|  CLOCK_WIZ_INST/inst/clk_out1 | HISTOGRAM_GENERATE_INST/hist_mem[169][7]_i_1_n_0                                             | sys_reset                                              |                4 |              8 |         2.00 |
|  CLOCK_WIZ_INST/inst/clk_out1 | HISTOGRAM_GENERATE_INST/hist_mem[171][7]_i_1_n_0                                             | sys_reset                                              |                3 |              8 |         2.67 |
|  CLOCK_WIZ_INST/inst/clk_out1 | HISTOGRAM_GENERATE_INST/hist_mem[177][7]_i_1_n_0                                             | sys_reset                                              |                1 |              8 |         8.00 |
|  CLOCK_WIZ_INST/inst/clk_out1 | HISTOGRAM_GENERATE_INST/hist_mem[173][7]_i_1_n_0                                             | sys_reset                                              |                5 |              8 |         1.60 |
|  CLOCK_WIZ_INST/inst/clk_out1 | HISTOGRAM_GENERATE_INST/hist_mem[174][7]_i_1_n_0                                             | sys_reset                                              |                5 |              8 |         1.60 |
|  CLOCK_WIZ_INST/inst/clk_out1 | HISTOGRAM_GENERATE_INST/hist_mem[176][7]_i_1_n_0                                             | sys_reset                                              |                1 |              8 |         8.00 |
|  CLOCK_WIZ_INST/inst/clk_out1 | HISTOGRAM_GENERATE_INST/hist_mem[175][7]_i_1_n_0                                             | sys_reset                                              |                3 |              8 |         2.67 |
|  CLOCK_WIZ_INST/inst/clk_out1 | TREE_GENERATE_INST/SORTER/CELL_ARRAY_GEN[39].MIDDLE_CELLS.cell_inst_mid/r_symbol[7]_i_1_n_0  | sys_reset                                              |                1 |              8 |         8.00 |
|  CLOCK_WIZ_INST/inst/clk_out1 | HISTOGRAM_GENERATE_INST/hist_mem[178][7]_i_1_n_0                                             | sys_reset                                              |                2 |              8 |         4.00 |
|  CLOCK_WIZ_INST/inst/clk_out1 | HISTOGRAM_GENERATE_INST/hist_mem[179][7]_i_1_n_0                                             | sys_reset                                              |                3 |              8 |         2.67 |
|  CLOCK_WIZ_INST/inst/clk_out1 | HISTOGRAM_GENERATE_INST/hist_mem[180][7]_i_1_n_0                                             | sys_reset                                              |                1 |              8 |         8.00 |
|  CLOCK_WIZ_INST/inst/clk_out1 | HISTOGRAM_GENERATE_INST/hist_mem[17][7]_i_1_n_0                                              | sys_reset                                              |                5 |              8 |         1.60 |
|  CLOCK_WIZ_INST/inst/clk_out1 | HISTOGRAM_GENERATE_INST/hist_mem[90][7]_i_1_n_0                                              | sys_reset                                              |                3 |              8 |         2.67 |
|  CLOCK_WIZ_INST/inst/clk_out1 | HISTOGRAM_GENERATE_INST/hist_mem[91][7]_i_1_n_0                                              | sys_reset                                              |                4 |              8 |         2.00 |
|  CLOCK_WIZ_INST/inst/clk_out1 | HISTOGRAM_GENERATE_INST/hist_mem[93][7]_i_1_n_0                                              | sys_reset                                              |                2 |              8 |         4.00 |
|  CLOCK_WIZ_INST/inst/clk_out1 | HISTOGRAM_GENERATE_INST/hist_mem[92][7]_i_1_n_0                                              | sys_reset                                              |                6 |              8 |         1.33 |
|  CLOCK_WIZ_INST/inst/clk_out1 | HISTOGRAM_GENERATE_INST/hist_mem[8][7]_i_1_n_0                                               | sys_reset                                              |                2 |              8 |         4.00 |
|  CLOCK_WIZ_INST/inst/clk_out1 | HISTOGRAM_GENERATE_INST/hist_mem[89][7]_i_1_n_0                                              | sys_reset                                              |                2 |              8 |         4.00 |
|  CLOCK_WIZ_INST/inst/clk_out1 | HISTOGRAM_GENERATE_INST/hist_mem[183][7]_i_1_n_0                                             | sys_reset                                              |                4 |              8 |         2.00 |
|  CLOCK_WIZ_INST/inst/clk_out1 | HISTOGRAM_GENERATE_INST/hist_mem[181][7]_i_1_n_0                                             | sys_reset                                              |                2 |              8 |         4.00 |
|  CLOCK_WIZ_INST/inst/clk_out1 | TREE_GENERATE_INST/SORTER/CELL_ARRAY_GEN[195].MIDDLE_CELLS.cell_inst_mid/r_symbol[7]_i_1_n_0 | sys_reset                                              |                3 |              8 |         2.67 |
|  CLOCK_WIZ_INST/inst/clk_out1 | HISTOGRAM_GENERATE_INST/hist_mem[184][7]_i_1_n_0                                             | sys_reset                                              |                2 |              8 |         4.00 |
|  CLOCK_WIZ_INST/inst/clk_out1 | HISTOGRAM_GENERATE_INST/hist_mem[185][7]_i_1_n_0                                             | sys_reset                                              |                3 |              8 |         2.67 |
|  CLOCK_WIZ_INST/inst/clk_out1 | TREE_GENERATE_INST/SORTER/CELL_ARRAY_GEN[197].MIDDLE_CELLS.cell_inst_mid/r_symbol[7]_i_1_n_0 | sys_reset                                              |                2 |              8 |         4.00 |
|  CLOCK_WIZ_INST/inst/clk_out1 | HISTOGRAM_GENERATE_INST/hist_mem[182][7]_i_1_n_0                                             | sys_reset                                              |                4 |              8 |         2.00 |
|  CLOCK_WIZ_INST/inst/clk_out1 | TREE_GENERATE_INST/SORTER/CELL_ARRAY_GEN[198].MIDDLE_CELLS.cell_inst_mid/r_symbol[7]_i_1_n_0 | sys_reset                                              |                1 |              8 |         8.00 |
|  CLOCK_WIZ_INST/inst/clk_out1 | HISTOGRAM_GENERATE_INST/hist_mem[186][7]_i_1_n_0                                             | sys_reset                                              |                3 |              8 |         2.67 |
|  CLOCK_WIZ_INST/inst/clk_out1 | HISTOGRAM_GENERATE_INST/hist_mem[191][7]_i_1_n_0                                             | sys_reset                                              |                2 |              8 |         4.00 |
|  CLOCK_WIZ_INST/inst/clk_out1 | HISTOGRAM_GENERATE_INST/hist_mem[188][7]_i_1_n_0                                             | sys_reset                                              |                3 |              8 |         2.67 |
|  CLOCK_WIZ_INST/inst/clk_out1 | HISTOGRAM_GENERATE_INST/hist_mem[187][7]_i_1_n_0                                             | sys_reset                                              |                2 |              8 |         4.00 |
|  CLOCK_WIZ_INST/inst/clk_out1 | HISTOGRAM_GENERATE_INST/hist_mem[189][7]_i_1_n_0                                             | sys_reset                                              |                2 |              8 |         4.00 |
|  CLOCK_WIZ_INST/inst/clk_out1 | HISTOGRAM_GENERATE_INST/hist_mem[18][7]_i_1_n_0                                              | sys_reset                                              |                2 |              8 |         4.00 |
|  CLOCK_WIZ_INST/inst/clk_out1 | TREE_GENERATE_INST/SORTER/CELL_ARRAY_GEN[210].MIDDLE_CELLS.cell_inst_mid/r_symbol[7]_i_1_n_0 | sys_reset                                              |                3 |              8 |         2.67 |
|  CLOCK_WIZ_INST/inst/clk_out1 | TREE_GENERATE_INST/SORTER/CELL_ARRAY_GEN[201].MIDDLE_CELLS.cell_inst_mid/r_symbol[7]_i_1_n_0 | sys_reset                                              |                3 |              8 |         2.67 |
|  CLOCK_WIZ_INST/inst/clk_out1 | HISTOGRAM_GENERATE_INST/hist_mem[190][7]_i_1_n_0                                             | sys_reset                                              |                3 |              8 |         2.67 |
|  CLOCK_WIZ_INST/inst/clk_out1 | TREE_GENERATE_INST/SORTER/CELL_ARRAY_GEN[202].MIDDLE_CELLS.cell_inst_mid/r_symbol[7]_i_1_n_0 | sys_reset                                              |                3 |              8 |         2.67 |
|  CLOCK_WIZ_INST/inst/clk_out1 | TREE_GENERATE_INST/SORTER/CELL_ARRAY_GEN[51].MIDDLE_CELLS.cell_inst_mid/r_symbol[7]_i_1_n_0  | sys_reset                                              |                3 |              8 |         2.67 |
|  CLOCK_WIZ_INST/inst/clk_out1 | HISTOGRAM_GENERATE_INST/hist_mem[195][7]_i_1_n_0                                             | sys_reset                                              |                3 |              8 |         2.67 |
|  CLOCK_WIZ_INST/inst/clk_out1 | HISTOGRAM_GENERATE_INST/hist_mem[194][7]_i_1_n_0                                             | sys_reset                                              |                1 |              8 |         8.00 |
|  CLOCK_WIZ_INST/inst/clk_out1 | TREE_GENERATE_INST/SORTER/CELL_ARRAY_GEN[53].MIDDLE_CELLS.cell_inst_mid/r_symbol[7]_i_1_n_0  | sys_reset                                              |                1 |              8 |         8.00 |
|  CLOCK_WIZ_INST/inst/clk_out1 | HISTOGRAM_GENERATE_INST/hist_mem[251][7]_i_1_n_0                                             | sys_reset                                              |                4 |              8 |         2.00 |
|  CLOCK_WIZ_INST/inst/clk_out1 | TREE_GENERATE_INST/SORTER/CELL_ARRAY_GEN[58].MIDDLE_CELLS.cell_inst_mid/r_symbol[7]_i_1_n_0  | sys_reset                                              |                1 |              8 |         8.00 |
|  CLOCK_WIZ_INST/inst/clk_out1 | HISTOGRAM_GENERATE_INST/hist_mem[81][7]_i_1_n_0                                              | sys_reset                                              |                2 |              8 |         4.00 |
|  CLOCK_WIZ_INST/inst/clk_out1 | TREE_GENERATE_INST/SORTER/CELL_ARRAY_GEN[27].MIDDLE_CELLS.cell_inst_mid/r_symbol[7]_i_1_n_0  | sys_reset                                              |                1 |              8 |         8.00 |
|  CLOCK_WIZ_INST/inst/clk_out1 | HISTOGRAM_GENERATE_INST/hist_mem[192][7]_i_1_n_0                                             | sys_reset                                              |                1 |              8 |         8.00 |
|  CLOCK_WIZ_INST/inst/clk_out1 | HISTOGRAM_GENERATE_INST/hist_mem[196][7]_i_1_n_0                                             | sys_reset                                              |                1 |              8 |         8.00 |
|  CLOCK_WIZ_INST/inst/clk_out1 | TREE_GENERATE_INST/SORTER/CELL_ARRAY_GEN[60].MIDDLE_CELLS.cell_inst_mid/r_symbol[7]_i_1_n_0  | sys_reset                                              |                1 |              8 |         8.00 |
|  CLOCK_WIZ_INST/inst/clk_out1 | HISTOGRAM_GENERATE_INST/hist_mem[193][7]_i_1_n_0                                             | sys_reset                                              |                4 |              8 |         2.00 |
|  CLOCK_WIZ_INST/inst/clk_out1 | HISTOGRAM_GENERATE_INST/hist_mem[200][7]_i_1_n_0                                             | sys_reset                                              |                1 |              8 |         8.00 |
|  CLOCK_WIZ_INST/inst/clk_out1 | HISTOGRAM_GENERATE_INST/hist_mem[199][7]_i_1_n_0                                             | sys_reset                                              |                3 |              8 |         2.67 |
|  CLOCK_WIZ_INST/inst/clk_out1 | HISTOGRAM_GENERATE_INST/hist_mem[19][7]_i_1_n_0                                              | sys_reset                                              |                3 |              8 |         2.67 |
|  CLOCK_WIZ_INST/inst/clk_out1 | HISTOGRAM_GENERATE_INST/hist_mem[1][7]_i_1_n_0                                               | sys_reset                                              |                2 |              8 |         4.00 |
|  CLOCK_WIZ_INST/inst/clk_out1 | TREE_GENERATE_INST/SORTER/CELL_ARRAY_GEN[209].MIDDLE_CELLS.cell_inst_mid/r_symbol[7]_i_1_n_0 | sys_reset                                              |                3 |              8 |         2.67 |
|  CLOCK_WIZ_INST/inst/clk_out1 | HISTOGRAM_GENERATE_INST/hist_mem[198][7]_i_1_n_0                                             | sys_reset                                              |                4 |              8 |         2.00 |
|  CLOCK_WIZ_INST/inst/clk_out1 | HISTOGRAM_GENERATE_INST/hist_mem[204][7]_i_1_n_0                                             | sys_reset                                              |                2 |              8 |         4.00 |
|  CLOCK_WIZ_INST/inst/clk_out1 | HISTOGRAM_GENERATE_INST/hist_mem[205][7]_i_1_n_0                                             | sys_reset                                              |                4 |              8 |         2.00 |
|  CLOCK_WIZ_INST/inst/clk_out1 | HISTOGRAM_GENERATE_INST/hist_mem[206][7]_i_1_n_0                                             | sys_reset                                              |                5 |              8 |         1.60 |
|  CLOCK_WIZ_INST/inst/clk_out1 | HISTOGRAM_GENERATE_INST/hist_mem[207][7]_i_1_n_0                                             | sys_reset                                              |                2 |              8 |         4.00 |
|  CLOCK_WIZ_INST/inst/clk_out1 | HISTOGRAM_GENERATE_INST/hist_mem[202][7]_i_1_n_0                                             | sys_reset                                              |                2 |              8 |         4.00 |
|  CLOCK_WIZ_INST/inst/clk_out1 | TREE_GENERATE_INST/SORTER/CELL_ARRAY_GEN[216].MIDDLE_CELLS.cell_inst_mid/r_symbol[7]_i_1_n_0 | sys_reset                                              |                3 |              8 |         2.67 |
|  CLOCK_WIZ_INST/inst/clk_out1 | HISTOGRAM_GENERATE_INST/hist_mem[203][7]_i_1_n_0                                             | sys_reset                                              |                4 |              8 |         2.00 |
|  CLOCK_WIZ_INST/inst/clk_out1 | HISTOGRAM_GENERATE_INST/hist_mem[201][7]_i_1_n_0                                             | sys_reset                                              |                3 |              8 |         2.67 |
|  CLOCK_WIZ_INST/inst/clk_out1 | HISTOGRAM_GENERATE_INST/hist_mem[209][7]_i_1_n_0                                             | sys_reset                                              |                2 |              8 |         4.00 |
|  CLOCK_WIZ_INST/inst/clk_out1 | HISTOGRAM_GENERATE_INST/hist_mem[20][7]_i_1_n_0                                              | sys_reset                                              |                3 |              8 |         2.67 |
|  CLOCK_WIZ_INST/inst/clk_out1 | HISTOGRAM_GENERATE_INST/hist_mem[208][7]_i_1_n_0                                             | sys_reset                                              |                1 |              8 |         8.00 |
|  CLOCK_WIZ_INST/inst/clk_out1 | HISTOGRAM_GENERATE_INST/hist_mem[210][7]_i_1_n_0                                             | sys_reset                                              |                2 |              8 |         4.00 |
|  CLOCK_WIZ_INST/inst/clk_out1 | HISTOGRAM_GENERATE_INST/hist_mem[211][7]_i_1_n_0                                             | sys_reset                                              |                3 |              8 |         2.67 |
|  CLOCK_WIZ_INST/inst/clk_out1 | HISTOGRAM_GENERATE_INST/hist_mem[212][7]_i_1_n_0                                             | sys_reset                                              |                2 |              8 |         4.00 |
|  CLOCK_WIZ_INST/inst/clk_out1 | HISTOGRAM_GENERATE_INST/hist_mem[214][7]_i_1_n_0                                             | sys_reset                                              |                3 |              8 |         2.67 |
|  CLOCK_WIZ_INST/inst/clk_out1 | HISTOGRAM_GENERATE_INST/hist_mem[213][7]_i_1_n_0                                             | sys_reset                                              |                3 |              8 |         2.67 |
|  CLOCK_WIZ_INST/inst/clk_out1 | HISTOGRAM_GENERATE_INST/hist_mem[217][7]_i_1_n_0                                             | sys_reset                                              |                3 |              8 |         2.67 |
|  CLOCK_WIZ_INST/inst/clk_out1 | HISTOGRAM_GENERATE_INST/hist_mem[215][7]_i_1_n_0                                             | sys_reset                                              |                3 |              8 |         2.67 |
|  CLOCK_WIZ_INST/inst/clk_out1 | HISTOGRAM_GENERATE_INST/hist_mem[218][7]_i_1_n_0                                             | sys_reset                                              |                6 |              8 |         1.33 |
|  CLOCK_WIZ_INST/inst/clk_out1 | HISTOGRAM_GENERATE_INST/hist_mem[216][7]_i_1_n_0                                             | sys_reset                                              |                2 |              8 |         4.00 |
|  CLOCK_WIZ_INST/inst/clk_out1 | HISTOGRAM_GENERATE_INST/hist_mem[21][7]_i_1_n_0                                              | sys_reset                                              |                3 |              8 |         2.67 |
|  CLOCK_WIZ_INST/inst/clk_out1 | HISTOGRAM_GENERATE_INST/hist_mem[223][7]_i_1_n_0                                             | sys_reset                                              |                4 |              8 |         2.00 |
|  CLOCK_WIZ_INST/inst/clk_out1 | HISTOGRAM_GENERATE_INST/hist_mem[221][7]_i_1_n_0                                             | sys_reset                                              |                4 |              8 |         2.00 |
|  CLOCK_WIZ_INST/inst/clk_out1 | TREE_GENERATE_INST/SORTER/CELL_ARRAY_GEN[225].MIDDLE_CELLS.cell_inst_mid/r_symbol[7]_i_1_n_0 | sys_reset                                              |                2 |              8 |         4.00 |
|  CLOCK_WIZ_INST/inst/clk_out1 | HISTOGRAM_GENERATE_INST/hist_mem[222][7]_i_1_n_0                                             | sys_reset                                              |                3 |              8 |         2.67 |
|  CLOCK_WIZ_INST/inst/clk_out1 | TREE_GENERATE_INST/SORTER/CELL_ARRAY_GEN[226].MIDDLE_CELLS.cell_inst_mid/r_symbol[7]_i_1_n_0 | sys_reset                                              |                3 |              8 |         2.67 |
|  CLOCK_WIZ_INST/inst/clk_out1 | HISTOGRAM_GENERATE_INST/hist_mem[219][7]_i_1_n_0                                             | sys_reset                                              |                2 |              8 |         4.00 |
|  CLOCK_WIZ_INST/inst/clk_out1 | HISTOGRAM_GENERATE_INST/hist_mem[220][7]_i_1_n_0                                             | sys_reset                                              |                2 |              8 |         4.00 |
|  CLOCK_WIZ_INST/inst/clk_out1 | HISTOGRAM_GENERATE_INST/hist_mem[227][7]_i_1_n_0                                             | sys_reset                                              |                6 |              8 |         1.33 |
|  CLOCK_WIZ_INST/inst/clk_out1 | TREE_GENERATE_INST/SORTER/CELL_ARRAY_GEN[228].MIDDLE_CELLS.cell_inst_mid/r_symbol[7]_i_1_n_0 | sys_reset                                              |                3 |              8 |         2.67 |
|  CLOCK_WIZ_INST/inst/clk_out1 | HISTOGRAM_GENERATE_INST/hist_mem[226][7]_i_1_n_0                                             | sys_reset                                              |                2 |              8 |         4.00 |
|  CLOCK_WIZ_INST/inst/clk_out1 | HISTOGRAM_GENERATE_INST/hist_mem[228][7]_i_1_n_0                                             | sys_reset                                              |                3 |              8 |         2.67 |
|  CLOCK_WIZ_INST/inst/clk_out1 | HISTOGRAM_GENERATE_INST/hist_mem[229][7]_i_1_n_0                                             | sys_reset                                              |                3 |              8 |         2.67 |
|  CLOCK_WIZ_INST/inst/clk_out1 | TREE_GENERATE_INST/SORTER/CELL_ARRAY_GEN[29].MIDDLE_CELLS.cell_inst_mid/r_symbol[7]_i_1_n_0  | sys_reset                                              |                2 |              8 |         4.00 |
|  CLOCK_WIZ_INST/inst/clk_out1 | HISTOGRAM_GENERATE_INST/hist_mem[225][7]_i_1_n_0                                             | sys_reset                                              |                3 |              8 |         2.67 |
|  CLOCK_WIZ_INST/inst/clk_out1 | HISTOGRAM_GENERATE_INST/hist_mem[224][7]_i_1_n_0                                             | sys_reset                                              |                1 |              8 |         8.00 |
|  CLOCK_WIZ_INST/inst/clk_out1 | TREE_GENERATE_INST/SORTER/CELL_ARRAY_GEN[180].MIDDLE_CELLS.cell_inst_mid/r_symbol[7]_i_1_n_0 | sys_reset                                              |                2 |              8 |         4.00 |
|  CLOCK_WIZ_INST/inst/clk_out1 | TREE_GENERATE_INST/SORTER/CELL_ARRAY_GEN[232].MIDDLE_CELLS.cell_inst_mid/r_symbol[7]_i_1_n_0 | sys_reset                                              |                2 |              8 |         4.00 |
|  CLOCK_WIZ_INST/inst/clk_out1 | HISTOGRAM_GENERATE_INST/hist_mem[22][7]_i_1_n_0                                              | sys_reset                                              |                2 |              8 |         4.00 |
|  CLOCK_WIZ_INST/inst/clk_out1 | HISTOGRAM_GENERATE_INST/hist_mem[232][7]_i_1_n_0                                             | sys_reset                                              |                2 |              8 |         4.00 |
|  CLOCK_WIZ_INST/inst/clk_out1 | HISTOGRAM_GENERATE_INST/hist_mem[234][7]_i_1_n_0                                             | sys_reset                                              |                3 |              8 |         2.67 |
|  CLOCK_WIZ_INST/inst/clk_out1 | HISTOGRAM_GENERATE_INST/hist_mem[233][7]_i_1_n_0                                             | sys_reset                                              |                3 |              8 |         2.67 |
|  CLOCK_WIZ_INST/inst/clk_out1 | HISTOGRAM_GENERATE_INST/hist_mem[231][7]_i_1_n_0                                             | sys_reset                                              |                6 |              8 |         1.33 |
|  CLOCK_WIZ_INST/inst/clk_out1 | HISTOGRAM_GENERATE_INST/hist_mem[235][7]_i_1_n_0                                             | sys_reset                                              |                4 |              8 |         2.00 |
|  CLOCK_WIZ_INST/inst/clk_out1 | TREE_GENERATE_INST/SORTER/CELL_ARRAY_GEN[212].MIDDLE_CELLS.cell_inst_mid/r_symbol[7]_i_1_n_0 | sys_reset                                              |                3 |              8 |         2.67 |
|  CLOCK_WIZ_INST/inst/clk_out1 | HISTOGRAM_GENERATE_INST/hist_mem[230][7]_i_1_n_0                                             | sys_reset                                              |                3 |              8 |         2.67 |
|  CLOCK_WIZ_INST/inst/clk_out1 | HISTOGRAM_GENERATE_INST/hist_mem[240][7]_i_1_n_0                                             | sys_reset                                              |                3 |              8 |         2.67 |
|  CLOCK_WIZ_INST/inst/clk_out1 | HISTOGRAM_GENERATE_INST/hist_mem[236][7]_i_1_n_0                                             | sys_reset                                              |                2 |              8 |         4.00 |
|  CLOCK_WIZ_INST/inst/clk_out1 | HISTOGRAM_GENERATE_INST/hist_mem[238][7]_i_1_n_0                                             | sys_reset                                              |                3 |              8 |         2.67 |
|  CLOCK_WIZ_INST/inst/clk_out1 | HISTOGRAM_GENERATE_INST/hist_mem[239][7]_i_1_n_0                                             | sys_reset                                              |                2 |              8 |         4.00 |
|  CLOCK_WIZ_INST/inst/clk_out1 | HISTOGRAM_GENERATE_INST/hist_mem[23][7]_i_1_n_0                                              | sys_reset                                              |                3 |              8 |         2.67 |
|  CLOCK_WIZ_INST/inst/clk_out1 | TREE_GENERATE_INST/SORTER/CELL_ARRAY_GEN[204].MIDDLE_CELLS.cell_inst_mid/r_symbol[7]_i_1_n_0 | sys_reset                                              |                3 |              8 |         2.67 |
|  CLOCK_WIZ_INST/inst/clk_out1 |                                                                                              | UART_TX_INST/tx_clk_cnt[8]_i_1_n_0                     |                3 |              9 |         3.00 |
|  CLOCK_WIZ_INST/inst/clk_out1 | TREE_GENERATE_INST/SORTER/valid_cnt_reg0                                                     | sys_reset                                              |                2 |              9 |         4.50 |
|  CLOCK_WIZ_INST/inst/clk_out1 | TREE_GENERATE_INST/tree_addr_reg[7]_i_1_n_0                                                  | TREE_GENERATE_INST/right_dina                          |                4 |              9 |         2.25 |
|  CLOCK_WIZ_INST/inst/clk_out1 | LENGTH_GENERATE_INST/eval_depth                                                              | LENGTH_GENERATE_INST/fifo_rd                           |                6 |             11 |         1.83 |
|  CLOCK_WIZ_INST/inst/clk_out1 | LENGTH_GENERATE_INST/fifo_addr_odd_reg_0_63_0_2_i_4_n_0                                      |                                                        |                3 |             12 |         4.00 |
|  CLOCK_WIZ_INST/inst/clk_out1 | LENGTH_GENERATE_INST/fifo_addr_odd_reg_64_127_0_2_i_1_n_0                                    |                                                        |                3 |             12 |         4.00 |
|  CLOCK_WIZ_INST/inst/clk_out1 | TEXT_FILE_INST/addr_cnt[0]_i_1_n_0                                                           | sys_reset                                              |                2 |             13 |         6.50 |
|  CLOCK_WIZ_INST/inst/clk_out1 | TREE_GENERATE_INST/SORTER/CELL_ARRAY_GEN[220].MIDDLE_CELLS.cell_inst_mid/r_symbol            | sys_reset                                              |                5 |             14 |         2.80 |
|  CLOCK_WIZ_INST/inst/clk_out1 | TREE_GENERATE_INST/i_f[58]                                                                   | sys_reset                                              |                7 |             14 |         2.00 |
|  CLOCK_WIZ_INST/inst/clk_out1 | TREE_GENERATE_INST/i_f[62]                                                                   | sys_reset                                              |                5 |             14 |         2.80 |
|  CLOCK_WIZ_INST/inst/clk_out1 | TREE_GENERATE_INST/i_f[53]                                                                   | sys_reset                                              |                8 |             14 |         1.75 |
|  CLOCK_WIZ_INST/inst/clk_out1 | TREE_GENERATE_INST/i_f[42]                                                                   | sys_reset                                              |                7 |             14 |         2.00 |
|  CLOCK_WIZ_INST/inst/clk_out1 | TREE_GENERATE_INST/i_f[50]                                                                   | sys_reset                                              |                6 |             14 |         2.33 |
|  CLOCK_WIZ_INST/inst/clk_out1 | TREE_GENERATE_INST/i_f[4]                                                                    | sys_reset                                              |                4 |             14 |         3.50 |
|  CLOCK_WIZ_INST/inst/clk_out1 | TREE_GENERATE_INST/i_f[49]                                                                   | sys_reset                                              |               10 |             14 |         1.40 |
|  CLOCK_WIZ_INST/inst/clk_out1 | TREE_GENERATE_INST/i_f[52]                                                                   | sys_reset                                              |                6 |             14 |         2.33 |
|  CLOCK_WIZ_INST/inst/clk_out1 | TREE_GENERATE_INST/i_f[54]                                                                   | sys_reset                                              |                6 |             14 |         2.33 |
|  CLOCK_WIZ_INST/inst/clk_out1 | TREE_GENERATE_INST/i_f[59]                                                                   | sys_reset                                              |                6 |             14 |         2.33 |
|  CLOCK_WIZ_INST/inst/clk_out1 | TREE_GENERATE_INST/i_f[51]                                                                   | sys_reset                                              |               11 |             14 |         1.27 |
|  CLOCK_WIZ_INST/inst/clk_out1 | TREE_GENERATE_INST/i_f[41]                                                                   | sys_reset                                              |                6 |             14 |         2.33 |
|  CLOCK_WIZ_INST/inst/clk_out1 | TREE_GENERATE_INST/i_f[55]                                                                   | sys_reset                                              |                7 |             14 |         2.00 |
|  CLOCK_WIZ_INST/inst/clk_out1 | TREE_GENERATE_INST/i_f[56]                                                                   | sys_reset                                              |                6 |             14 |         2.33 |
|  CLOCK_WIZ_INST/inst/clk_out1 | TREE_GENERATE_INST/i_f[64]                                                                   | sys_reset                                              |                2 |             14 |         7.00 |
|  CLOCK_WIZ_INST/inst/clk_out1 | TREE_GENERATE_INST/SORTER/CELL_ARRAY_GEN[248].MIDDLE_CELLS.cell_inst_mid/r_symbol            | sys_reset                                              |                4 |             14 |         3.50 |
|  CLOCK_WIZ_INST/inst/clk_out1 | TREE_GENERATE_INST/SORTER/CELL_ARRAY_GEN[244].MIDDLE_CELLS.cell_inst_mid/r_symbol            | sys_reset                                              |                4 |             14 |         3.50 |
|  CLOCK_WIZ_INST/inst/clk_out1 | TREE_GENERATE_INST/SORTER/CELL_ARRAY_GEN[249].MIDDLE_CELLS.cell_inst_mid/r_symbol            | sys_reset                                              |                4 |             14 |         3.50 |
|  CLOCK_WIZ_INST/inst/clk_out1 | TREE_GENERATE_INST/SORTER/CELL_ARRAY_GEN[243].MIDDLE_CELLS.cell_inst_mid/r_symbol            | sys_reset                                              |                6 |             14 |         2.33 |
|  CLOCK_WIZ_INST/inst/clk_out1 | TREE_GENERATE_INST/SORTER/CELL_ARRAY_GEN[250].MIDDLE_CELLS.cell_inst_mid/r_symbol            | sys_reset                                              |                5 |             14 |         2.80 |
|  CLOCK_WIZ_INST/inst/clk_out1 | TREE_GENERATE_INST/SORTER/CELL_ARRAY_GEN[242].MIDDLE_CELLS.cell_inst_mid/r_symbol            | sys_reset                                              |                4 |             14 |         3.50 |
|  CLOCK_WIZ_INST/inst/clk_out1 | TREE_GENERATE_INST/SORTER/CELL_ARRAY_GEN[31].MIDDLE_CELLS.cell_inst_mid/r_symbol             | sys_reset                                              |                6 |             14 |         2.33 |
|  CLOCK_WIZ_INST/inst/clk_out1 | TREE_GENERATE_INST/SORTER/CELL_ARRAY_GEN[241].MIDDLE_CELLS.cell_inst_mid/r_symbol            | sys_reset                                              |                5 |             14 |         2.80 |
|  CLOCK_WIZ_INST/inst/clk_out1 | TREE_GENERATE_INST/SORTER/CELL_ARRAY_GEN[251].MIDDLE_CELLS.cell_inst_mid/r_symbol            | sys_reset                                              |                6 |             14 |         2.33 |
|  CLOCK_WIZ_INST/inst/clk_out1 | TREE_GENERATE_INST/SORTER/CELL_ARRAY_GEN[30].MIDDLE_CELLS.cell_inst_mid/r_symbol             | sys_reset                                              |                3 |             14 |         4.67 |
|  CLOCK_WIZ_INST/inst/clk_out1 | TREE_GENERATE_INST/SORTER/CELL_ARRAY_GEN[1].MIDDLE_CELLS.cell_inst_mid/r_symbol              | sys_reset                                              |                3 |             14 |         4.67 |
|  CLOCK_WIZ_INST/inst/clk_out1 | TREE_GENERATE_INST/SORTER/CELL_ARRAY_GEN[252].MIDDLE_CELLS.cell_inst_mid/r_symbol            | sys_reset                                              |                4 |             14 |         3.50 |
|  CLOCK_WIZ_INST/inst/clk_out1 | TREE_GENERATE_INST/SORTER/CELL_ARRAY_GEN[253].MIDDLE_CELLS.cell_inst_mid/r_symbol            | sys_reset                                              |                3 |             14 |         4.67 |
|  CLOCK_WIZ_INST/inst/clk_out1 | TREE_GENERATE_INST/SORTER/CELL_ARRAY_GEN[240].MIDDLE_CELLS.cell_inst_mid/r_symbol            | sys_reset                                              |                5 |             14 |         2.80 |
|  CLOCK_WIZ_INST/inst/clk_out1 | TREE_GENERATE_INST/SORTER/CELL_ARRAY_GEN[254].MIDDLE_CELLS.cell_inst_mid/r_symbol            | sys_reset                                              |                3 |             14 |         4.67 |
|  CLOCK_WIZ_INST/inst/clk_out1 | TREE_GENERATE_INST/SORTER/CELL_ARRAY_GEN[247].MIDDLE_CELLS.cell_inst_mid/r_symbol            | sys_reset                                              |                4 |             14 |         3.50 |
|  CLOCK_WIZ_INST/inst/clk_out1 | TREE_GENERATE_INST/SORTER/CELL_ARRAY_GEN[239].MIDDLE_CELLS.cell_inst_mid/r_symbol            | sys_reset                                              |                3 |             14 |         4.67 |
|  CLOCK_WIZ_INST/inst/clk_out1 | TREE_GENERATE_INST/SORTER/CELL_ARRAY_GEN[229].MIDDLE_CELLS.cell_inst_mid/r_symbol            | sys_reset                                              |                4 |             14 |         3.50 |
|  CLOCK_WIZ_INST/inst/clk_out1 | TREE_GENERATE_INST/SORTER/CELL_ARRAY_GEN[238].MIDDLE_CELLS.cell_inst_mid/r_symbol            | sys_reset                                              |                6 |             14 |         2.33 |
|  CLOCK_WIZ_INST/inst/clk_out1 | TREE_GENERATE_INST/SORTER/CELL_ARRAY_GEN[219].MIDDLE_CELLS.cell_inst_mid/r_symbol            | sys_reset                                              |                7 |             14 |         2.00 |
|  CLOCK_WIZ_INST/inst/clk_out1 | TREE_GENERATE_INST/SORTER/CELL_ARRAY_GEN[237].MIDDLE_CELLS.cell_inst_mid/r_symbol            | sys_reset                                              |                3 |             14 |         4.67 |
|  CLOCK_WIZ_INST/inst/clk_out1 | TREE_GENERATE_INST/SORTER/CELL_ARRAY_GEN[213].MIDDLE_CELLS.cell_inst_mid/r_symbol            | sys_reset                                              |                5 |             14 |         2.80 |
|  CLOCK_WIZ_INST/inst/clk_out1 | TREE_GENERATE_INST/SORTER/CELL_ARRAY_GEN[212].MIDDLE_CELLS.cell_inst_mid/r_symbol            | sys_reset                                              |                5 |             14 |         2.80 |
|  CLOCK_WIZ_INST/inst/clk_out1 | TREE_GENERATE_INST/SORTER/CELL_ARRAY_GEN[236].MIDDLE_CELLS.cell_inst_mid/r_symbol            | sys_reset                                              |                4 |             14 |         3.50 |
|  CLOCK_WIZ_INST/inst/clk_out1 | TREE_GENERATE_INST/SORTER/CELL_ARRAY_GEN[235].MIDDLE_CELLS.cell_inst_mid/r_symbol            | sys_reset                                              |                5 |             14 |         2.80 |
|  CLOCK_WIZ_INST/inst/clk_out1 | TREE_GENERATE_INST/SORTER/CELL_ARRAY_GEN[211].MIDDLE_CELLS.cell_inst_mid/r_symbol            | sys_reset                                              |                5 |             14 |         2.80 |
|  CLOCK_WIZ_INST/inst/clk_out1 | TREE_GENERATE_INST/SORTER/CELL_ARRAY_GEN[32].MIDDLE_CELLS.cell_inst_mid/r_symbol             | sys_reset                                              |                6 |             14 |         2.33 |
|  CLOCK_WIZ_INST/inst/clk_out1 | TREE_GENERATE_INST/SORTER/CELL_ARRAY_GEN[233].MIDDLE_CELLS.cell_inst_mid/r_symbol            | sys_reset                                              |                4 |             14 |         3.50 |
|  CLOCK_WIZ_INST/inst/clk_out1 | TREE_GENERATE_INST/SORTER/CELL_ARRAY_GEN[232].MIDDLE_CELLS.cell_inst_mid/r_symbol            | sys_reset                                              |                3 |             14 |         4.67 |
|  CLOCK_WIZ_INST/inst/clk_out1 | TREE_GENERATE_INST/SORTER/CELL_ARRAY_GEN[180].MIDDLE_CELLS.cell_inst_mid/r_symbol            | sys_reset                                              |                3 |             14 |         4.67 |
|  CLOCK_WIZ_INST/inst/clk_out1 | TREE_GENERATE_INST/SORTER/CELL_ARRAY_GEN[179].MIDDLE_CELLS.cell_inst_mid/r_symbol            | sys_reset                                              |                4 |             14 |         3.50 |
|  CLOCK_WIZ_INST/inst/clk_out1 | TREE_GENERATE_INST/SORTER/CELL_ARRAY_GEN[231].MIDDLE_CELLS.cell_inst_mid/r_symbol            | sys_reset                                              |                3 |             14 |         4.67 |
|  CLOCK_WIZ_INST/inst/clk_out1 | TREE_GENERATE_INST/SORTER/CELL_ARRAY_GEN[29].MIDDLE_CELLS.cell_inst_mid/r_symbol             | sys_reset                                              |                3 |             14 |         4.67 |
|  CLOCK_WIZ_INST/inst/clk_out1 | TREE_GENERATE_INST/SORTER/CELL_ARRAY_GEN[133].MIDDLE_CELLS.cell_inst_mid/r_symbol            | sys_reset                                              |                4 |             14 |         3.50 |
|  CLOCK_WIZ_INST/inst/clk_out1 | TREE_GENERATE_INST/SORTER/CELL_ARRAY_GEN[132].MIDDLE_CELLS.cell_inst_mid/r_symbol            | sys_reset                                              |                4 |             14 |         3.50 |
|  CLOCK_WIZ_INST/inst/clk_out1 | TREE_GENERATE_INST/SORTER/CELL_ARRAY_GEN[230].MIDDLE_CELLS.cell_inst_mid/r_symbol            | sys_reset                                              |                3 |             14 |         4.67 |
|  CLOCK_WIZ_INST/inst/clk_out1 | TREE_GENERATE_INST/SORTER/CELL_ARRAY_GEN[228].MIDDLE_CELLS.cell_inst_mid/r_symbol            | sys_reset                                              |                5 |             14 |         2.80 |
|  CLOCK_WIZ_INST/inst/clk_out1 | TREE_GENERATE_INST/SORTER/CELL_ARRAY_GEN[131].MIDDLE_CELLS.cell_inst_mid/r_symbol            | sys_reset                                              |                5 |             14 |         2.80 |
|  CLOCK_WIZ_INST/inst/clk_out1 | TREE_GENERATE_INST/SORTER/CELL_ARRAY_GEN[130].MIDDLE_CELLS.cell_inst_mid/r_symbol            | sys_reset                                              |                4 |             14 |         3.50 |
|  CLOCK_WIZ_INST/inst/clk_out1 | TREE_GENERATE_INST/SORTER/CELL_ARRAY_GEN[227].MIDDLE_CELLS.cell_inst_mid/r_symbol            | sys_reset                                              |                6 |             14 |         2.33 |
|  CLOCK_WIZ_INST/inst/clk_out1 | TREE_GENERATE_INST/SORTER/CELL_ARRAY_GEN[226].MIDDLE_CELLS.cell_inst_mid/r_symbol            | sys_reset                                              |                4 |             14 |         3.50 |
|  CLOCK_WIZ_INST/inst/clk_out1 | TREE_GENERATE_INST/SORTER/CELL_ARRAY_GEN[129].MIDDLE_CELLS.cell_inst_mid/r_symbol            | sys_reset                                              |                3 |             14 |         4.67 |
|  CLOCK_WIZ_INST/inst/clk_out1 | TREE_GENERATE_INST/SORTER/CELL_ARRAY_GEN[225].MIDDLE_CELLS.cell_inst_mid/r_symbol            | sys_reset                                              |                5 |             14 |         2.80 |
|  CLOCK_WIZ_INST/inst/clk_out1 | TREE_GENERATE_INST/SORTER/CELL_ARRAY_GEN[125].MIDDLE_CELLS.cell_inst_mid/r_symbol            | sys_reset                                              |                4 |             14 |         3.50 |
|  CLOCK_WIZ_INST/inst/clk_out1 | TREE_GENERATE_INST/SORTER/CELL_ARRAY_GEN[124].MIDDLE_CELLS.cell_inst_mid/r_symbol            | sys_reset                                              |                4 |             14 |         3.50 |
|  CLOCK_WIZ_INST/inst/clk_out1 | TREE_GENERATE_INST/SORTER/CELL_ARRAY_GEN[224].MIDDLE_CELLS.cell_inst_mid/r_symbol            | sys_reset                                              |                4 |             14 |         3.50 |
|  CLOCK_WIZ_INST/inst/clk_out1 | TREE_GENERATE_INST/SORTER/CELL_ARRAY_GEN[91].MIDDLE_CELLS.cell_inst_mid/r_symbol             | sys_reset                                              |                4 |             14 |         3.50 |
|  CLOCK_WIZ_INST/inst/clk_out1 | TREE_GENERATE_INST/SORTER/CELL_ARRAY_GEN[234].MIDDLE_CELLS.cell_inst_mid/r_symbol            | sys_reset                                              |                5 |             14 |         2.80 |
|  CLOCK_WIZ_INST/inst/clk_out1 | TREE_GENERATE_INST/SORTER/CELL_ARRAY_GEN[33].MIDDLE_CELLS.cell_inst_mid/r_symbol             | sys_reset                                              |                6 |             14 |         2.33 |
|  CLOCK_WIZ_INST/inst/clk_out1 | TREE_GENERATE_INST/SORTER/CELL_ARRAY_GEN[222].MIDDLE_CELLS.cell_inst_mid/r_symbol            | sys_reset                                              |                4 |             14 |         3.50 |
|  CLOCK_WIZ_INST/inst/clk_out1 | TREE_GENERATE_INST/SORTER/CELL_ARRAY_GEN[70].MIDDLE_CELLS.cell_inst_mid/r_symbol             | sys_reset                                              |                5 |             14 |         2.80 |
|  CLOCK_WIZ_INST/inst/clk_out1 | TREE_GENERATE_INST/SORTER/CELL_ARRAY_GEN[221].MIDDLE_CELLS.cell_inst_mid/r_symbol            | sys_reset                                              |                4 |             14 |         3.50 |
|  CLOCK_WIZ_INST/inst/clk_out1 | TREE_GENERATE_INST/SORTER/CELL_ARRAY_GEN[69].MIDDLE_CELLS.cell_inst_mid/r_symbol             | sys_reset                                              |                3 |             14 |         4.67 |
|  CLOCK_WIZ_INST/inst/clk_out1 | TREE_GENERATE_INST/SORTER/CELL_ARRAY_GEN[43].MIDDLE_CELLS.cell_inst_mid/r_symbol             | sys_reset                                              |                4 |             14 |         3.50 |
|  CLOCK_WIZ_INST/inst/clk_out1 | TREE_GENERATE_INST/SORTER/CELL_ARRAY_GEN[68].MIDDLE_CELLS.cell_inst_mid/r_symbol             | sys_reset                                              |                4 |             14 |         3.50 |
|  CLOCK_WIZ_INST/inst/clk_out1 | TREE_GENERATE_INST/SORTER/CELL_ARRAY_GEN[28].MIDDLE_CELLS.cell_inst_mid/r_symbol             | sys_reset                                              |                6 |             14 |         2.33 |
|  CLOCK_WIZ_INST/inst/clk_out1 | TREE_GENERATE_INST/SORTER/CELL_ARRAY_GEN[218].MIDDLE_CELLS.cell_inst_mid/r_symbol            | sys_reset                                              |                6 |             14 |         2.33 |
|  CLOCK_WIZ_INST/inst/clk_out1 | TREE_GENERATE_INST/SORTER/CELL_ARRAY_GEN[67].MIDDLE_CELLS.cell_inst_mid/r_symbol             | sys_reset                                              |                4 |             14 |         3.50 |
|  CLOCK_WIZ_INST/inst/clk_out1 | TREE_GENERATE_INST/SORTER/CELL_ARRAY_GEN[66].MIDDLE_CELLS.cell_inst_mid/r_symbol             | sys_reset                                              |                6 |             14 |         2.33 |
|  CLOCK_WIZ_INST/inst/clk_out1 | TREE_GENERATE_INST/SORTER/CELL_ARRAY_GEN[217].MIDDLE_CELLS.cell_inst_mid/r_symbol            | sys_reset                                              |                5 |             14 |         2.80 |
|  CLOCK_WIZ_INST/inst/clk_out1 | TREE_GENERATE_INST/SORTER/CELL_ARRAY_GEN[52].MIDDLE_CELLS.cell_inst_mid/r_symbol             | sys_reset                                              |                4 |             14 |         3.50 |
|  CLOCK_WIZ_INST/inst/clk_out1 | TREE_GENERATE_INST/SORTER/CELL_ARRAY_GEN[216].MIDDLE_CELLS.cell_inst_mid/r_symbol            | sys_reset                                              |                7 |             14 |         2.00 |
|  CLOCK_WIZ_INST/inst/clk_out1 | TREE_GENERATE_INST/SORTER/CELL_ARRAY_GEN[215].MIDDLE_CELLS.cell_inst_mid/r_symbol            | sys_reset                                              |                6 |             14 |         2.33 |
|  CLOCK_WIZ_INST/inst/clk_out1 | TREE_GENERATE_INST/SORTER/CELL_ARRAY_GEN[65].MIDDLE_CELLS.cell_inst_mid/r_symbol             | sys_reset                                              |                6 |             14 |         2.33 |
|  CLOCK_WIZ_INST/inst/clk_out1 | TREE_GENERATE_INST/SORTER/CELL_ARRAY_GEN[64].MIDDLE_CELLS.cell_inst_mid/r_symbol             | sys_reset                                              |                4 |             14 |         3.50 |
|  CLOCK_WIZ_INST/inst/clk_out1 | TREE_GENERATE_INST/SORTER/CELL_ARRAY_GEN[214].MIDDLE_CELLS.cell_inst_mid/r_symbol            | sys_reset                                              |                4 |             14 |         3.50 |
|  CLOCK_WIZ_INST/inst/clk_out1 | TREE_GENERATE_INST/SORTER/CELL_ARRAY_GEN[223].MIDDLE_CELLS.cell_inst_mid/r_symbol            | sys_reset                                              |                4 |             14 |         3.50 |
|  CLOCK_WIZ_INST/inst/clk_out1 | TREE_GENERATE_INST/SORTER/CELL_ARRAY_GEN[63].MIDDLE_CELLS.cell_inst_mid/r_symbol             | sys_reset                                              |                4 |             14 |         3.50 |
|  CLOCK_WIZ_INST/inst/clk_out1 | TREE_GENERATE_INST/SORTER/CELL_ARRAY_GEN[62].MIDDLE_CELLS.cell_inst_mid/r_symbol             | sys_reset                                              |                5 |             14 |         2.80 |
|  CLOCK_WIZ_INST/inst/clk_out1 | TREE_GENERATE_INST/SORTER/CELL_ARRAY_GEN[209].MIDDLE_CELLS.cell_inst_mid/r_symbol            | sys_reset                                              |                4 |             14 |         3.50 |
|  CLOCK_WIZ_INST/inst/clk_out1 | TREE_GENERATE_INST/SORTER/CELL_ARRAY_GEN[208].MIDDLE_CELLS.cell_inst_mid/r_symbol            | sys_reset                                              |                4 |             14 |         3.50 |
|  CLOCK_WIZ_INST/inst/clk_out1 | TREE_GENERATE_INST/SORTER/CELL_ARRAY_GEN[61].MIDDLE_CELLS.cell_inst_mid/r_symbol             | sys_reset                                              |                2 |             14 |         7.00 |
|  CLOCK_WIZ_INST/inst/clk_out1 | TREE_GENERATE_INST/SORTER/CELL_ARRAY_GEN[34].MIDDLE_CELLS.cell_inst_mid/r_symbol             | sys_reset                                              |                5 |             14 |         2.80 |
|  CLOCK_WIZ_INST/inst/clk_out1 | TREE_GENERATE_INST/SORTER/CELL_ARRAY_GEN[207].MIDDLE_CELLS.cell_inst_mid/r_symbol            | sys_reset                                              |                5 |             14 |         2.80 |
|  CLOCK_WIZ_INST/inst/clk_out1 | TREE_GENERATE_INST/SORTER/CELL_ARRAY_GEN[60].MIDDLE_CELLS.cell_inst_mid/r_symbol             | sys_reset                                              |                4 |             14 |         3.50 |
|  CLOCK_WIZ_INST/inst/clk_out1 | TREE_GENERATE_INST/SORTER/CELL_ARRAY_GEN[206].MIDDLE_CELLS.cell_inst_mid/r_symbol            | sys_reset                                              |                5 |             14 |         2.80 |
|  CLOCK_WIZ_INST/inst/clk_out1 | TREE_GENERATE_INST/SORTER/CELL_ARRAY_GEN[59].MIDDLE_CELLS.cell_inst_mid/r_symbol             | sys_reset                                              |                3 |             14 |         4.67 |
|  CLOCK_WIZ_INST/inst/clk_out1 | TREE_GENERATE_INST/SORTER/CELL_ARRAY_GEN[27].MIDDLE_CELLS.cell_inst_mid/r_symbol             | sys_reset                                              |                6 |             14 |         2.33 |
|  CLOCK_WIZ_INST/inst/clk_out1 | TREE_GENERATE_INST/SORTER/CELL_ARRAY_GEN[205].MIDDLE_CELLS.cell_inst_mid/r_symbol            | sys_reset                                              |                4 |             14 |         3.50 |
|  CLOCK_WIZ_INST/inst/clk_out1 | TREE_GENERATE_INST/SORTER/CELL_ARRAY_GEN[58].MIDDLE_CELLS.cell_inst_mid/r_symbol             | sys_reset                                              |                5 |             14 |         2.80 |
|  CLOCK_WIZ_INST/inst/clk_out1 | TREE_GENERATE_INST/SORTER/CELL_ARRAY_GEN[204].MIDDLE_CELLS.cell_inst_mid/r_symbol            | sys_reset                                              |                6 |             14 |         2.33 |
|  CLOCK_WIZ_INST/inst/clk_out1 | TREE_GENERATE_INST/SORTER/CELL_ARRAY_GEN[53].MIDDLE_CELLS.cell_inst_mid/r_symbol             | sys_reset                                              |                5 |             14 |         2.80 |
|  CLOCK_WIZ_INST/inst/clk_out1 | TREE_GENERATE_INST/SORTER/CELL_ARRAY_GEN[8].MIDDLE_CELLS.cell_inst_mid/r_symbol              | sys_reset                                              |                4 |             14 |         3.50 |
|  CLOCK_WIZ_INST/inst/clk_out1 | TREE_GENERATE_INST/SORTER/CELL_ARRAY_GEN[203].MIDDLE_CELLS.cell_inst_mid/r_symbol            | sys_reset                                              |                6 |             14 |         2.33 |
|  CLOCK_WIZ_INST/inst/clk_out1 | TREE_GENERATE_INST/SORTER/CELL_ARRAY_GEN[202].MIDDLE_CELLS.cell_inst_mid/r_symbol            | sys_reset                                              |                4 |             14 |         3.50 |
|  CLOCK_WIZ_INST/inst/clk_out1 | TREE_GENERATE_INST/SORTER/CELL_ARRAY_GEN[51].MIDDLE_CELLS.cell_inst_mid/r_symbol             | sys_reset                                              |                4 |             14 |         3.50 |
|  CLOCK_WIZ_INST/inst/clk_out1 | TREE_GENERATE_INST/SORTER/CELL_ARRAY_GEN[201].MIDDLE_CELLS.cell_inst_mid/r_symbol            | sys_reset                                              |                5 |             14 |         2.80 |
|  CLOCK_WIZ_INST/inst/clk_out1 | TREE_GENERATE_INST/SORTER/CELL_ARRAY_GEN[25].MIDDLE_CELLS.cell_inst_mid/r_symbol             | sys_reset                                              |                5 |             14 |         2.80 |
|  CLOCK_WIZ_INST/inst/clk_out1 | TREE_GENERATE_INST/SORTER/CELL_ARRAY_GEN[21].MIDDLE_CELLS.cell_inst_mid/r_symbol             | sys_reset                                              |                6 |             14 |         2.33 |
|  CLOCK_WIZ_INST/inst/clk_out1 | TREE_GENERATE_INST/SORTER/CELL_ARRAY_GEN[210].MIDDLE_CELLS.cell_inst_mid/r_symbol            | sys_reset                                              |                4 |             14 |         3.50 |
|  CLOCK_WIZ_INST/inst/clk_out1 | TREE_GENERATE_INST/SORTER/CELL_ARRAY_GEN[200].MIDDLE_CELLS.cell_inst_mid/r_symbol            | sys_reset                                              |                6 |             14 |         2.33 |
|  CLOCK_WIZ_INST/inst/clk_out1 | TREE_GENERATE_INST/SORTER/CELL_ARRAY_GEN[20].MIDDLE_CELLS.cell_inst_mid/r_symbol             | sys_reset                                              |                4 |             14 |         3.50 |
|  CLOCK_WIZ_INST/inst/clk_out1 | TREE_GENERATE_INST/SORTER/CELL_ARRAY_GEN[199].MIDDLE_CELLS.cell_inst_mid/r_symbol            | sys_reset                                              |                6 |             14 |         2.33 |
|  CLOCK_WIZ_INST/inst/clk_out1 | TREE_GENERATE_INST/SORTER/CELL_ARRAY_GEN[19].MIDDLE_CELLS.cell_inst_mid/r_symbol             | sys_reset                                              |                4 |             14 |         3.50 |
|  CLOCK_WIZ_INST/inst/clk_out1 | TREE_GENERATE_INST/SORTER/CELL_ARRAY_GEN[198].MIDDLE_CELLS.cell_inst_mid/r_symbol            | sys_reset                                              |                5 |             14 |         2.80 |
|  CLOCK_WIZ_INST/inst/clk_out1 | TREE_GENERATE_INST/SORTER/CELL_ARRAY_GEN[35].MIDDLE_CELLS.cell_inst_mid/r_symbol             | sys_reset                                              |                6 |             14 |         2.33 |
|  CLOCK_WIZ_INST/inst/clk_out1 | TREE_GENERATE_INST/SORTER/CELL_ARRAY_GEN[18].MIDDLE_CELLS.cell_inst_mid/r_symbol             | sys_reset                                              |                4 |             14 |         3.50 |
|  CLOCK_WIZ_INST/inst/clk_out1 | TREE_GENERATE_INST/SORTER/CELL_ARRAY_GEN[197].MIDDLE_CELLS.cell_inst_mid/r_symbol            | sys_reset                                              |                6 |             14 |         2.33 |
|  CLOCK_WIZ_INST/inst/clk_out1 | TREE_GENERATE_INST/SORTER/CELL_ARRAY_GEN[196].MIDDLE_CELLS.cell_inst_mid/r_symbol            | sys_reset                                              |                7 |             14 |         2.00 |
|  CLOCK_WIZ_INST/inst/clk_out1 | TREE_GENERATE_INST/SORTER/CELL_ARRAY_GEN[17].MIDDLE_CELLS.cell_inst_mid/r_symbol             | sys_reset                                              |                4 |             14 |         3.50 |
|  CLOCK_WIZ_INST/inst/clk_out1 | TREE_GENERATE_INST/SORTER/CELL_ARRAY_GEN[195].MIDDLE_CELLS.cell_inst_mid/r_symbol            | sys_reset                                              |                5 |             14 |         2.80 |
|  CLOCK_WIZ_INST/inst/clk_out1 | TREE_GENERATE_INST/SORTER/CELL_ARRAY_GEN[9].MIDDLE_CELLS.cell_inst_mid/r_symbol              | sys_reset                                              |                5 |             14 |         2.80 |
|  CLOCK_WIZ_INST/inst/clk_out1 | TREE_GENERATE_INST/SORTER/CELL_ARRAY_GEN[7].MIDDLE_CELLS.cell_inst_mid/r_symbol              | sys_reset                                              |                5 |             14 |         2.80 |
|  CLOCK_WIZ_INST/inst/clk_out1 | TREE_GENERATE_INST/SORTER/CELL_ARRAY_GEN[194].MIDDLE_CELLS.cell_inst_mid/r_symbol            | sys_reset                                              |                6 |             14 |         2.33 |
|  CLOCK_WIZ_INST/inst/clk_out1 | TREE_GENERATE_INST/SORTER/CELL_ARRAY_GEN[193].MIDDLE_CELLS.cell_inst_mid/r_symbol            | sys_reset                                              |                4 |             14 |         3.50 |
|  CLOCK_WIZ_INST/inst/clk_out1 | TREE_GENERATE_INST/SORTER/CELL_ARRAY_GEN[6].MIDDLE_CELLS.cell_inst_mid/r_symbol              | sys_reset                                              |                4 |             14 |         3.50 |
|  CLOCK_WIZ_INST/inst/clk_out1 | TREE_GENERATE_INST/SORTER/CELL_ARRAY_GEN[36].MIDDLE_CELLS.cell_inst_mid/r_symbol             | sys_reset                                              |                3 |             14 |         4.67 |
|  CLOCK_WIZ_INST/inst/clk_out1 | TREE_GENERATE_INST/SORTER/CELL_ARRAY_GEN[192].MIDDLE_CELLS.cell_inst_mid/r_symbol            | sys_reset                                              |                5 |             14 |         2.80 |
|  CLOCK_WIZ_INST/inst/clk_out1 | TREE_GENERATE_INST/SORTER/CELL_ARRAY_GEN[191].MIDDLE_CELLS.cell_inst_mid/r_symbol            | sys_reset                                              |                4 |             14 |         3.50 |
|  CLOCK_WIZ_INST/inst/clk_out1 | TREE_GENERATE_INST/SORTER/CELL_ARRAY_GEN[37].MIDDLE_CELLS.cell_inst_mid/r_symbol             | sys_reset                                              |                5 |             14 |         2.80 |
|  CLOCK_WIZ_INST/inst/clk_out1 | TREE_GENERATE_INST/SORTER/CELL_ARRAY_GEN[190].MIDDLE_CELLS.cell_inst_mid/r_symbol            | sys_reset                                              |                5 |             14 |         2.80 |
|  CLOCK_WIZ_INST/inst/clk_out1 | TREE_GENERATE_INST/SORTER/CELL_ARRAY_GEN[38].MIDDLE_CELLS.cell_inst_mid/r_symbol             | sys_reset                                              |                3 |             14 |         4.67 |
|  CLOCK_WIZ_INST/inst/clk_out1 | TREE_GENERATE_INST/SORTER/CELL_ARRAY_GEN[39].MIDDLE_CELLS.cell_inst_mid/r_symbol             | sys_reset                                              |                4 |             14 |         3.50 |
|  CLOCK_WIZ_INST/inst/clk_out1 | TREE_GENERATE_INST/SORTER/CELL_ARRAY_GEN[189].MIDDLE_CELLS.cell_inst_mid/r_symbol            | sys_reset                                              |                5 |             14 |         2.80 |
|  CLOCK_WIZ_INST/inst/clk_out1 | TREE_GENERATE_INST/SORTER/CELL_ARRAY_GEN[2].MIDDLE_CELLS.cell_inst_mid/r_symbol              | sys_reset                                              |                4 |             14 |         3.50 |
|  CLOCK_WIZ_INST/inst/clk_out1 | TREE_GENERATE_INST/SORTER/CELL_ARRAY_GEN[26].MIDDLE_CELLS.cell_inst_mid/r_symbol             | sys_reset                                              |                3 |             14 |         4.67 |
|  CLOCK_WIZ_INST/inst/clk_out1 | TREE_GENERATE_INST/SORTER/CELL_ARRAY_GEN[188].MIDDLE_CELLS.cell_inst_mid/r_symbol            | sys_reset                                              |                6 |             14 |         2.33 |
|  CLOCK_WIZ_INST/inst/clk_out1 | TREE_GENERATE_INST/SORTER/CELL_ARRAY_GEN[40].MIDDLE_CELLS.cell_inst_mid/r_symbol             | sys_reset                                              |                4 |             14 |         3.50 |
|  CLOCK_WIZ_INST/inst/clk_out1 | TREE_GENERATE_INST/SORTER/CELL_ARRAY_GEN[41].MIDDLE_CELLS.cell_inst_mid/r_symbol             | sys_reset                                              |                5 |             14 |         2.80 |
|  CLOCK_WIZ_INST/inst/clk_out1 | TREE_GENERATE_INST/SORTER/CELL_ARRAY_GEN[187].MIDDLE_CELLS.cell_inst_mid/r_symbol            | sys_reset                                              |                5 |             14 |         2.80 |
|  CLOCK_WIZ_INST/inst/clk_out1 | TREE_GENERATE_INST/SORTER/CELL_ARRAY_GEN[186].MIDDLE_CELLS.cell_inst_mid/r_symbol            | sys_reset                                              |                3 |             14 |         4.67 |
|  CLOCK_WIZ_INST/inst/clk_out1 | TREE_GENERATE_INST/SORTER/CELL_ARRAY_GEN[42].MIDDLE_CELLS.cell_inst_mid/r_symbol             | sys_reset                                              |                4 |             14 |         3.50 |
|  CLOCK_WIZ_INST/inst/clk_out1 | TREE_GENERATE_INST/i_f[66]                                                                   | sys_reset                                              |                3 |             14 |         4.67 |
|  CLOCK_WIZ_INST/inst/clk_out1 | TREE_GENERATE_INST/SORTER/CELL_ARRAY_GEN[185].MIDDLE_CELLS.cell_inst_mid/r_symbol            | sys_reset                                              |                4 |             14 |         3.50 |
|  CLOCK_WIZ_INST/inst/clk_out1 | TREE_GENERATE_INST/SORTER/CELL_ARRAY_GEN[184].MIDDLE_CELLS.cell_inst_mid/r_symbol            | sys_reset                                              |                4 |             14 |         3.50 |
|  CLOCK_WIZ_INST/inst/clk_out1 | TREE_GENERATE_INST/SORTER/CELL_ARRAY_GEN[55].MIDDLE_CELLS.cell_inst_mid/r_symbol             | sys_reset                                              |                3 |             14 |         4.67 |
|  CLOCK_WIZ_INST/inst/clk_out1 | TREE_GENERATE_INST/SORTER/CELL_ARRAY_GEN[183].MIDDLE_CELLS.cell_inst_mid/r_symbol            | sys_reset                                              |                4 |             14 |         3.50 |
|  CLOCK_WIZ_INST/inst/clk_out1 | TREE_GENERATE_INST/SORTER/CELL_ARRAY_GEN[44].MIDDLE_CELLS.cell_inst_mid/r_symbol             | sys_reset                                              |                5 |             14 |         2.80 |
|  CLOCK_WIZ_INST/inst/clk_out1 | TREE_GENERATE_INST/SORTER/CELL_ARRAY_GEN[45].MIDDLE_CELLS.cell_inst_mid/r_symbol             | sys_reset                                              |                5 |             14 |         2.80 |
|  CLOCK_WIZ_INST/inst/clk_out1 | TREE_GENERATE_INST/SORTER/CELL_ARRAY_GEN[182].MIDDLE_CELLS.cell_inst_mid/r_symbol            | sys_reset                                              |                5 |             14 |         2.80 |
|  CLOCK_WIZ_INST/inst/clk_out1 | TREE_GENERATE_INST/SORTER/CELL_ARRAY_GEN[46].MIDDLE_CELLS.cell_inst_mid/r_symbol             | sys_reset                                              |                5 |             14 |         2.80 |
|  CLOCK_WIZ_INST/inst/clk_out1 | TREE_GENERATE_INST/SORTER/CELL_ARRAY_GEN[178].MIDDLE_CELLS.cell_inst_mid/r_symbol            | sys_reset                                              |                6 |             14 |         2.33 |
|  CLOCK_WIZ_INST/inst/clk_out1 | TREE_GENERATE_INST/SORTER/CELL_ARRAY_GEN[246].MIDDLE_CELLS.cell_inst_mid/r_symbol            | sys_reset                                              |                5 |             14 |         2.80 |
|  CLOCK_WIZ_INST/inst/clk_out1 | TREE_GENERATE_INST/SORTER/CELL_ARRAY_GEN[47].MIDDLE_CELLS.cell_inst_mid/r_symbol             | sys_reset                                              |                3 |             14 |         4.67 |
|  CLOCK_WIZ_INST/inst/clk_out1 | TREE_GENERATE_INST/SORTER/CELL_ARRAY_GEN[48].MIDDLE_CELLS.cell_inst_mid/r_symbol             | sys_reset                                              |                4 |             14 |         3.50 |
|  CLOCK_WIZ_INST/inst/clk_out1 | TREE_GENERATE_INST/SORTER/CELL_ARRAY_GEN[177].MIDDLE_CELLS.cell_inst_mid/r_symbol            | sys_reset                                              |                4 |             14 |         3.50 |
|  CLOCK_WIZ_INST/inst/clk_out1 | TREE_GENERATE_INST/SORTER/CELL_ARRAY_GEN[49].MIDDLE_CELLS.cell_inst_mid/r_symbol             | sys_reset                                              |                3 |             14 |         4.67 |
|  CLOCK_WIZ_INST/inst/clk_out1 | TREE_GENERATE_INST/SORTER/CELL_ARRAY_GEN[176].MIDDLE_CELLS.cell_inst_mid/r_symbol            | sys_reset                                              |                6 |             14 |         2.33 |
|  CLOCK_WIZ_INST/inst/clk_out1 | TREE_GENERATE_INST/SORTER/CELL_ARRAY_GEN[3].MIDDLE_CELLS.cell_inst_mid/r_symbol              | sys_reset                                              |                5 |             14 |         2.80 |
|  CLOCK_WIZ_INST/inst/clk_out1 | TREE_GENERATE_INST/SORTER/CELL_ARRAY_GEN[175].MIDDLE_CELLS.cell_inst_mid/r_symbol            | sys_reset                                              |                6 |             14 |         2.33 |
|  CLOCK_WIZ_INST/inst/clk_out1 | TREE_GENERATE_INST/SORTER/CELL_ARRAY_GEN[50].MIDDLE_CELLS.cell_inst_mid/r_symbol             | sys_reset                                              |                2 |             14 |         7.00 |
|  CLOCK_WIZ_INST/inst/clk_out1 | TREE_GENERATE_INST/SORTER/CELL_ARRAY_GEN[24].MIDDLE_CELLS.cell_inst_mid/r_symbol             | sys_reset                                              |                5 |             14 |         2.80 |
|  CLOCK_WIZ_INST/inst/clk_out1 | TREE_GENERATE_INST/SORTER/CELL_ARRAY_GEN[54].MIDDLE_CELLS.cell_inst_mid/r_symbol             | sys_reset                                              |                6 |             14 |         2.33 |
|  CLOCK_WIZ_INST/inst/clk_out1 | TREE_GENERATE_INST/SORTER/CELL_ARRAY_GEN[23].MIDDLE_CELLS.cell_inst_mid/r_symbol             | sys_reset                                              |                4 |             14 |         3.50 |
|  CLOCK_WIZ_INST/inst/clk_out1 | TREE_GENERATE_INST/SORTER/CELL_ARRAY_GEN[173].MIDDLE_CELLS.cell_inst_mid/r_symbol            | sys_reset                                              |                5 |             14 |         2.80 |
|  CLOCK_WIZ_INST/inst/clk_out1 | TREE_GENERATE_INST/SORTER/CELL_ARRAY_GEN[56].MIDDLE_CELLS.cell_inst_mid/r_symbol             | sys_reset                                              |                4 |             14 |         3.50 |
|  CLOCK_WIZ_INST/inst/clk_out1 | TREE_GENERATE_INST/SORTER/CELL_ARRAY_GEN[78].MIDDLE_CELLS.cell_inst_mid/r_symbol             | sys_reset                                              |                3 |             14 |         4.67 |
|  CLOCK_WIZ_INST/inst/clk_out1 | TREE_GENERATE_INST/SORTER/CELL_ARRAY_GEN[57].MIDDLE_CELLS.cell_inst_mid/r_symbol             | sys_reset                                              |                3 |             14 |         4.67 |
|  CLOCK_WIZ_INST/inst/clk_out1 | TREE_GENERATE_INST/SORTER/CELL_ARRAY_GEN[172].MIDDLE_CELLS.cell_inst_mid/r_symbol            | sys_reset                                              |                5 |             14 |         2.80 |
|  CLOCK_WIZ_INST/inst/clk_out1 | TREE_GENERATE_INST/SORTER/CELL_ARRAY_GEN[171].MIDDLE_CELLS.cell_inst_mid/r_symbol            | sys_reset                                              |                4 |             14 |         3.50 |
|  CLOCK_WIZ_INST/inst/clk_out1 | TREE_GENERATE_INST/SORTER/CELL_ARRAY_GEN[71].MIDDLE_CELLS.cell_inst_mid/r_symbol             | sys_reset                                              |                4 |             14 |         3.50 |
|  CLOCK_WIZ_INST/inst/clk_out1 | TREE_GENERATE_INST/SORTER/CELL_ARRAY_GEN[170].MIDDLE_CELLS.cell_inst_mid/r_symbol            | sys_reset                                              |                6 |             14 |         2.33 |
|  CLOCK_WIZ_INST/inst/clk_out1 | TREE_GENERATE_INST/SORTER/CELL_ARRAY_GEN[72].MIDDLE_CELLS.cell_inst_mid/r_symbol             | sys_reset                                              |                4 |             14 |         3.50 |
|  CLOCK_WIZ_INST/inst/clk_out1 | TREE_GENERATE_INST/SORTER/CELL_ARRAY_GEN[169].MIDDLE_CELLS.cell_inst_mid/r_symbol            | sys_reset                                              |                7 |             14 |         2.00 |
|  CLOCK_WIZ_INST/inst/clk_out1 | TREE_GENERATE_INST/SORTER/CELL_ARRAY_GEN[73].MIDDLE_CELLS.cell_inst_mid/r_symbol             | sys_reset                                              |                4 |             14 |         3.50 |
|  CLOCK_WIZ_INST/inst/clk_out1 | TREE_GENERATE_INST/SORTER/CELL_ARRAY_GEN[168].MIDDLE_CELLS.cell_inst_mid/r_symbol            | sys_reset                                              |                3 |             14 |         4.67 |
|  CLOCK_WIZ_INST/inst/clk_out1 | TREE_GENERATE_INST/SORTER/CELL_ARRAY_GEN[74].MIDDLE_CELLS.cell_inst_mid/r_symbol             | sys_reset                                              |                5 |             14 |         2.80 |
|  CLOCK_WIZ_INST/inst/clk_out1 | TREE_GENERATE_INST/SORTER/CELL_ARRAY_GEN[167].MIDDLE_CELLS.cell_inst_mid/r_symbol            | sys_reset                                              |                2 |             14 |         7.00 |
|  CLOCK_WIZ_INST/inst/clk_out1 | TREE_GENERATE_INST/SORTER/CELL_ARRAY_GEN[75].MIDDLE_CELLS.cell_inst_mid/r_symbol             | sys_reset                                              |                4 |             14 |         3.50 |
|  CLOCK_WIZ_INST/inst/clk_out1 | TREE_GENERATE_INST/SORTER/CELL_ARRAY_GEN[166].MIDDLE_CELLS.cell_inst_mid/r_symbol            | sys_reset                                              |                6 |             14 |         2.33 |
|  CLOCK_WIZ_INST/inst/clk_out1 | TREE_GENERATE_INST/SORTER/CELL_ARRAY_GEN[4].MIDDLE_CELLS.cell_inst_mid/r_symbol              | sys_reset                                              |                6 |             14 |         2.33 |
|  CLOCK_WIZ_INST/inst/clk_out1 | TREE_GENERATE_INST/SORTER/CELL_ARRAY_GEN[174].MIDDLE_CELLS.cell_inst_mid/r_symbol            | sys_reset                                              |                6 |             14 |         2.33 |
|  CLOCK_WIZ_INST/inst/clk_out1 | TREE_GENERATE_INST/SORTER/CELL_ARRAY_GEN[165].MIDDLE_CELLS.cell_inst_mid/r_symbol            | sys_reset                                              |                7 |             14 |         2.00 |
|  CLOCK_WIZ_INST/inst/clk_out1 | TREE_GENERATE_INST/SORTER/CELL_ARRAY_GEN[76].MIDDLE_CELLS.cell_inst_mid/r_symbol             | sys_reset                                              |                6 |             14 |         2.33 |
|  CLOCK_WIZ_INST/inst/clk_out1 | TREE_GENERATE_INST/SORTER/CELL_ARRAY_GEN[77].MIDDLE_CELLS.cell_inst_mid/r_symbol             | sys_reset                                              |                3 |             14 |         4.67 |
|  CLOCK_WIZ_INST/inst/clk_out1 | TREE_GENERATE_INST/SORTER/CELL_ARRAY_GEN[22].MIDDLE_CELLS.cell_inst_mid/r_symbol             | sys_reset                                              |                4 |             14 |         3.50 |
|  CLOCK_WIZ_INST/inst/clk_out1 | TREE_GENERATE_INST/SORTER/CELL_ARRAY_GEN[87].MIDDLE_CELLS.cell_inst_mid/r_symbol             | sys_reset                                              |                7 |             14 |         2.00 |
|  CLOCK_WIZ_INST/inst/clk_out1 | TREE_GENERATE_INST/SORTER/CELL_ARRAY_GEN[163].MIDDLE_CELLS.cell_inst_mid/r_symbol            | sys_reset                                              |                5 |             14 |         2.80 |
|  CLOCK_WIZ_INST/inst/clk_out1 | TREE_GENERATE_INST/SORTER/CELL_ARRAY_GEN[162].MIDDLE_CELLS.cell_inst_mid/r_symbol            | sys_reset                                              |                6 |             14 |         2.33 |
|  CLOCK_WIZ_INST/inst/clk_out1 | TREE_GENERATE_INST/SORTER/CELL_ARRAY_GEN[79].MIDDLE_CELLS.cell_inst_mid/r_symbol             | sys_reset                                              |                5 |             14 |         2.80 |
|  CLOCK_WIZ_INST/inst/clk_out1 | TREE_GENERATE_INST/SORTER/CELL_ARRAY_GEN[161].MIDDLE_CELLS.cell_inst_mid/r_symbol            | sys_reset                                              |                4 |             14 |         3.50 |
|  CLOCK_WIZ_INST/inst/clk_out1 | TREE_GENERATE_INST/SORTER/CELL_ARRAY_GEN[80].MIDDLE_CELLS.cell_inst_mid/r_symbol             | sys_reset                                              |                4 |             14 |         3.50 |
|  CLOCK_WIZ_INST/inst/clk_out1 | TREE_GENERATE_INST/SORTER/CELL_ARRAY_GEN[81].MIDDLE_CELLS.cell_inst_mid/r_symbol             | sys_reset                                              |                7 |             14 |         2.00 |
|  CLOCK_WIZ_INST/inst/clk_out1 | TREE_GENERATE_INST/SORTER/CELL_ARRAY_GEN[160].MIDDLE_CELLS.cell_inst_mid/r_symbol            | sys_reset                                              |                4 |             14 |         3.50 |
|  CLOCK_WIZ_INST/inst/clk_out1 | TREE_GENERATE_INST/SORTER/CELL_ARRAY_GEN[159].MIDDLE_CELLS.cell_inst_mid/r_symbol            | sys_reset                                              |                5 |             14 |         2.80 |
|  CLOCK_WIZ_INST/inst/clk_out1 | TREE_GENERATE_INST/SORTER/CELL_ARRAY_GEN[82].MIDDLE_CELLS.cell_inst_mid/r_symbol             | sys_reset                                              |                5 |             14 |         2.80 |
|  CLOCK_WIZ_INST/inst/clk_out1 | TREE_GENERATE_INST/SORTER/CELL_ARRAY_GEN[158].MIDDLE_CELLS.cell_inst_mid/r_symbol            | sys_reset                                              |                4 |             14 |         3.50 |
|  CLOCK_WIZ_INST/inst/clk_out1 | TREE_GENERATE_INST/SORTER/CELL_ARRAY_GEN[83].MIDDLE_CELLS.cell_inst_mid/r_symbol             | sys_reset                                              |                4 |             14 |         3.50 |
|  CLOCK_WIZ_INST/inst/clk_out1 | TREE_GENERATE_INST/SORTER/CELL_ARRAY_GEN[84].MIDDLE_CELLS.cell_inst_mid/r_symbol             | sys_reset                                              |                3 |             14 |         4.67 |
|  CLOCK_WIZ_INST/inst/clk_out1 | TREE_GENERATE_INST/SORTER/CELL_ARRAY_GEN[157].MIDDLE_CELLS.cell_inst_mid/r_symbol            | sys_reset                                              |                6 |             14 |         2.33 |
|  CLOCK_WIZ_INST/inst/clk_out1 | TREE_GENERATE_INST/SORTER/CELL_ARRAY_GEN[85].MIDDLE_CELLS.cell_inst_mid/r_symbol             | sys_reset                                              |                6 |             14 |         2.33 |
|  CLOCK_WIZ_INST/inst/clk_out1 | TREE_GENERATE_INST/SORTER/CELL_ARRAY_GEN[156].MIDDLE_CELLS.cell_inst_mid/r_symbol            | sys_reset                                              |                5 |             14 |         2.80 |
|  CLOCK_WIZ_INST/inst/clk_out1 | TREE_GENERATE_INST/SORTER/CELL_ARRAY_GEN[10].MIDDLE_CELLS.cell_inst_mid/r_symbol             | sys_reset                                              |                5 |             14 |         2.80 |
|  CLOCK_WIZ_INST/inst/clk_out1 | TREE_GENERATE_INST/SORTER/CELL_ARRAY_GEN[164].MIDDLE_CELLS.cell_inst_mid/r_symbol            | sys_reset                                              |                3 |             14 |         4.67 |
|  CLOCK_WIZ_INST/inst/clk_out1 | TREE_GENERATE_INST/SORTER/CELL_ARRAY_GEN[86].MIDDLE_CELLS.cell_inst_mid/r_symbol             | sys_reset                                              |                3 |             14 |         4.67 |
|  CLOCK_WIZ_INST/inst/clk_out1 | TREE_GENERATE_INST/SORTER/CELL_ARRAY_GEN[154].MIDDLE_CELLS.cell_inst_mid/r_symbol            | sys_reset                                              |                4 |             14 |         3.50 |
|  CLOCK_WIZ_INST/inst/clk_out1 | TREE_GENERATE_INST/SORTER/CELL_ARRAY_GEN[88].MIDDLE_CELLS.cell_inst_mid/r_symbol             | sys_reset                                              |                6 |             14 |         2.33 |
|  CLOCK_WIZ_INST/inst/clk_out1 | TREE_GENERATE_INST/SORTER/CELL_ARRAY_GEN[16].MIDDLE_CELLS.cell_inst_mid/r_symbol             | sys_reset                                              |                5 |             14 |         2.80 |
|  CLOCK_WIZ_INST/inst/clk_out1 | TREE_GENERATE_INST/SORTER/CELL_ARRAY_GEN[153].MIDDLE_CELLS.cell_inst_mid/r_symbol            | sys_reset                                              |                5 |             14 |         2.80 |
|  CLOCK_WIZ_INST/inst/clk_out1 | TREE_GENERATE_INST/SORTER/CELL_ARRAY_GEN[89].MIDDLE_CELLS.cell_inst_mid/r_symbol             | sys_reset                                              |                5 |             14 |         2.80 |
|  CLOCK_WIZ_INST/inst/clk_out1 | TREE_GENERATE_INST/SORTER/CELL_ARRAY_GEN[98].MIDDLE_CELLS.cell_inst_mid/r_symbol             | sys_reset                                              |                5 |             14 |         2.80 |
|  CLOCK_WIZ_INST/inst/clk_out1 | TREE_GENERATE_INST/SORTER/CELL_ARRAY_GEN[90].MIDDLE_CELLS.cell_inst_mid/r_symbol             | sys_reset                                              |                4 |             14 |         3.50 |
|  CLOCK_WIZ_INST/inst/clk_out1 | TREE_GENERATE_INST/SORTER/CELL_ARRAY_GEN[152].MIDDLE_CELLS.cell_inst_mid/r_symbol            | sys_reset                                              |                3 |             14 |         4.67 |
|  CLOCK_WIZ_INST/inst/clk_out1 | TREE_GENERATE_INST/SORTER/CELL_ARRAY_GEN[92].MIDDLE_CELLS.cell_inst_mid/r_symbol             | sys_reset                                              |                5 |             14 |         2.80 |
|  CLOCK_WIZ_INST/inst/clk_out1 | TREE_GENERATE_INST/SORTER/CELL_ARRAY_GEN[151].MIDDLE_CELLS.cell_inst_mid/r_symbol            | sys_reset                                              |                4 |             14 |         3.50 |
|  CLOCK_WIZ_INST/inst/clk_out1 | TREE_GENERATE_INST/SORTER/CELL_ARRAY_GEN[150].MIDDLE_CELLS.cell_inst_mid/r_symbol            | sys_reset                                              |                3 |             14 |         4.67 |
|  CLOCK_WIZ_INST/inst/clk_out1 | TREE_GENERATE_INST/SORTER/CELL_ARRAY_GEN[93].MIDDLE_CELLS.cell_inst_mid/r_symbol             | sys_reset                                              |                4 |             14 |         3.50 |
|  CLOCK_WIZ_INST/inst/clk_out1 | TREE_GENERATE_INST/SORTER/CELL_ARRAY_GEN[149].MIDDLE_CELLS.cell_inst_mid/r_symbol            | sys_reset                                              |                6 |             14 |         2.33 |
|  CLOCK_WIZ_INST/inst/clk_out1 | TREE_GENERATE_INST/SORTER/CELL_ARRAY_GEN[148].MIDDLE_CELLS.cell_inst_mid/r_symbol            | sys_reset                                              |                6 |             14 |         2.33 |
|  CLOCK_WIZ_INST/inst/clk_out1 | TREE_GENERATE_INST/SORTER/CELL_ARRAY_GEN[94].MIDDLE_CELLS.cell_inst_mid/r_symbol             | sys_reset                                              |                6 |             14 |         2.33 |
|  CLOCK_WIZ_INST/inst/clk_out1 | TREE_GENERATE_INST/SORTER/CELL_ARRAY_GEN[95].MIDDLE_CELLS.cell_inst_mid/r_symbol             | sys_reset                                              |                5 |             14 |         2.80 |
|  CLOCK_WIZ_INST/inst/clk_out1 | TREE_GENERATE_INST/SORTER/CELL_ARRAY_GEN[147].MIDDLE_CELLS.cell_inst_mid/r_symbol            | sys_reset                                              |                4 |             14 |         3.50 |
|  CLOCK_WIZ_INST/inst/clk_out1 | TREE_GENERATE_INST/SORTER/CELL_ARRAY_GEN[155].MIDDLE_CELLS.cell_inst_mid/r_symbol            | sys_reset                                              |                5 |             14 |         2.80 |
|  CLOCK_WIZ_INST/inst/clk_out1 | TREE_GENERATE_INST/SORTER/CELL_ARRAY_GEN[96].MIDDLE_CELLS.cell_inst_mid/r_symbol             | sys_reset                                              |                4 |             14 |         3.50 |
|  CLOCK_WIZ_INST/inst/clk_out1 | TREE_GENERATE_INST/SORTER/CELL_ARRAY_GEN[11].MIDDLE_CELLS.cell_inst_mid/r_symbol             | sys_reset                                              |                4 |             14 |         3.50 |
|  CLOCK_WIZ_INST/inst/clk_out1 | TREE_GENERATE_INST/SORTER/CELL_ARRAY_GEN[146].MIDDLE_CELLS.cell_inst_mid/r_symbol            | sys_reset                                              |                5 |             14 |         2.80 |
|  CLOCK_WIZ_INST/inst/clk_out1 | TREE_GENERATE_INST/SORTER/CELL_ARRAY_GEN[97].MIDDLE_CELLS.cell_inst_mid/r_symbol             | sys_reset                                              |                4 |             14 |         3.50 |
|  CLOCK_WIZ_INST/inst/clk_out1 | TREE_GENERATE_INST/SORTER/CELL_ARRAY_GEN[144].MIDDLE_CELLS.cell_inst_mid/r_symbol            | sys_reset                                              |                4 |             14 |         3.50 |
|  CLOCK_WIZ_INST/inst/clk_out1 | TREE_GENERATE_INST/SORTER/CELL_ARRAY_GEN[15].MIDDLE_CELLS.cell_inst_mid/r_symbol             | sys_reset                                              |                3 |             14 |         4.67 |
|  CLOCK_WIZ_INST/inst/clk_out1 | TREE_GENERATE_INST/SORTER/CELL_ARRAY_GEN[99].MIDDLE_CELLS.cell_inst_mid/r_symbol             | sys_reset                                              |                4 |             14 |         3.50 |
|  CLOCK_WIZ_INST/inst/clk_out1 | TREE_GENERATE_INST/SORTER/CELL_ARRAY_GEN[100].MIDDLE_CELLS.cell_inst_mid/r_symbol            | sys_reset                                              |                4 |             14 |         3.50 |
|  CLOCK_WIZ_INST/inst/clk_out1 | TREE_GENERATE_INST/SORTER/CELL_ARRAY_GEN[143].MIDDLE_CELLS.cell_inst_mid/r_symbol            | sys_reset                                              |                4 |             14 |         3.50 |
|  CLOCK_WIZ_INST/inst/clk_out1 | TREE_GENERATE_INST/SORTER/CELL_ARRAY_GEN[101].MIDDLE_CELLS.cell_inst_mid/r_symbol            | sys_reset                                              |                4 |             14 |         3.50 |
|  CLOCK_WIZ_INST/inst/clk_out1 | TREE_GENERATE_INST/SORTER/CELL_ARRAY_GEN[142].MIDDLE_CELLS.cell_inst_mid/r_symbol            | sys_reset                                              |                6 |             14 |         2.33 |
|  CLOCK_WIZ_INST/inst/clk_out1 | TREE_GENERATE_INST/SORTER/CELL_ARRAY_GEN[141].MIDDLE_CELLS.cell_inst_mid/r_symbol            | sys_reset                                              |                7 |             14 |         2.00 |
|  CLOCK_WIZ_INST/inst/clk_out1 | TREE_GENERATE_INST/SORTER/CELL_ARRAY_GEN[102].MIDDLE_CELLS.cell_inst_mid/r_symbol            | sys_reset                                              |                4 |             14 |         3.50 |
|  CLOCK_WIZ_INST/inst/clk_out1 | TREE_GENERATE_INST/SORTER/CELL_ARRAY_GEN[103].MIDDLE_CELLS.cell_inst_mid/r_symbol            | sys_reset                                              |                4 |             14 |         3.50 |
|  CLOCK_WIZ_INST/inst/clk_out1 | TREE_GENERATE_INST/SORTER/CELL_ARRAY_GEN[140].MIDDLE_CELLS.cell_inst_mid/r_symbol            | sys_reset                                              |                4 |             14 |         3.50 |
|  CLOCK_WIZ_INST/inst/clk_out1 | TREE_GENERATE_INST/SORTER/CELL_ARRAY_GEN[104].MIDDLE_CELLS.cell_inst_mid/r_symbol            | sys_reset                                              |                6 |             14 |         2.33 |
|  CLOCK_WIZ_INST/inst/clk_out1 | TREE_GENERATE_INST/SORTER/CELL_ARRAY_GEN[139].MIDDLE_CELLS.cell_inst_mid/r_symbol            | sys_reset                                              |                5 |             14 |         2.80 |
|  CLOCK_WIZ_INST/inst/clk_out1 | TREE_GENERATE_INST/SORTER/CELL_ARRAY_GEN[138].MIDDLE_CELLS.cell_inst_mid/r_symbol            | sys_reset                                              |                5 |             14 |         2.80 |
|  CLOCK_WIZ_INST/inst/clk_out1 | TREE_GENERATE_INST/SORTER/CELL_ARRAY_GEN[105].MIDDLE_CELLS.cell_inst_mid/r_symbol            | sys_reset                                              |                6 |             14 |         2.33 |
|  CLOCK_WIZ_INST/inst/clk_out1 | TREE_GENERATE_INST/SORTER/CELL_ARRAY_GEN[106].MIDDLE_CELLS.cell_inst_mid/r_symbol            | sys_reset                                              |                5 |             14 |         2.80 |
|  CLOCK_WIZ_INST/inst/clk_out1 | TREE_GENERATE_INST/SORTER/CELL_ARRAY_GEN[137].MIDDLE_CELLS.cell_inst_mid/r_symbol            | sys_reset                                              |                5 |             14 |         2.80 |
|  CLOCK_WIZ_INST/inst/clk_out1 | TREE_GENERATE_INST/SORTER/CELL_ARRAY_GEN[12].MIDDLE_CELLS.cell_inst_mid/r_symbol             | sys_reset                                              |                4 |             14 |         3.50 |
|  CLOCK_WIZ_INST/inst/clk_out1 | TREE_GENERATE_INST/SORTER/CELL_ARRAY_GEN[145].MIDDLE_CELLS.cell_inst_mid/r_symbol            | sys_reset                                              |                4 |             14 |         3.50 |
|  CLOCK_WIZ_INST/inst/clk_out1 | TREE_GENERATE_INST/SORTER/CELL_ARRAY_GEN[107].MIDDLE_CELLS.cell_inst_mid/r_symbol            | sys_reset                                              |                4 |             14 |         3.50 |
|  CLOCK_WIZ_INST/inst/clk_out1 | TREE_GENERATE_INST/SORTER/CELL_ARRAY_GEN[135].MIDDLE_CELLS.cell_inst_mid/r_symbol            | sys_reset                                              |                4 |             14 |         3.50 |
|  CLOCK_WIZ_INST/inst/clk_out1 | TREE_GENERATE_INST/SORTER/CELL_ARRAY_GEN[13].MIDDLE_CELLS.cell_inst_mid/r_symbol             | sys_reset                                              |                3 |             14 |         4.67 |
|  CLOCK_WIZ_INST/inst/clk_out1 | TREE_GENERATE_INST/SORTER/CELL_ARRAY_GEN[134].MIDDLE_CELLS.cell_inst_mid/r_symbol            | sys_reset                                              |                4 |             14 |         3.50 |
|  CLOCK_WIZ_INST/inst/clk_out1 | TREE_GENERATE_INST/SORTER/CELL_ARRAY_GEN[108].MIDDLE_CELLS.cell_inst_mid/r_symbol            | sys_reset                                              |                4 |             14 |         3.50 |
|  CLOCK_WIZ_INST/inst/clk_out1 | TREE_GENERATE_INST/SORTER/CELL_ARRAY_GEN[14].MIDDLE_CELLS.cell_inst_mid/r_symbol             | sys_reset                                              |                3 |             14 |         4.67 |
|  CLOCK_WIZ_INST/inst/clk_out1 | TREE_GENERATE_INST/SORTER/CELL_ARRAY_GEN[0].FIRST_CELL.cell_inst_0/r_symbol                  | sys_reset                                              |                3 |             14 |         4.67 |
|  CLOCK_WIZ_INST/inst/clk_out1 | TREE_GENERATE_INST/SORTER/CELL_ARRAY_GEN[109].MIDDLE_CELLS.cell_inst_mid/r_symbol            | sys_reset                                              |                4 |             14 |         3.50 |
|  CLOCK_WIZ_INST/inst/clk_out1 | TREE_GENERATE_INST/SORTER/CELL_ARRAY_GEN[117].MIDDLE_CELLS.cell_inst_mid/r_symbol            | sys_reset                                              |                5 |             14 |         2.80 |
|  CLOCK_WIZ_INST/inst/clk_out1 | TREE_GENERATE_INST/SORTER/CELL_ARRAY_GEN[110].MIDDLE_CELLS.cell_inst_mid/r_symbol            | sys_reset                                              |                4 |             14 |         3.50 |
|  CLOCK_WIZ_INST/inst/clk_out1 | TREE_GENERATE_INST/SORTER/CELL_ARRAY_GEN[5].MIDDLE_CELLS.cell_inst_mid/r_symbol              | sys_reset                                              |                4 |             14 |         3.50 |
|  CLOCK_WIZ_INST/inst/clk_out1 | TREE_GENERATE_INST/SORTER/CELL_ARRAY_GEN[136].MIDDLE_CELLS.cell_inst_mid/r_symbol            | sys_reset                                              |                5 |             14 |         2.80 |
|  CLOCK_WIZ_INST/inst/clk_out1 | TREE_GENERATE_INST/SORTER/CELL_ARRAY_GEN[111].MIDDLE_CELLS.cell_inst_mid/r_symbol            | sys_reset                                              |                5 |             14 |         2.80 |
|  CLOCK_WIZ_INST/inst/clk_out1 | TREE_GENERATE_INST/i_f[68]                                                                   | sys_reset                                              |                2 |             14 |         7.00 |
|  CLOCK_WIZ_INST/inst/clk_out1 | TREE_GENERATE_INST/SORTER/CELL_ARRAY_GEN[112].MIDDLE_CELLS.cell_inst_mid/r_symbol            | sys_reset                                              |                5 |             14 |         2.80 |
|  CLOCK_WIZ_INST/inst/clk_out1 | TREE_GENERATE_INST/i_f[65]                                                                   | sys_reset                                              |                5 |             14 |         2.80 |
|  CLOCK_WIZ_INST/inst/clk_out1 | TREE_GENERATE_INST/SORTER/CELL_ARRAY_GEN[113].MIDDLE_CELLS.cell_inst_mid/r_symbol            | sys_reset                                              |                5 |             14 |         2.80 |
|  CLOCK_WIZ_INST/inst/clk_out1 | TREE_GENERATE_INST/i_f[69]                                                                   | sys_reset                                              |                5 |             14 |         2.80 |
|  CLOCK_WIZ_INST/inst/clk_out1 | TREE_GENERATE_INST/SORTER/CELL_ARRAY_GEN[114].MIDDLE_CELLS.cell_inst_mid/r_symbol            | sys_reset                                              |                3 |             14 |         4.67 |
|  CLOCK_WIZ_INST/inst/clk_out1 | TREE_GENERATE_INST/i_f[67]                                                                   | sys_reset                                              |                3 |             14 |         4.67 |
|  CLOCK_WIZ_INST/inst/clk_out1 | TREE_GENERATE_INST/SORTER/CELL_ARRAY_GEN[115].MIDDLE_CELLS.cell_inst_mid/r_symbol            | sys_reset                                              |                5 |             14 |         2.80 |
|  CLOCK_WIZ_INST/inst/clk_out1 | TREE_GENERATE_INST/SORTER/CELL_ARRAY_GEN[116].MIDDLE_CELLS.cell_inst_mid/r_symbol            | sys_reset                                              |                4 |             14 |         3.50 |
|  CLOCK_WIZ_INST/inst/clk_out1 | TREE_GENERATE_INST/SORTER/CELL_ARRAY_GEN[245].MIDDLE_CELLS.cell_inst_mid/r_symbol            | sys_reset                                              |                5 |             14 |         2.80 |
|  CLOCK_WIZ_INST/inst/clk_out1 | CANONICAL_CODE_GENERATE_INST/r_code[14]_i_1_n_0                                              |                                                        |                3 |             14 |         4.67 |
|  CLOCK_WIZ_INST/inst/clk_out1 | TREE_GENERATE_INST/SORTER/CELL_ARRAY_GEN[118].MIDDLE_CELLS.cell_inst_mid/r_symbol            | sys_reset                                              |                5 |             14 |         2.80 |
|  CLOCK_WIZ_INST/inst/clk_out1 | TREE_GENERATE_INST/SORTER/CELL_ARRAY_GEN[119].MIDDLE_CELLS.cell_inst_mid/r_symbol            | sys_reset                                              |                5 |             14 |         2.80 |
|  CLOCK_WIZ_INST/inst/clk_out1 | TREE_GENERATE_INST/i_f[195]                                                                  | sys_reset                                              |               13 |             14 |         1.08 |
|  CLOCK_WIZ_INST/inst/clk_out1 | TREE_GENERATE_INST/SORTER/CELL_ARRAY_GEN[120].MIDDLE_CELLS.cell_inst_mid/r_symbol            | sys_reset                                              |                5 |             14 |         2.80 |
|  CLOCK_WIZ_INST/inst/clk_out1 | TREE_GENERATE_INST/SORTER/CELL_ARRAY_GEN[121].MIDDLE_CELLS.cell_inst_mid/r_symbol            | sys_reset                                              |                4 |             14 |         3.50 |
|  CLOCK_WIZ_INST/inst/clk_out1 | TREE_GENERATE_INST/SORTER/CELL_ARRAY_GEN[122].MIDDLE_CELLS.cell_inst_mid/r_symbol            | sys_reset                                              |                5 |             14 |         2.80 |
|  CLOCK_WIZ_INST/inst/clk_out1 | TREE_GENERATE_INST/SORTER/CELL_ARRAY_GEN[123].MIDDLE_CELLS.cell_inst_mid/r_symbol            | sys_reset                                              |                5 |             14 |         2.80 |
|  CLOCK_WIZ_INST/inst/clk_out1 | TREE_GENERATE_INST/i_f[123]                                                                  | sys_reset                                              |                7 |             14 |         2.00 |
|  CLOCK_WIZ_INST/inst/clk_out1 | TREE_GENERATE_INST/SORTER/CELL_ARRAY_GEN[126].MIDDLE_CELLS.cell_inst_mid/r_symbol            | sys_reset                                              |                4 |             14 |         3.50 |
|  CLOCK_WIZ_INST/inst/clk_out1 | TREE_GENERATE_INST/SORTER/CELL_ARRAY_GEN[127].MIDDLE_CELLS.cell_inst_mid/r_symbol            | sys_reset                                              |                5 |             14 |         2.80 |
|  CLOCK_WIZ_INST/inst/clk_out1 | TREE_GENERATE_INST/SORTER/CELL_ARRAY_GEN[128].MIDDLE_CELLS.cell_inst_mid/r_symbol            | sys_reset                                              |                4 |             14 |         3.50 |
|  CLOCK_WIZ_INST/inst/clk_out1 | TREE_GENERATE_INST/i_f[0][13]_i_1_n_0                                                        | sys_reset                                              |                4 |             14 |         3.50 |
|  CLOCK_WIZ_INST/inst/clk_out1 | TREE_GENERATE_INST/i_f[70]                                                                   | sys_reset                                              |                4 |             14 |         3.50 |
|  CLOCK_WIZ_INST/inst/clk_out1 | TREE_GENERATE_INST/i_f[72]                                                                   | sys_reset                                              |                5 |             14 |         2.80 |
|  CLOCK_WIZ_INST/inst/clk_out1 | TREE_GENERATE_INST/i_f[79]                                                                   | sys_reset                                              |                5 |             14 |         2.80 |
|  CLOCK_WIZ_INST/inst/clk_out1 | TREE_GENERATE_INST/i_f[83]                                                                   | sys_reset                                              |               10 |             14 |         1.40 |
|  CLOCK_WIZ_INST/inst/clk_out1 | TREE_GENERATE_INST/i_f[84]                                                                   | sys_reset                                              |                8 |             14 |         1.75 |
|  CLOCK_WIZ_INST/inst/clk_out1 | TREE_GENERATE_INST/i_f[74]                                                                   | sys_reset                                              |                4 |             14 |         3.50 |
|  CLOCK_WIZ_INST/inst/clk_out1 | TREE_GENERATE_INST/i_f[80]                                                                   | sys_reset                                              |                2 |             14 |         7.00 |
|  CLOCK_WIZ_INST/inst/clk_out1 | TREE_GENERATE_INST/i_f[77]                                                                   | sys_reset                                              |                3 |             14 |         4.67 |
|  CLOCK_WIZ_INST/inst/clk_out1 | TREE_GENERATE_INST/i_f[86]                                                                   | sys_reset                                              |                9 |             14 |         1.56 |
|  CLOCK_WIZ_INST/inst/clk_out1 | TREE_GENERATE_INST/i_f[76]                                                                   | sys_reset                                              |                6 |             14 |         2.33 |
|  CLOCK_WIZ_INST/inst/clk_out1 | TREE_GENERATE_INST/i_f[75]                                                                   | sys_reset                                              |                2 |             14 |         7.00 |
|  CLOCK_WIZ_INST/inst/clk_out1 | TREE_GENERATE_INST/i_f[71]                                                                   | sys_reset                                              |                4 |             14 |         3.50 |
|  CLOCK_WIZ_INST/inst/clk_out1 | TREE_GENERATE_INST/i_f[87]                                                                   | sys_reset                                              |                8 |             14 |         1.75 |
|  CLOCK_WIZ_INST/inst/clk_out1 | TREE_GENERATE_INST/i_f[88]                                                                   | sys_reset                                              |                9 |             14 |         1.56 |
|  CLOCK_WIZ_INST/inst/clk_out1 | TREE_GENERATE_INST/i_f[6]                                                                    | sys_reset                                              |                5 |             14 |         2.80 |
|  CLOCK_WIZ_INST/inst/clk_out1 | TREE_GENERATE_INST/i_f[7]                                                                    | sys_reset                                              |                4 |             14 |         3.50 |
|  CLOCK_WIZ_INST/inst/clk_out1 | TREE_GENERATE_INST/i_f[82]                                                                   | sys_reset                                              |                8 |             14 |         1.75 |
|  CLOCK_WIZ_INST/inst/clk_out1 | TREE_GENERATE_INST/i_f[89]                                                                   | sys_reset                                              |               10 |             14 |         1.40 |
|  CLOCK_WIZ_INST/inst/clk_out1 | TREE_GENERATE_INST/i_f[78]                                                                   | sys_reset                                              |                3 |             14 |         4.67 |
|  CLOCK_WIZ_INST/inst/clk_out1 | TREE_GENERATE_INST/i_f[73]                                                                   | sys_reset                                              |                3 |             14 |         4.67 |
|  CLOCK_WIZ_INST/inst/clk_out1 | TREE_GENERATE_INST/i_f[81]                                                                   | sys_reset                                              |                7 |             14 |         2.00 |
|  CLOCK_WIZ_INST/inst/clk_out1 | TREE_GENERATE_INST/i_f[8]                                                                    | sys_reset                                              |                4 |             14 |         3.50 |
|  CLOCK_WIZ_INST/inst/clk_out1 | TREE_GENERATE_INST/i_f[85]                                                                   | sys_reset                                              |                8 |             14 |         1.75 |
|  CLOCK_WIZ_INST/inst/clk_out1 | TREE_GENERATE_INST/i_f[90]                                                                   | sys_reset                                              |                9 |             14 |         1.56 |
|  CLOCK_WIZ_INST/inst/clk_out1 | TREE_GENERATE_INST/i_f[99]                                                                   | sys_reset                                              |                2 |             14 |         7.00 |
|  CLOCK_WIZ_INST/inst/clk_out1 | TREE_GENERATE_INST/i_f[93]                                                                   | sys_reset                                              |                5 |             14 |         2.80 |
|  CLOCK_WIZ_INST/inst/clk_out1 | TREE_GENERATE_INST/i_f[94]                                                                   | sys_reset                                              |                8 |             14 |         1.75 |
|  CLOCK_WIZ_INST/inst/clk_out1 | TREE_GENERATE_INST/i_f[97]                                                                   | sys_reset                                              |                3 |             14 |         4.67 |
|  CLOCK_WIZ_INST/inst/clk_out1 | TREE_GENERATE_INST/i_f[96]                                                                   | sys_reset                                              |                2 |             14 |         7.00 |
|  CLOCK_WIZ_INST/inst/clk_out1 | TREE_GENERATE_INST/i_f[9]                                                                    | sys_reset                                              |                3 |             14 |         4.67 |
|  CLOCK_WIZ_INST/inst/clk_out1 | TREE_GENERATE_INST/i_f[91]                                                                   | sys_reset                                              |               11 |             14 |         1.27 |
|  CLOCK_WIZ_INST/inst/clk_out1 | TREE_GENERATE_INST/i_f[92]                                                                   | sys_reset                                              |                8 |             14 |         1.75 |
|  CLOCK_WIZ_INST/inst/clk_out1 | TREE_GENERATE_INST/i_f[95]                                                                   | sys_reset                                              |                9 |             14 |         1.56 |
|  CLOCK_WIZ_INST/inst/clk_out1 | TREE_GENERATE_INST/i_f[98]                                                                   | sys_reset                                              |                5 |             14 |         2.80 |
|  CLOCK_WIZ_INST/inst/clk_out1 | TREE_GENERATE_INST/i_f[100]                                                                  | sys_reset                                              |               11 |             14 |         1.27 |
|  CLOCK_WIZ_INST/inst/clk_out1 | TREE_GENERATE_INST/i_f[109]                                                                  | sys_reset                                              |                5 |             14 |         2.80 |
|  CLOCK_WIZ_INST/inst/clk_out1 | TREE_GENERATE_INST/i_f[116]                                                                  | sys_reset                                              |                6 |             14 |         2.33 |
|  CLOCK_WIZ_INST/inst/clk_out1 | TREE_GENERATE_INST/i_f[110]                                                                  | sys_reset                                              |                3 |             14 |         4.67 |
|  CLOCK_WIZ_INST/inst/clk_out1 | TREE_GENERATE_INST/i_f[102]                                                                  | sys_reset                                              |                4 |             14 |         3.50 |
|  CLOCK_WIZ_INST/inst/clk_out1 | TREE_GENERATE_INST/i_f[104]                                                                  | sys_reset                                              |                2 |             14 |         7.00 |
|  CLOCK_WIZ_INST/inst/clk_out1 | TREE_GENERATE_INST/i_f[117]                                                                  | sys_reset                                              |                6 |             14 |         2.33 |
|  CLOCK_WIZ_INST/inst/clk_out1 | TREE_GENERATE_INST/i_f[10]                                                                   | sys_reset                                              |                4 |             14 |         3.50 |
|  CLOCK_WIZ_INST/inst/clk_out1 | TREE_GENERATE_INST/i_f[112]                                                                  | sys_reset                                              |                3 |             14 |         4.67 |
|  CLOCK_WIZ_INST/inst/clk_out1 | TREE_GENERATE_INST/i_f[111]                                                                  | sys_reset                                              |                3 |             14 |         4.67 |
|  CLOCK_WIZ_INST/inst/clk_out1 | TREE_GENERATE_INST/i_f[114]                                                                  | sys_reset                                              |                6 |             14 |         2.33 |
|  CLOCK_WIZ_INST/inst/clk_out1 | TREE_GENERATE_INST/i_f[103]                                                                  | sys_reset                                              |                9 |             14 |         1.56 |
|  CLOCK_WIZ_INST/inst/clk_out1 | TREE_GENERATE_INST/i_f[105]                                                                  | sys_reset                                              |                5 |             14 |         2.80 |
|  CLOCK_WIZ_INST/inst/clk_out1 | TREE_GENERATE_INST/i_f[115]                                                                  | sys_reset                                              |                5 |             14 |         2.80 |
|  CLOCK_WIZ_INST/inst/clk_out1 | TREE_GENERATE_INST/i_f[108]                                                                  | sys_reset                                              |                7 |             14 |         2.00 |
|  CLOCK_WIZ_INST/inst/clk_out1 | TREE_GENERATE_INST/i_f[106]                                                                  | sys_reset                                              |                5 |             14 |         2.80 |
|  CLOCK_WIZ_INST/inst/clk_out1 | TREE_GENERATE_INST/i_f[113]                                                                  | sys_reset                                              |                6 |             14 |         2.33 |
|  CLOCK_WIZ_INST/inst/clk_out1 | TREE_GENERATE_INST/i_f[107]                                                                  | sys_reset                                              |                2 |             14 |         7.00 |
|  CLOCK_WIZ_INST/inst/clk_out1 | TREE_GENERATE_INST/i_f[101]                                                                  | sys_reset                                              |               12 |             14 |         1.17 |
|  CLOCK_WIZ_INST/inst/clk_out1 | TREE_GENERATE_INST/i_f[133]                                                                  | sys_reset                                              |               12 |             14 |         1.17 |
|  CLOCK_WIZ_INST/inst/clk_out1 | TREE_GENERATE_INST/i_f[119]                                                                  | sys_reset                                              |                4 |             14 |         3.50 |
|  CLOCK_WIZ_INST/inst/clk_out1 | TREE_GENERATE_INST/i_f[11]                                                                   | sys_reset                                              |                3 |             14 |         4.67 |
|  CLOCK_WIZ_INST/inst/clk_out1 | TREE_GENERATE_INST/i_f[131]                                                                  | sys_reset                                              |                9 |             14 |         1.56 |
|  CLOCK_WIZ_INST/inst/clk_out1 | TREE_GENERATE_INST/i_f[135]                                                                  | sys_reset                                              |               12 |             14 |         1.17 |
|  CLOCK_WIZ_INST/inst/clk_out1 | TREE_GENERATE_INST/i_f[137]                                                                  | sys_reset                                              |               12 |             14 |         1.17 |
|  CLOCK_WIZ_INST/inst/clk_out1 | TREE_GENERATE_INST/i_f[129]                                                                  | sys_reset                                              |               10 |             14 |         1.40 |
|  CLOCK_WIZ_INST/inst/clk_out1 | TREE_GENERATE_INST/i_f[130]                                                                  | sys_reset                                              |                5 |             14 |         2.80 |
|  CLOCK_WIZ_INST/inst/clk_out1 | TREE_GENERATE_INST/i_f[126]                                                                  | sys_reset                                              |                5 |             14 |         2.80 |
|  CLOCK_WIZ_INST/inst/clk_out1 | TREE_GENERATE_INST/i_f[121]                                                                  | sys_reset                                              |                6 |             14 |         2.33 |
|  CLOCK_WIZ_INST/inst/clk_out1 | TREE_GENERATE_INST/i_f[120]                                                                  | sys_reset                                              |                4 |             14 |         3.50 |
|  CLOCK_WIZ_INST/inst/clk_out1 | TREE_GENERATE_INST/i_f[124]                                                                  | sys_reset                                              |                7 |             14 |         2.00 |
|  CLOCK_WIZ_INST/inst/clk_out1 | TREE_GENERATE_INST/i_f[132]                                                                  | sys_reset                                              |               10 |             14 |         1.40 |
|  CLOCK_WIZ_INST/inst/clk_out1 | TREE_GENERATE_INST/i_f[127]                                                                  | sys_reset                                              |                8 |             14 |         1.75 |
|  CLOCK_WIZ_INST/inst/clk_out1 | TREE_GENERATE_INST/i_f[125]                                                                  | sys_reset                                              |                7 |             14 |         2.00 |
|  CLOCK_WIZ_INST/inst/clk_out1 | TREE_GENERATE_INST/i_f[12]                                                                   | sys_reset                                              |                5 |             14 |         2.80 |
|  CLOCK_WIZ_INST/inst/clk_out1 | TREE_GENERATE_INST/i_f[128]                                                                  | sys_reset                                              |                5 |             14 |         2.80 |
|  CLOCK_WIZ_INST/inst/clk_out1 | TREE_GENERATE_INST/i_f[118]                                                                  | sys_reset                                              |                6 |             14 |         2.33 |
|  CLOCK_WIZ_INST/inst/clk_out1 | TREE_GENERATE_INST/i_f[134]                                                                  | sys_reset                                              |               11 |             14 |         1.27 |
|  CLOCK_WIZ_INST/inst/clk_out1 | TREE_GENERATE_INST/i_f[136]                                                                  | sys_reset                                              |               10 |             14 |         1.40 |
|  CLOCK_WIZ_INST/inst/clk_out1 | TREE_GENERATE_INST/i_f[138]                                                                  | sys_reset                                              |                8 |             14 |         1.75 |
|  CLOCK_WIZ_INST/inst/clk_out1 | TREE_GENERATE_INST/i_f[122]                                                                  | sys_reset                                              |                5 |             14 |         2.80 |
|  CLOCK_WIZ_INST/inst/clk_out1 | TREE_GENERATE_INST/i_f[151]                                                                  | sys_reset                                              |                5 |             14 |         2.80 |
|  CLOCK_WIZ_INST/inst/clk_out1 | TREE_GENERATE_INST/i_f[143]                                                                  | sys_reset                                              |                8 |             14 |         1.75 |
|  CLOCK_WIZ_INST/inst/clk_out1 | TREE_GENERATE_INST/i_f[139]                                                                  | sys_reset                                              |               12 |             14 |         1.17 |
|  CLOCK_WIZ_INST/inst/clk_out1 | TREE_GENERATE_INST/i_f[152]                                                                  | sys_reset                                              |                9 |             14 |         1.56 |
|  CLOCK_WIZ_INST/inst/clk_out1 | TREE_GENERATE_INST/i_f[154]                                                                  | sys_reset                                              |                7 |             14 |         2.00 |
|  CLOCK_WIZ_INST/inst/clk_out1 | TREE_GENERATE_INST/i_f[13]                                                                   | sys_reset                                              |                6 |             14 |         2.33 |
|  CLOCK_WIZ_INST/inst/clk_out1 | TREE_GENERATE_INST/i_f[141]                                                                  | sys_reset                                              |                8 |             14 |         1.75 |
|  CLOCK_WIZ_INST/inst/clk_out1 | TREE_GENERATE_INST/i_f[146]                                                                  | sys_reset                                              |                4 |             14 |         3.50 |
|  CLOCK_WIZ_INST/inst/clk_out1 | TREE_GENERATE_INST/i_f[147]                                                                  | sys_reset                                              |                8 |             14 |         1.75 |
|  CLOCK_WIZ_INST/inst/clk_out1 | TREE_GENERATE_INST/i_f[148]                                                                  | sys_reset                                              |                5 |             14 |         2.80 |
|  CLOCK_WIZ_INST/inst/clk_out1 | TREE_GENERATE_INST/i_f[144]                                                                  | sys_reset                                              |                7 |             14 |         2.00 |
|  CLOCK_WIZ_INST/inst/clk_out1 | TREE_GENERATE_INST/i_f[155]                                                                  | sys_reset                                              |                5 |             14 |         2.80 |
|  CLOCK_WIZ_INST/inst/clk_out1 | TREE_GENERATE_INST/i_f[153]                                                                  | sys_reset                                              |                7 |             14 |         2.00 |
|  CLOCK_WIZ_INST/inst/clk_out1 | TREE_GENERATE_INST/i_f[156]                                                                  | sys_reset                                              |                3 |             14 |         4.67 |
|  CLOCK_WIZ_INST/inst/clk_out1 | TREE_GENERATE_INST/i_f[150]                                                                  | sys_reset                                              |               11 |             14 |         1.27 |
|  CLOCK_WIZ_INST/inst/clk_out1 | TREE_GENERATE_INST/i_f[157]                                                                  | sys_reset                                              |                8 |             14 |         1.75 |
|  CLOCK_WIZ_INST/inst/clk_out1 | TREE_GENERATE_INST/i_f[158]                                                                  | sys_reset                                              |                6 |             14 |         2.33 |
|  CLOCK_WIZ_INST/inst/clk_out1 | TREE_GENERATE_INST/i_f[159]                                                                  | sys_reset                                              |                3 |             14 |         4.67 |
|  CLOCK_WIZ_INST/inst/clk_out1 | TREE_GENERATE_INST/i_f[15]                                                                   | sys_reset                                              |                2 |             14 |         7.00 |
|  CLOCK_WIZ_INST/inst/clk_out1 | TREE_GENERATE_INST/i_f[160]                                                                  | sys_reset                                              |                2 |             14 |         7.00 |
|  CLOCK_WIZ_INST/inst/clk_out1 | TREE_GENERATE_INST/i_f[142]                                                                  | sys_reset                                              |               10 |             14 |         1.40 |
|  CLOCK_WIZ_INST/inst/clk_out1 | TREE_GENERATE_INST/i_f[145]                                                                  | sys_reset                                              |                4 |             14 |         3.50 |
|  CLOCK_WIZ_INST/inst/clk_out1 | TREE_GENERATE_INST/i_f[140]                                                                  | sys_reset                                              |                7 |             14 |         2.00 |
|  CLOCK_WIZ_INST/inst/clk_out1 | TREE_GENERATE_INST/i_f[149]                                                                  | sys_reset                                              |                7 |             14 |         2.00 |
|  CLOCK_WIZ_INST/inst/clk_out1 | TREE_GENERATE_INST/i_f[14]                                                                   | sys_reset                                              |                3 |             14 |         4.67 |
|  CLOCK_WIZ_INST/inst/clk_out1 | TREE_GENERATE_INST/i_f[161]                                                                  | sys_reset                                              |                8 |             14 |         1.75 |
|  CLOCK_WIZ_INST/inst/clk_out1 | TREE_GENERATE_INST/i_f[180]                                                                  | sys_reset                                              |                8 |             14 |         1.75 |
|  CLOCK_WIZ_INST/inst/clk_out1 | TREE_GENERATE_INST/i_f[164]                                                                  | sys_reset                                              |                8 |             14 |         1.75 |
|  CLOCK_WIZ_INST/inst/clk_out1 | TREE_GENERATE_INST/i_f[174]                                                                  | sys_reset                                              |                9 |             14 |         1.56 |
|  CLOCK_WIZ_INST/inst/clk_out1 | TREE_GENERATE_INST/i_f[17]                                                                   | sys_reset                                              |                6 |             14 |         2.33 |
|  CLOCK_WIZ_INST/inst/clk_out1 | TREE_GENERATE_INST/i_f[170]                                                                  | sys_reset                                              |                8 |             14 |         1.75 |
|  CLOCK_WIZ_INST/inst/clk_out1 | TREE_GENERATE_INST/i_f[172]                                                                  | sys_reset                                              |               10 |             14 |         1.40 |
|  CLOCK_WIZ_INST/inst/clk_out1 | TREE_GENERATE_INST/i_f[167]                                                                  | sys_reset                                              |                7 |             14 |         2.00 |
|  CLOCK_WIZ_INST/inst/clk_out1 | TREE_GENERATE_INST/i_f[178]                                                                  | sys_reset                                              |                7 |             14 |         2.00 |
|  CLOCK_WIZ_INST/inst/clk_out1 | TREE_GENERATE_INST/i_f[166]                                                                  | sys_reset                                              |                9 |             14 |         1.56 |
|  CLOCK_WIZ_INST/inst/clk_out1 | TREE_GENERATE_INST/i_f[163]                                                                  | sys_reset                                              |               10 |             14 |         1.40 |
|  CLOCK_WIZ_INST/inst/clk_out1 | TREE_GENERATE_INST/i_f[165]                                                                  | sys_reset                                              |                7 |             14 |         2.00 |
|  CLOCK_WIZ_INST/inst/clk_out1 | TREE_GENERATE_INST/i_f[168]                                                                  | sys_reset                                              |                8 |             14 |         1.75 |
|  CLOCK_WIZ_INST/inst/clk_out1 | TREE_GENERATE_INST/i_f[16]                                                                   | sys_reset                                              |                3 |             14 |         4.67 |
|  CLOCK_WIZ_INST/inst/clk_out1 | TREE_GENERATE_INST/i_f[173]                                                                  | sys_reset                                              |                7 |             14 |         2.00 |
|  CLOCK_WIZ_INST/inst/clk_out1 | TREE_GENERATE_INST/i_f[175]                                                                  | sys_reset                                              |                6 |             14 |         2.33 |
|  CLOCK_WIZ_INST/inst/clk_out1 | TREE_GENERATE_INST/i_f[176]                                                                  | sys_reset                                              |                3 |             14 |         4.67 |
|  CLOCK_WIZ_INST/inst/clk_out1 | TREE_GENERATE_INST/i_f[179]                                                                  | sys_reset                                              |                7 |             14 |         2.00 |
|  CLOCK_WIZ_INST/inst/clk_out1 | TREE_GENERATE_INST/i_f[162]                                                                  | sys_reset                                              |                7 |             14 |         2.00 |
|  CLOCK_WIZ_INST/inst/clk_out1 | TREE_GENERATE_INST/i_f[177]                                                                  | sys_reset                                              |               10 |             14 |         1.40 |
|  CLOCK_WIZ_INST/inst/clk_out1 | TREE_GENERATE_INST/i_f[171]                                                                  | sys_reset                                              |                8 |             14 |         1.75 |
|  CLOCK_WIZ_INST/inst/clk_out1 | TREE_GENERATE_INST/i_f[169]                                                                  | sys_reset                                              |                9 |             14 |         1.56 |
|  CLOCK_WIZ_INST/inst/clk_out1 | TREE_GENERATE_INST/i_f[198]                                                                  | sys_reset                                              |                9 |             14 |         1.56 |
|  CLOCK_WIZ_INST/inst/clk_out1 | TREE_GENERATE_INST/i_f[1]                                                                    | sys_reset                                              |                3 |             14 |         4.67 |
|  CLOCK_WIZ_INST/inst/clk_out1 | TREE_GENERATE_INST/i_f[196]                                                                  | sys_reset                                              |                9 |             14 |         1.56 |
|  CLOCK_WIZ_INST/inst/clk_out1 | TREE_GENERATE_INST/i_f[182]                                                                  | sys_reset                                              |               10 |             14 |         1.40 |
|  CLOCK_WIZ_INST/inst/clk_out1 | TREE_GENERATE_INST/i_f[191]                                                                  | sys_reset                                              |                5 |             14 |         2.80 |
|  CLOCK_WIZ_INST/inst/clk_out1 | TREE_GENERATE_INST/i_f[197]                                                                  | sys_reset                                              |                7 |             14 |         2.00 |
|  CLOCK_WIZ_INST/inst/clk_out1 | TREE_GENERATE_INST/i_f[185]                                                                  | sys_reset                                              |               13 |             14 |         1.08 |
|  CLOCK_WIZ_INST/inst/clk_out1 | TREE_GENERATE_INST/i_f[187]                                                                  | sys_reset                                              |                4 |             14 |         3.50 |
|  CLOCK_WIZ_INST/inst/clk_out1 | TREE_GENERATE_INST/i_f[193]                                                                  | sys_reset                                              |                9 |             14 |         1.56 |
|  CLOCK_WIZ_INST/inst/clk_out1 | TREE_GENERATE_INST/SORTER/CELL_ARRAY_GEN[181].MIDDLE_CELLS.cell_inst_mid/r_symbol            | sys_reset                                              |                4 |             14 |         3.50 |
|  CLOCK_WIZ_INST/inst/clk_out1 | TREE_GENERATE_INST/i_f[199]                                                                  | sys_reset                                              |                8 |             14 |         1.75 |
|  CLOCK_WIZ_INST/inst/clk_out1 | TREE_GENERATE_INST/i_f[19]                                                                   | sys_reset                                              |                6 |             14 |         2.33 |
|  CLOCK_WIZ_INST/inst/clk_out1 | TREE_GENERATE_INST/i_f[183]                                                                  | sys_reset                                              |                7 |             14 |         2.00 |
|  CLOCK_WIZ_INST/inst/clk_out1 | TREE_GENERATE_INST/i_f[184]                                                                  | sys_reset                                              |                9 |             14 |         1.56 |
|  CLOCK_WIZ_INST/inst/clk_out1 | TREE_GENERATE_INST/i_f[186]                                                                  | sys_reset                                              |                9 |             14 |         1.56 |
|  CLOCK_WIZ_INST/inst/clk_out1 | TREE_GENERATE_INST/i_f[190]                                                                  | sys_reset                                              |                4 |             14 |         3.50 |
|  CLOCK_WIZ_INST/inst/clk_out1 | TREE_GENERATE_INST/i_f[194]                                                                  | sys_reset                                              |                9 |             14 |         1.56 |
|  CLOCK_WIZ_INST/inst/clk_out1 | TREE_GENERATE_INST/i_f[18]                                                                   | sys_reset                                              |                7 |             14 |         2.00 |
|  CLOCK_WIZ_INST/inst/clk_out1 | TREE_GENERATE_INST/i_f[200]                                                                  | sys_reset                                              |                9 |             14 |         1.56 |
|  CLOCK_WIZ_INST/inst/clk_out1 | TREE_GENERATE_INST/i_f[201]                                                                  | sys_reset                                              |                8 |             14 |         1.75 |
|  CLOCK_WIZ_INST/inst/clk_out1 | TREE_GENERATE_INST/i_f[188]                                                                  | sys_reset                                              |                7 |             14 |         2.00 |
|  CLOCK_WIZ_INST/inst/clk_out1 | TREE_GENERATE_INST/i_f[189]                                                                  | sys_reset                                              |                5 |             14 |         2.80 |
|  CLOCK_WIZ_INST/inst/clk_out1 | TREE_GENERATE_INST/i_f[181]                                                                  | sys_reset                                              |                9 |             14 |         1.56 |
|  CLOCK_WIZ_INST/inst/clk_out1 | TREE_GENERATE_INST/i_f[192]                                                                  | sys_reset                                              |                2 |             14 |         7.00 |
|  CLOCK_WIZ_INST/inst/clk_out1 | TREE_GENERATE_INST/i_f[204]                                                                  | sys_reset                                              |               10 |             14 |         1.40 |
|  CLOCK_WIZ_INST/inst/clk_out1 | TREE_GENERATE_INST/i_f[213]                                                                  | sys_reset                                              |                5 |             14 |         2.80 |
|  CLOCK_WIZ_INST/inst/clk_out1 | TREE_GENERATE_INST/i_f[217]                                                                  | sys_reset                                              |                7 |             14 |         2.00 |
|  CLOCK_WIZ_INST/inst/clk_out1 | TREE_GENERATE_INST/i_f[220]                                                                  | sys_reset                                              |                3 |             14 |         4.67 |
|  CLOCK_WIZ_INST/inst/clk_out1 | TREE_GENERATE_INST/i_f[221]                                                                  | sys_reset                                              |               10 |             14 |         1.40 |
|  CLOCK_WIZ_INST/inst/clk_out1 | TREE_GENERATE_INST/i_f[207]                                                                  | sys_reset                                              |                6 |             14 |         2.33 |
|  CLOCK_WIZ_INST/inst/clk_out1 | TREE_GENERATE_INST/i_f[203]                                                                  | sys_reset                                              |                9 |             14 |         1.56 |
|  CLOCK_WIZ_INST/inst/clk_out1 | TREE_GENERATE_INST/i_f[205]                                                                  | sys_reset                                              |                7 |             14 |         2.00 |
|  CLOCK_WIZ_INST/inst/clk_out1 | TREE_GENERATE_INST/i_f[223]                                                                  | sys_reset                                              |                3 |             14 |         4.67 |
|  CLOCK_WIZ_INST/inst/clk_out1 | TREE_GENERATE_INST/i_f[214]                                                                  | sys_reset                                              |                4 |             14 |         3.50 |
|  CLOCK_WIZ_INST/inst/clk_out1 | TREE_GENERATE_INST/i_f[209]                                                                  | sys_reset                                              |                6 |             14 |         2.33 |
|  CLOCK_WIZ_INST/inst/clk_out1 | TREE_GENERATE_INST/i_f[211]                                                                  | sys_reset                                              |               12 |             14 |         1.17 |
|  CLOCK_WIZ_INST/inst/clk_out1 | TREE_GENERATE_INST/i_f[202]                                                                  | sys_reset                                              |                9 |             14 |         1.56 |
|  CLOCK_WIZ_INST/inst/clk_out1 | TREE_GENERATE_INST/i_f[206]                                                                  | sys_reset                                              |               10 |             14 |         1.40 |
|  CLOCK_WIZ_INST/inst/clk_out1 | TREE_GENERATE_INST/i_f[218]                                                                  | sys_reset                                              |                8 |             14 |         1.75 |
|  CLOCK_WIZ_INST/inst/clk_out1 | TREE_GENERATE_INST/i_f[219]                                                                  | sys_reset                                              |                4 |             14 |         3.50 |
|  CLOCK_WIZ_INST/inst/clk_out1 | TREE_GENERATE_INST/i_f[215]                                                                  | sys_reset                                              |                6 |             14 |         2.33 |
|  CLOCK_WIZ_INST/inst/clk_out1 | TREE_GENERATE_INST/i_f[21]                                                                   | sys_reset                                              |                8 |             14 |         1.75 |
|  CLOCK_WIZ_INST/inst/clk_out1 | TREE_GENERATE_INST/i_f[20]                                                                   | sys_reset                                              |                9 |             14 |         1.56 |
|  CLOCK_WIZ_INST/inst/clk_out1 | TREE_GENERATE_INST/i_f[208]                                                                  | sys_reset                                              |                7 |             14 |         2.00 |
|  CLOCK_WIZ_INST/inst/clk_out1 | TREE_GENERATE_INST/i_f[216]                                                                  | sys_reset                                              |                4 |             14 |         3.50 |
|  CLOCK_WIZ_INST/inst/clk_out1 | TREE_GENERATE_INST/i_f[210]                                                                  | sys_reset                                              |                8 |             14 |         1.75 |
|  CLOCK_WIZ_INST/inst/clk_out1 | TREE_GENERATE_INST/i_f[222]                                                                  | sys_reset                                              |                5 |             14 |         2.80 |
|  CLOCK_WIZ_INST/inst/clk_out1 | TREE_GENERATE_INST/i_f[212]                                                                  | sys_reset                                              |               12 |             14 |         1.17 |
|  CLOCK_WIZ_INST/inst/clk_out1 | TREE_GENERATE_INST/i_f[23]                                                                   | sys_reset                                              |               11 |             14 |         1.27 |
|  CLOCK_WIZ_INST/inst/clk_out1 | TREE_GENERATE_INST/i_f[226]                                                                  | sys_reset                                              |                2 |             14 |         7.00 |
|  CLOCK_WIZ_INST/inst/clk_out1 | TREE_GENERATE_INST/i_f[240]                                                                  | sys_reset                                              |                6 |             14 |         2.33 |
|  CLOCK_WIZ_INST/inst/clk_out1 | TREE_GENERATE_INST/i_f[224]                                                                  | sys_reset                                              |                3 |             14 |         4.67 |
|  CLOCK_WIZ_INST/inst/clk_out1 | TREE_GENERATE_INST/i_f[241]                                                                  | sys_reset                                              |                2 |             14 |         7.00 |
|  CLOCK_WIZ_INST/inst/clk_out1 | TREE_GENERATE_INST/i_f[243]                                                                  | sys_reset                                              |                5 |             14 |         2.80 |
|  CLOCK_WIZ_INST/inst/clk_out1 | TREE_GENERATE_INST/i_f[229]                                                                  | sys_reset                                              |               12 |             14 |         1.17 |
|  CLOCK_WIZ_INST/inst/clk_out1 | TREE_GENERATE_INST/i_f[234]                                                                  | sys_reset                                              |                5 |             14 |         2.80 |
|  CLOCK_WIZ_INST/inst/clk_out1 | TREE_GENERATE_INST/i_f[242]                                                                  | sys_reset                                              |                2 |             14 |         7.00 |
|  CLOCK_WIZ_INST/inst/clk_out1 | TREE_GENERATE_INST/i_f[244]                                                                  | sys_reset                                              |                6 |             14 |         2.33 |
|  CLOCK_WIZ_INST/inst/clk_out1 | TREE_GENERATE_INST/i_f[239]                                                                  | sys_reset                                              |               11 |             14 |         1.27 |
|  CLOCK_WIZ_INST/inst/clk_out1 | TREE_GENERATE_INST/i_f[236]                                                                  | sys_reset                                              |                4 |             14 |         3.50 |
|  CLOCK_WIZ_INST/inst/clk_out1 | TREE_GENERATE_INST/i_f[225]                                                                  | sys_reset                                              |                4 |             14 |         3.50 |
|  CLOCK_WIZ_INST/inst/clk_out1 | TREE_GENERATE_INST/i_f[237]                                                                  | sys_reset                                              |                6 |             14 |         2.33 |
|  CLOCK_WIZ_INST/inst/clk_out1 | TREE_GENERATE_INST/i_f[245]                                                                  | sys_reset                                              |                4 |             14 |         3.50 |
|  CLOCK_WIZ_INST/inst/clk_out1 | TREE_GENERATE_INST/i_f[246]                                                                  | sys_reset                                              |                7 |             14 |         2.00 |
|  CLOCK_WIZ_INST/inst/clk_out1 | TREE_GENERATE_INST/i_f[231]                                                                  | sys_reset                                              |               11 |             14 |         1.27 |
|  CLOCK_WIZ_INST/inst/clk_out1 | TREE_GENERATE_INST/i_f[235]                                                                  | sys_reset                                              |                6 |             14 |         2.33 |
|  CLOCK_WIZ_INST/inst/clk_out1 | TREE_GENERATE_INST/i_f[238]                                                                  | sys_reset                                              |                8 |             14 |         1.75 |
|  CLOCK_WIZ_INST/inst/clk_out1 | TREE_GENERATE_INST/i_f[22]                                                                   | sys_reset                                              |               11 |             14 |         1.27 |
|  CLOCK_WIZ_INST/inst/clk_out1 | TREE_GENERATE_INST/i_f[232]                                                                  | sys_reset                                              |                8 |             14 |         1.75 |
|  CLOCK_WIZ_INST/inst/clk_out1 | TREE_GENERATE_INST/i_f[230]                                                                  | sys_reset                                              |                4 |             14 |         3.50 |
|  CLOCK_WIZ_INST/inst/clk_out1 | TREE_GENERATE_INST/i_f[233]                                                                  | sys_reset                                              |                4 |             14 |         3.50 |
|  CLOCK_WIZ_INST/inst/clk_out1 | TREE_GENERATE_INST/i_f[227]                                                                  | sys_reset                                              |                4 |             14 |         3.50 |
|  CLOCK_WIZ_INST/inst/clk_out1 | TREE_GENERATE_INST/i_f[228]                                                                  | sys_reset                                              |                8 |             14 |         1.75 |
|  CLOCK_WIZ_INST/inst/clk_out1 | TREE_GENERATE_INST/i_f[29]                                                                   | sys_reset                                              |                9 |             14 |         1.56 |
|  CLOCK_WIZ_INST/inst/clk_out1 | TREE_GENERATE_INST/i_f[30]                                                                   | sys_reset                                              |                9 |             14 |         1.56 |
|  CLOCK_WIZ_INST/inst/clk_out1 | TREE_GENERATE_INST/i_f[26]                                                                   | sys_reset                                              |                7 |             14 |         2.00 |
|  CLOCK_WIZ_INST/inst/clk_out1 | TREE_GENERATE_INST/i_f[248]                                                                  | sys_reset                                              |                2 |             14 |         7.00 |
|  CLOCK_WIZ_INST/inst/clk_out1 | TREE_GENERATE_INST/i_f[32]                                                                   | sys_reset                                              |                8 |             14 |         1.75 |
|  CLOCK_WIZ_INST/inst/clk_out1 | TREE_GENERATE_INST/i_f[28]                                                                   | sys_reset                                              |               11 |             14 |         1.27 |
|  CLOCK_WIZ_INST/inst/clk_out1 | TREE_GENERATE_INST/i_f[250]                                                                  | sys_reset                                              |                2 |             14 |         7.00 |
|  CLOCK_WIZ_INST/inst/clk_out1 | TREE_GENERATE_INST/i_f[254]                                                                  | sys_reset                                              |                2 |             14 |         7.00 |
|  CLOCK_WIZ_INST/inst/clk_out1 | TREE_GENERATE_INST/i_f[247]                                                                  | sys_reset                                              |                6 |             14 |         2.33 |
|  CLOCK_WIZ_INST/inst/clk_out1 | TREE_GENERATE_INST/i_f[251]                                                                  | sys_reset                                              |                3 |             14 |         4.67 |
|  CLOCK_WIZ_INST/inst/clk_out1 | TREE_GENERATE_INST/i_f[27]                                                                   | sys_reset                                              |               11 |             14 |         1.27 |
|  CLOCK_WIZ_INST/inst/clk_out1 | TREE_GENERATE_INST/i_f[255]                                                                  | sys_reset                                              |                5 |             14 |         2.80 |
|  CLOCK_WIZ_INST/inst/clk_out1 | TREE_GENERATE_INST/i_f[34]                                                                   | sys_reset                                              |                8 |             14 |         1.75 |
|  CLOCK_WIZ_INST/inst/clk_out1 | TREE_GENERATE_INST/i_f[24]                                                                   | sys_reset                                              |               13 |             14 |         1.08 |
|  CLOCK_WIZ_INST/inst/clk_out1 | TREE_GENERATE_INST/i_f[2]                                                                    | sys_reset                                              |                4 |             14 |         3.50 |
|  CLOCK_WIZ_INST/inst/clk_out1 | TREE_GENERATE_INST/i_f[253]                                                                  | sys_reset                                              |                5 |             14 |         2.80 |
|  CLOCK_WIZ_INST/inst/clk_out1 | TREE_GENERATE_INST/i_f[36]                                                                   | sys_reset                                              |                5 |             14 |         2.80 |
|  CLOCK_WIZ_INST/inst/clk_out1 | TREE_GENERATE_INST/i_f[25]                                                                   | sys_reset                                              |                9 |             14 |         1.56 |
|  CLOCK_WIZ_INST/inst/clk_out1 | TREE_GENERATE_INST/i_f[33]                                                                   | sys_reset                                              |                5 |             14 |         2.80 |
|  CLOCK_WIZ_INST/inst/clk_out1 | TREE_GENERATE_INST/i_f[249]                                                                  | sys_reset                                              |                2 |             14 |         7.00 |
|  CLOCK_WIZ_INST/inst/clk_out1 | TREE_GENERATE_INST/i_f[35]                                                                   | sys_reset                                              |                4 |             14 |         3.50 |
|  CLOCK_WIZ_INST/inst/clk_out1 | TREE_GENERATE_INST/i_f[39]                                                                   | sys_reset                                              |                6 |             14 |         2.33 |
|  CLOCK_WIZ_INST/inst/clk_out1 | TREE_GENERATE_INST/i_f[252]                                                                  | sys_reset                                              |                3 |             14 |         4.67 |
|  CLOCK_WIZ_INST/inst/clk_out1 | TREE_GENERATE_INST/i_f[38]                                                                   | sys_reset                                              |                3 |             14 |         4.67 |
|  CLOCK_WIZ_INST/inst/clk_out1 | TREE_GENERATE_INST/i_f[31]                                                                   | sys_reset                                              |                8 |             14 |         1.75 |
|  CLOCK_WIZ_INST/inst/clk_out1 | TREE_GENERATE_INST/i_f[37]                                                                   | sys_reset                                              |                5 |             14 |         2.80 |
|  CLOCK_WIZ_INST/inst/clk_out1 | TREE_GENERATE_INST/i_f[43]                                                                   | sys_reset                                              |                3 |             14 |         4.67 |
|  CLOCK_WIZ_INST/inst/clk_out1 | TREE_GENERATE_INST/i_f[45]                                                                   | sys_reset                                              |                4 |             14 |         3.50 |
|  CLOCK_WIZ_INST/inst/clk_out1 | TREE_GENERATE_INST/i_f[57]                                                                   | sys_reset                                              |                7 |             14 |         2.00 |
|  CLOCK_WIZ_INST/inst/clk_out1 | TREE_GENERATE_INST/i_f[5]                                                                    | sys_reset                                              |                2 |             14 |         7.00 |
|  CLOCK_WIZ_INST/inst/clk_out1 | TREE_GENERATE_INST/i_f[47]                                                                   | sys_reset                                              |                6 |             14 |         2.33 |
|  CLOCK_WIZ_INST/inst/clk_out1 | TREE_GENERATE_INST/i_f[63]                                                                   | sys_reset                                              |                7 |             14 |         2.00 |
|  CLOCK_WIZ_INST/inst/clk_out1 | TREE_GENERATE_INST/i_f[44]                                                                   | sys_reset                                              |               10 |             14 |         1.40 |
|  CLOCK_WIZ_INST/inst/clk_out1 | TREE_GENERATE_INST/i_f[48]                                                                   | sys_reset                                              |                6 |             14 |         2.33 |
|  CLOCK_WIZ_INST/inst/clk_out1 | TREE_GENERATE_INST/i_f[3]                                                                    | sys_reset                                              |                6 |             14 |         2.33 |
|  CLOCK_WIZ_INST/inst/clk_out1 | TREE_GENERATE_INST/i_f[40]                                                                   | sys_reset                                              |                8 |             14 |         1.75 |
|  CLOCK_WIZ_INST/inst/clk_out1 | TREE_GENERATE_INST/i_f[60]                                                                   | sys_reset                                              |                7 |             14 |         2.00 |
|  CLOCK_WIZ_INST/inst/clk_out1 | TREE_GENERATE_INST/i_f[61]                                                                   | sys_reset                                              |                9 |             14 |         1.56 |
|  CLOCK_WIZ_INST/inst/clk_out1 | TREE_GENERATE_INST/i_f[46]                                                                   | sys_reset                                              |                7 |             14 |         2.00 |
|  CLOCK_WIZ_INST/inst/clk_out1 | CANONICAL_CODE_GENERATE_INST/next_code[10][15]_i_2_n_0                                       | CANONICAL_CODE_GENERATE_INST/next_code[10][15]_i_1_n_0 |                4 |             15 |         3.75 |
|  CLOCK_WIZ_INST/inst/clk_out1 | CANONICAL_CODE_GENERATE_INST/next_code[1][15]_i_2_n_0                                        | CANONICAL_CODE_GENERATE_INST/next_code[1][15]_i_1_n_0  |                4 |             15 |         3.75 |
|  CLOCK_WIZ_INST/inst/clk_out1 | CANONICAL_CODE_GENERATE_INST/next_code[9][15]_i_1_n_0                                        |                                                        |                8 |             16 |         2.00 |
|  CLOCK_WIZ_INST/inst/clk_out1 | CANONICAL_CODE_GENERATE_INST/next_code[12][15]_i_1_n_0                                       |                                                        |                7 |             16 |         2.29 |
|  CLOCK_WIZ_INST/inst/clk_out1 | CANONICAL_CODE_GENERATE_INST/next_code[13][15]_i_1_n_0                                       |                                                        |                7 |             16 |         2.29 |
|  CLOCK_WIZ_INST/inst/clk_out1 | CANONICAL_CODE_GENERATE_INST/next_code[11][15]_i_1_n_0                                       |                                                        |                8 |             16 |         2.00 |
|  CLOCK_WIZ_INST/inst/clk_out1 | CANONICAL_CODE_GENERATE_INST/next_code[14][15]_i_1_n_0                                       |                                                        |                9 |             16 |         1.78 |
|  CLOCK_WIZ_INST/inst/clk_out1 | CANONICAL_CODE_GENERATE_INST/next_code[15][15]_i_1_n_0                                       |                                                        |                6 |             16 |         2.67 |
|  CLOCK_WIZ_INST/inst/clk_out1 | CANONICAL_CODE_GENERATE_INST/next_code[16][15]_i_1_n_0                                       |                                                        |                7 |             16 |         2.29 |
|  CLOCK_WIZ_INST/inst/clk_out1 | CANONICAL_CODE_GENERATE_INST/next_code[2][15]_i_1_n_0                                        |                                                        |                5 |             16 |         3.20 |
|  CLOCK_WIZ_INST/inst/clk_out1 | CANONICAL_CODE_GENERATE_INST/next_code[4][15]_i_1_n_0                                        |                                                        |               10 |             16 |         1.60 |
|  CLOCK_WIZ_INST/inst/clk_out1 | CANONICAL_CODE_GENERATE_INST/next_code[3][15]_i_1_n_0                                        |                                                        |                6 |             16 |         2.67 |
|  CLOCK_WIZ_INST/inst/clk_out1 | CANONICAL_CODE_GENERATE_INST/next_code[5][15]_i_1_n_0                                        |                                                        |                7 |             16 |         2.29 |
|  CLOCK_WIZ_INST/inst/clk_out1 | CANONICAL_CODE_GENERATE_INST/next_code[7][15]_i_1_n_0                                        |                                                        |               10 |             16 |         1.60 |
|  CLOCK_WIZ_INST/inst/clk_out1 | CANONICAL_CODE_GENERATE_INST/next_code[6][15]_i_1_n_0                                        |                                                        |                9 |             16 |         1.78 |
|  CLOCK_WIZ_INST/inst/clk_out1 | LENGTH_GENERATE_INST/len_addra[7]_i_1_n_0                                                    |                                                        |               11 |             16 |         1.45 |
|  CLOCK_WIZ_INST/inst/clk_out1 | HISTOGRAM_GENERATE_INST/valid_d1                                                             | sys_reset                                              |                4 |             16 |         4.00 |
|  CLOCK_WIZ_INST/inst/clk_out1 | CANONICAL_CODE_GENERATE_INST/next_code[8][15]_i_1_n_0                                        |                                                        |               12 |             16 |         1.33 |
|  CLOCK_WIZ_INST/inst/clk_out1 | TREE_GENERATE_INST/tree_addr_reg[7]_i_1_n_0                                                  |                                                        |               10 |             17 |         1.70 |
|  CLOCK_WIZ_INST/inst/clk_out1 |                                                                                              | sys_reset                                              |               11 |             18 |         1.64 |
|  CLOCK_WIZ_INST/inst/clk_out1 | LENGTH_GENERATE_INST/fifo_wr                                                                 | LENGTH_GENERATE_INST/fifo_rd                           |                6 |             22 |         3.67 |
|  CLOCK_WIZ_INST/inst/clk_out1 | TREE_GENERATE_INST/SORTER/shift_all__0[255]                                                  | sys_reset                                              |                8 |             22 |         2.75 |
|  CLOCK_WIZ_INST/inst/clk_out1 | LENGTH_GENERATE_INST/fifo_addr_even_reg_r1_64_127_0_2_i_1_n_0                                |                                                        |                6 |             24 |         4.00 |
|  CLOCK_WIZ_INST/inst/clk_out1 | TREE_GENERATE_INST/i_id_reg_r1_0_63_0_2_i_1_n_0                                              |                                                        |                6 |             24 |         4.00 |
|  CLOCK_WIZ_INST/inst/clk_out1 | TREE_GENERATE_INST/i_id_reg_r1_64_127_0_2_i_1_n_0                                            |                                                        |                6 |             24 |         4.00 |
|  CLOCK_WIZ_INST/inst/clk_out1 | TREE_GENERATE_INST/i_id_reg_r1_192_255_0_2_i_1_n_0                                           |                                                        |                6 |             24 |         4.00 |
|  CLOCK_WIZ_INST/inst/clk_out1 | TREE_GENERATE_INST/i_id_reg_r1_128_191_0_2_i_1_n_0                                           |                                                        |                6 |             24 |         4.00 |
|  CLOCK_WIZ_INST/inst/clk_out1 | LENGTH_GENERATE_INST/stack_addr_reg_192_255_0_2_i_1_n_0                                      |                                                        |                6 |             24 |         4.00 |
|  CLOCK_WIZ_INST/inst/clk_out1 | LENGTH_GENERATE_INST/stack_addr_reg_128_191_0_2_i_1_n_0                                      |                                                        |                6 |             24 |         4.00 |
|  CLOCK_WIZ_INST/inst/clk_out1 | LENGTH_GENERATE_INST/stack_addr_reg_0_63_0_2_i_1_n_0                                         |                                                        |                6 |             24 |         4.00 |
|  CLOCK_WIZ_INST/inst/clk_out1 | LENGTH_GENERATE_INST/fifo_addr_even_reg_r1_0_63_0_2_i_4_n_0                                  |                                                        |                6 |             24 |         4.00 |
|  CLOCK_WIZ_INST/inst/clk_out1 | LENGTH_GENERATE_INST/stack_addr_reg_64_127_0_2_i_1_n_0                                       |                                                        |                6 |             24 |         4.00 |
|  CLOCK_WIZ_INST/inst/clk_out1 | LENGTH_GENERATE_INST/len_wea_i_1_n_0                                                         | LENGTH_GENERATE_INST/fifo_rd                           |                6 |             27 |         4.50 |
|  CLOCK_WIZ_INST/inst/clk_out1 | CANONICAL_CODE_GENERATE_INST/dict_wr_addr                                                    |                                                        |                8 |             32 |         4.00 |
|  CLOCK_WIZ_INST/inst/clk_out1 | TREE_GENERATE_INST/write_ptr                                                                 | sys_reset                                              |               76 |            141 |         1.86 |
|  CLOCK_WIZ_INST/inst/clk_out1 |                                                                                              |                                                        |              218 |            485 |         2.22 |
|  CLOCK_WIZ_INST/inst/clk_out1 | LENGTH_GENERATE_INST/fifo_addr_odd1_out                                                      |                                                        |              321 |           1024 |         3.19 |
|  CLOCK_WIZ_INST/inst/clk_out1 | LENGTH_GENERATE_INST/fifo_depth_even                                                         |                                                        |              449 |           1024 |         2.28 |
+-------------------------------+----------------------------------------------------------------------------------------------+--------------------------------------------------------+------------------+----------------+--------------+


