Copyright 1986-2022 Xilinx, Inc. All Rights Reserved. Copyright 2022-2024 Advanced Micro Devices, Inc. All Rights Reserved.
------------------------------------------------------------------------------------------------------------------------------------------------------------------------------------------------------------------------------------------
| Tool Version : Vivado v.2024.1 (win64) Build 5076996 Wed May 22 18:37:14 MDT 2024
| Date         : Thu Sep 24 01:23:41 2026
| Host         : racopc running 64-bit major release  (build 9200)
| Command      : report_timing_summary -max_paths 10 -report_unconstrained -file huffman_encoder_timing_summary_routed.rpt -pb huffman_encoder_timing_summary_routed.pb -rpx huffman_encoder_timing_summary_routed.rpx -warn_on_violation
| Design       : huffman_encoder
| Device       : 7z020-clg400
| Speed File   : -1  PRODUCTION 1.12 2019-11-22
| Design State : Routed
------------------------------------------------------------------------------------------------------------------------------------------------------------------------------------------------------------------------------------------

Timing Summary Report

------------------------------------------------------------------------------------------------
| Timer Settings
| --------------
------------------------------------------------------------------------------------------------

  Enable Multi Corner Analysis               :  Yes
  Enable Pessimism Removal                   :  Yes
  Pessimism Removal Resolution               :  Nearest Common Node
  Enable Input Delay Default Clock           :  No
  Enable Preset / Clear Arcs                 :  No
  Disable Flight Delays                      :  No
  Ignore I/O Paths                           :  No
  Timing Early Launch at Borrowing Latches   :  No
  Borrow Time for Max Delay Exceptions       :  Yes
  Merge Timing Exceptions                    :  Yes
  Inter-SLR Compensation                     :  Conservative

  Corner  Analyze    Analyze    
  Name    Max Paths  Min Paths  
  ------  ---------  ---------  
  Slow    Yes        Yes        
  Fast    Yes        Yes        


------------------------------------------------------------------------------------------------
| Report Methodology
| ------------------
------------------------------------------------------------------------------------------------

Rule       Severity          Description                                                       Violations  
---------  ----------------  ----------------------------------------------------------------  ----------  
TIMING-6   Critical Warning  No common primary clock between related clocks                    2           
TIMING-56  Warning           Missing logically or physically excluded clock groups constraint  2           
ULMTCS-1   Warning           Control Sets use limits recommend reduction                       1           

Note: This report is based on the most recent report_methodology run and may not be up-to-date. Run report_methodology on the current design for the latest report.



check_timing report

Table of Contents
-----------------
1. checking no_clock (0)
2. checking constant_clock (0)
3. checking pulse_width_clock (0)
4. checking unconstrained_internal_endpoints (0)
5. checking no_input_delay (2)
6. checking no_output_delay (2)
7. checking multiple_clock (14289)
8. checking generated_clocks (0)
9. checking loops (0)
10. checking partial_input_delay (0)
11. checking partial_output_delay (0)
12. checking latch_loops (0)

1. checking no_clock (0)
------------------------
 There are 0 register/latch pins with no clock.


2. checking constant_clock (0)
------------------------------
 There are 0 register/latch pins with constant_clock.


3. checking pulse_width_clock (0)
---------------------------------
 There are 0 register/latch pins which need pulse_width check


4. checking unconstrained_internal_endpoints (0)
------------------------------------------------
 There are 0 pins that are not constrained for maximum delay.

 There are 0 pins that are not constrained for maximum delay due to constant clock.


5. checking no_input_delay (2)
------------------------------
 There are 2 input ports with no input delay specified. (HIGH)

 There are 0 input ports with no input delay but user has a false path constraint.


6. checking no_output_delay (2)
-------------------------------
 There are 2 ports with no output delay specified. (HIGH)

 There are 0 ports with no output delay but user has a false path constraint

 There are 0 ports with no output delay but with a timing clock defined on it or propagating through it


7. checking multiple_clock (14289)
----------------------------------
 There are 14289 register/latch pins with multiple clocks. (HIGH)


8. checking generated_clocks (0)
--------------------------------
 There are 0 generated clocks that are not connected to a clock source.


9. checking loops (0)
---------------------
 There are 0 combinational loops in the design.


10. checking partial_input_delay (0)
------------------------------------
 There are 0 input ports with partial input delay specified.


11. checking partial_output_delay (0)
-------------------------------------
 There are 0 ports with partial output delay specified.


12. checking latch_loops (0)
----------------------------
 There are 0 combinational latch loops in the design through latch input



------------------------------------------------------------------------------------------------
| Design Timing Summary
| ---------------------
------------------------------------------------------------------------------------------------

    WNS(ns)      TNS(ns)  TNS Failing Endpoints  TNS Total Endpoints      WHS(ns)      THS(ns)  THS Failing Endpoints  THS Total Endpoints     WPWS(ns)     TPWS(ns)  TPWS Failing Endpoints  TPWS Total Endpoints  
    -------      -------  ---------------------  -------------------      -------      -------  ---------------------  -------------------     --------     --------  ----------------------  --------------------  
      0.352        0.000                      0                29849        0.024        0.000                      0                29849        2.000        0.000                       0                 14295  


All user specified timing constraints are met.


------------------------------------------------------------------------------------------------
| Clock Summary
| -------------
------------------------------------------------------------------------------------------------

Clock                   Waveform(ns)         Period(ns)      Frequency(MHz)
-----                   ------------         ----------      --------------
clk                     {0.000 4.000}        8.000           125.000         
  clk_out1_clk_wiz_0    {0.000 12.500}       25.000          40.000          
  clkfbout_clk_wiz_0    {0.000 4.000}        8.000           125.000         
sys_clk_pin             {0.000 4.000}        8.000           125.000         
  clk_out1_clk_wiz_0_1  {0.000 12.500}       25.000          40.000          
  clkfbout_clk_wiz_0_1  {0.000 4.000}        8.000           125.000         


------------------------------------------------------------------------------------------------
| Intra Clock Table
| -----------------
------------------------------------------------------------------------------------------------

Clock                       WNS(ns)      TNS(ns)  TNS Failing Endpoints  TNS Total Endpoints      WHS(ns)      THS(ns)  THS Failing Endpoints  THS Total Endpoints     WPWS(ns)     TPWS(ns)  TPWS Failing Endpoints  TPWS Total Endpoints  
-----                       -------      -------  ---------------------  -------------------      -------      -------  ---------------------  -------------------     --------     --------  ----------------------  --------------------  
clk                                                                                                                                                                       2.000        0.000                       0                     1  
  clk_out1_clk_wiz_0          0.352        0.000                      0                29849        0.107        0.000                      0                29849       11.250        0.000                       0                 14291  
  clkfbout_clk_wiz_0                                                                                                                                                      5.845        0.000                       0                     3  
sys_clk_pin                                                                                                                                                               2.000        0.000                       0                     1  
  clk_out1_clk_wiz_0_1        0.354        0.000                      0                29849        0.107        0.000                      0                29849       11.250        0.000                       0                 14291  
  clkfbout_clk_wiz_0_1                                                                                                                                                    5.845        0.000                       0                     3  


------------------------------------------------------------------------------------------------
| Inter Clock Table
| -----------------
------------------------------------------------------------------------------------------------

From Clock            To Clock                  WNS(ns)      TNS(ns)  TNS Failing Endpoints  TNS Total Endpoints      WHS(ns)      THS(ns)  THS Failing Endpoints  THS Total Endpoints  
----------            --------                  -------      -------  ---------------------  -------------------      -------      -------  ---------------------  -------------------  
clk_out1_clk_wiz_0_1  clk_out1_clk_wiz_0          0.352        0.000                      0                29849        0.024        0.000                      0                29849  
clk_out1_clk_wiz_0    clk_out1_clk_wiz_0_1        0.352        0.000                      0                29849        0.024        0.000                      0                29849  


------------------------------------------------------------------------------------------------
| Other Path Groups Table
| -----------------------
------------------------------------------------------------------------------------------------

Path Group    From Clock    To Clock          WNS(ns)      TNS(ns)  TNS Failing Endpoints  TNS Total Endpoints      WHS(ns)      THS(ns)  THS Failing Endpoints  THS Total Endpoints  
----------    ----------    --------          -------      -------  ---------------------  -------------------      -------      -------  ---------------------  -------------------  


------------------------------------------------------------------------------------------------
| User Ignored Path Table
| -----------------------
------------------------------------------------------------------------------------------------

Path Group    From Clock    To Clock    
----------    ----------    --------    


------------------------------------------------------------------------------------------------
| Unconstrained Path Table
| ------------------------
------------------------------------------------------------------------------------------------

Path Group            From Clock            To Clock            
----------            ----------            --------            
(none)                clk_out1_clk_wiz_0                          
(none)                clk_out1_clk_wiz_0_1                        
(none)                clkfbout_clk_wiz_0                          
(none)                clkfbout_clk_wiz_0_1                        
(none)                                      clk_out1_clk_wiz_0    
(none)                                      clk_out1_clk_wiz_0_1  


------------------------------------------------------------------------------------------------
| Timing Details
| --------------
------------------------------------------------------------------------------------------------


---------------------------------------------------------------------------------------------------
From Clock:  clk
  To Clock:  clk

Setup :           NA  Failing Endpoints,  Worst Slack           NA  ,  Total Violation           NA
Hold  :           NA  Failing Endpoints,  Worst Slack           NA  ,  Total Violation           NA
PW    :            0  Failing Endpoints,  Worst Slack        2.000ns,  Total Violation        0.000ns
---------------------------------------------------------------------------------------------------


Pulse Width Checks
--------------------------------------------------------------------------------------
Clock Name:         clk
Waveform(ns):       { 0.000 4.000 }
Period(ns):         8.000
Sources:            { clk }

Check Type        Corner  Lib Pin            Reference Pin  Required(ns)  Actual(ns)  Slack(ns)  Location         Pin
Min Period        n/a     MMCME2_ADV/CLKIN1  n/a            1.249         8.000       6.751      MMCME2_ADV_X1Y2  CLOCK_WIZ_INST/inst/mmcm_adv_inst/CLKIN1
Max Period        n/a     MMCME2_ADV/CLKIN1  n/a            100.000       8.000       92.000     MMCME2_ADV_X1Y2  CLOCK_WIZ_INST/inst/mmcm_adv_inst/CLKIN1
Low Pulse Width   Slow    MMCME2_ADV/CLKIN1  n/a            2.000         4.000       2.000      MMCME2_ADV_X1Y2  CLOCK_WIZ_INST/inst/mmcm_adv_inst/CLKIN1
Low Pulse Width   Fast    MMCME2_ADV/CLKIN1  n/a            2.000         4.000       2.000      MMCME2_ADV_X1Y2  CLOCK_WIZ_INST/inst/mmcm_adv_inst/CLKIN1
High Pulse Width  Slow    MMCME2_ADV/CLKIN1  n/a            2.000         4.000       2.000      MMCME2_ADV_X1Y2  CLOCK_WIZ_INST/inst/mmcm_adv_inst/CLKIN1
High Pulse Width  Fast    MMCME2_ADV/CLKIN1  n/a            2.000         4.000       2.000      MMCME2_ADV_X1Y2  CLOCK_WIZ_INST/inst/mmcm_adv_inst/CLKIN1



---------------------------------------------------------------------------------------------------
From Clock:  clk_out1_clk_wiz_0
  To Clock:  clk_out1_clk_wiz_0

Setup :            0  Failing Endpoints,  Worst Slack        0.352ns,  Total Violation        0.000ns
Hold  :            0  Failing Endpoints,  Worst Slack        0.107ns,  Total Violation        0.000ns
PW    :            0  Failing Endpoints,  Worst Slack       11.250ns,  Total Violation        0.000ns
---------------------------------------------------------------------------------------------------


Max Delay Paths
--------------------------------------------------------------------------------------
Slack (MET) :             0.352ns  (required time - arrival time)
  Source:                 TREE_GENERATE_INST/SORTER/CELL_ARRAY_GEN[254].MIDDLE_CELLS.cell_inst_mid_i_339_psbram_2/C
                            (rising edge-triggered cell FDRE clocked by clk_out1_clk_wiz_0  {rise@0.000ns fall@12.500ns period=25.000ns})
  Destination:            TREE_GENERATE_INST/SORTER/CELL_ARRAY_GEN[216].MIDDLE_CELLS.cell_inst_mid/r_freq_reg[8]/CE
                            (rising edge-triggered cell FDRE clocked by clk_out1_clk_wiz_0  {rise@0.000ns fall@12.500ns period=25.000ns})
  Path Group:             clk_out1_clk_wiz_0
  Path Type:              Setup (Max at Slow Process Corner)
  Requirement:            25.000ns  (clk_out1_clk_wiz_0 rise@25.000ns - clk_out1_clk_wiz_0 rise@0.000ns)
  Data Path Delay:        24.099ns  (logic 4.565ns (18.943%)  route 19.534ns (81.057%))
  Logic Levels:           19  (CARRY4=4 LUT2=1 LUT3=3 LUT4=1 LUT5=2 LUT6=7 MUXF7=1)
  Clock Path Skew:        -0.089ns (DCD - SCD + CPR)
    Destination Clock Delay (DCD):    -1.631ns = ( 23.369 - 25.000 ) 
    Source Clock Delay      (SCD):    -1.075ns
    Clock Pessimism Removal (CPR):    0.466ns
  Clock Uncertainty:      0.083ns  ((TSJ^2 + DJ^2)^1/2) / 2 + PE
    Total System Jitter     (TSJ):    0.071ns
    Discrete Jitter          (DJ):    0.151ns
    Phase Error              (PE):    0.000ns

    Location             Delay type                Incr(ns)  Path(ns)    Netlist Resource(s)
  -------------------------------------------------------------------    -------------------
                         (clock clk_out1_clk_wiz_0 rise edge)
                                                      0.000     0.000 r  
    H16                                               0.000     0.000 r  clk (IN)
                         net (fo=0)                   0.000     0.000    CLOCK_WIZ_INST/inst/clk_in1
    H16                  IBUF (Prop_ibuf_I_O)         1.451     1.451 r  CLOCK_WIZ_INST/inst/clkin1_ibufg/O
                         net (fo=1, routed)           1.285     2.736    CLOCK_WIZ_INST/inst/clk_in1_clk_wiz_0
    MMCME2_ADV_X1Y2      MMCME2_ADV (Prop_mmcme2_adv_CLKIN1_CLKOUT0)
                                                     -7.759    -5.023 r  CLOCK_WIZ_INST/inst/mmcm_adv_inst/CLKOUT0
                         net (fo=1, routed)           2.206    -2.817    CLOCK_WIZ_INST/inst/clk_out1_clk_wiz_0
    BUFGCTRL_X0Y16       BUFG (Prop_bufg_I_O)         0.101    -2.716 r  CLOCK_WIZ_INST/inst/clkout1_buf/O
                         net (fo=14289, routed)       1.641    -1.075    TREE_GENERATE_INST/SORTER/clk
    SLICE_X48Y67         FDRE                                         r  TREE_GENERATE_INST/SORTER/CELL_ARRAY_GEN[254].MIDDLE_CELLS.cell_inst_mid_i_339_psbram_2/C
  -------------------------------------------------------------------    -------------------
    SLICE_X48Y67         FDRE (Prop_fdre_C_Q)         0.456    -0.619 r  TREE_GENERATE_INST/SORTER/CELL_ARRAY_GEN[254].MIDDLE_CELLS.cell_inst_mid_i_339_psbram_2/Q
                         net (fo=255, routed)         1.759     1.140    TREE_GENERATE_INST/SORTER/input_symbol[0]
    SLICE_X53Y81         LUT6 (Prop_lut6_I1_O)        0.124     1.264 f  TREE_GENERATE_INST/SORTER/CELL_ARRAY_GEN[255].LAST_CELL.cell_inst_last_i_1856/O
                         net (fo=1, routed)           0.642     1.906    TREE_GENERATE_INST/SORTER/CELL_ARRAY_GEN[255].LAST_CELL.cell_inst_last_i_1856_n_0
    SLICE_X54Y80         LUT6 (Prop_lut6_I5_O)        0.124     2.030 f  TREE_GENERATE_INST/SORTER/CELL_ARRAY_GEN[255].LAST_CELL.cell_inst_last_i_1081/O
                         net (fo=3, routed)           1.266     3.296    TREE_GENERATE_INST/SORTER/match_idx_var180_out
    SLICE_X41Y81         LUT3 (Prop_lut3_I0_O)        0.124     3.420 f  TREE_GENERATE_INST/SORTER/CELL_ARRAY_GEN[255].LAST_CELL.cell_inst_last_i_417/O
                         net (fo=6, routed)           0.989     4.409    TREE_GENERATE_INST/SORTER/CELL_ARRAY_GEN[255].LAST_CELL.cell_inst_last_i_417_n_0
    SLICE_X40Y84         LUT5 (Prop_lut5_I2_O)        0.124     4.533 f  TREE_GENERATE_INST/SORTER/CELL_ARRAY_GEN[255].LAST_CELL.cell_inst_last_i_169/O
                         net (fo=8, routed)           0.802     5.335    TREE_GENERATE_INST/SORTER/CELL_ARRAY_GEN[255].LAST_CELL.cell_inst_last_i_169_n_0
    SLICE_X38Y82         LUT3 (Prop_lut3_I1_O)        0.124     5.459 f  TREE_GENERATE_INST/SORTER/CELL_ARRAY_GEN[255].LAST_CELL.cell_inst_last_i_148/O
                         net (fo=10, routed)          1.099     6.558    TREE_GENERATE_INST/SORTER/CELL_ARRAY_GEN[255].LAST_CELL.cell_inst_last_i_148_n_0
    SLICE_X58Y82         LUT6 (Prop_lut6_I5_O)        0.124     6.682 r  TREE_GENERATE_INST/SORTER/CELL_ARRAY_GEN[254].MIDDLE_CELLS.cell_inst_mid_i_42/O
                         net (fo=16, routed)          1.879     8.561    TREE_GENERATE_INST/SORTER/CELL_ARRAY_GEN[254].MIDDLE_CELLS.cell_inst_mid_i_42_n_0
    SLICE_X64Y56         LUT6 (Prop_lut6_I1_O)        0.124     8.685 r  TREE_GENERATE_INST/SORTER/CELL_ARRAY_GEN[255].LAST_CELL.cell_inst_last_i_1357/O
                         net (fo=118, routed)         2.078    10.763    TREE_GENERATE_INST/SORTER/CELL_ARRAY_GEN[255].LAST_CELL.cell_inst_last_i_1357_n_0
    SLICE_X104Y43        LUT6 (Prop_lut6_I2_O)        0.124    10.887 r  TREE_GENERATE_INST/SORTER/CELL_ARRAY_GEN[255].LAST_CELL.cell_inst_last_i_1392/O
                         net (fo=1, routed)           0.820    11.707    TREE_GENERATE_INST/SORTER/CELL_ARRAY_GEN[255].LAST_CELL.cell_inst_last_i_1392_n_0
    SLICE_X104Y42        LUT6 (Prop_lut6_I1_O)        0.124    11.831 r  TREE_GENERATE_INST/SORTER/CELL_ARRAY_GEN[255].LAST_CELL.cell_inst_last_i_799/O
                         net (fo=1, routed)           0.000    11.831    TREE_GENERATE_INST/SORTER/CELL_ARRAY_GEN[255].LAST_CELL.cell_inst_last_i_799_n_0
    SLICE_X104Y42        MUXF7 (Prop_muxf7_I0_O)      0.209    12.040 r  TREE_GENERATE_INST/SORTER/CELL_ARRAY_GEN[255].LAST_CELL.cell_inst_last_i_296/O
                         net (fo=1, routed)           0.759    12.799    TREE_GENERATE_INST/SORTER/CELL_ARRAY_GEN[255].LAST_CELL.cell_inst_last_i_296_n_0
    SLICE_X96Y42         LUT3 (Prop_lut3_I1_O)        0.297    13.096 r  TREE_GENERATE_INST/SORTER/CELL_ARRAY_GEN[255].LAST_CELL.cell_inst_last_i_122/O
                         net (fo=1, routed)           1.069    14.165    TREE_GENERATE_INST/SORTER/CELL_ARRAY_GEN[255].LAST_CELL.cell_inst_last_i_122_n_0
    SLICE_X89Y43         LUT6 (Prop_lut6_I3_O)        0.124    14.289 r  TREE_GENERATE_INST/SORTER/CELL_ARRAY_GEN[255].LAST_CELL.cell_inst_last_i_55/O
                         net (fo=515, routed)         0.860    15.149    TREE_GENERATE_INST/SORTER/freqs[0][0]
    SLICE_X80Y46         CARRY4 (Prop_carry4_CYINIT_CO[3])
                                                      0.580    15.729 r  TREE_GENERATE_INST/SORTER/CELL_ARRAY_GEN[255].LAST_CELL.cell_inst_last_i_54/CO[3]
                         net (fo=1, routed)           0.000    15.729    TREE_GENERATE_INST/SORTER/CELL_ARRAY_GEN[255].LAST_CELL.cell_inst_last_i_54_n_0
    SLICE_X80Y47         CARRY4 (Prop_carry4_CI_CO[3])
                                                      0.114    15.843 r  TREE_GENERATE_INST/SORTER/CELL_ARRAY_GEN[255].LAST_CELL.cell_inst_last_i_53/CO[3]
                         net (fo=1, routed)           0.000    15.843    TREE_GENERATE_INST/SORTER/CELL_ARRAY_GEN[255].LAST_CELL.cell_inst_last_i_53_n_0
    SLICE_X80Y48         CARRY4 (Prop_carry4_CI_O[1])
                                                      0.334    16.177 r  TREE_GENERATE_INST/SORTER/CELL_ARRAY_GEN[255].LAST_CELL.cell_inst_last_i_52/O[1]
                         net (fo=513, routed)         1.816    17.993    TREE_GENERATE_INST/SORTER/plusOp[10]
    SLICE_X53Y47         LUT4 (Prop_lut4_I3_O)        0.303    18.296 r  TREE_GENERATE_INST/SORTER/CELL_ARRAY_GEN[217].MIDDLE_CELLS.cell_inst_mid_i_10/O
                         net (fo=1, routed)           0.000    18.296    TREE_GENERATE_INST/SORTER/CELL_ARRAY_GEN[217].MIDDLE_CELLS.cell_inst_mid_i_10_n_0
    SLICE_X53Y47         CARRY4 (Prop_carry4_S[1]_CO[2])
                                                      0.570    18.866 f  TREE_GENERATE_INST/SORTER/CELL_ARRAY_GEN[217].MIDDLE_CELLS.cell_inst_mid_i_3/CO[2]
                         net (fo=3, routed)           0.663    19.529    TREE_GENERATE_INST/SORTER/CELL_ARRAY_GEN[217].MIDDLE_CELLS.cell_inst_mid_i_3_n_1
    SLICE_X51Y41         LUT5 (Prop_lut5_I2_O)        0.313    19.842 r  TREE_GENERATE_INST/SORTER/CELL_ARRAY_GEN[216].MIDDLE_CELLS.cell_inst_mid_i_1/O
                         net (fo=24, routed)          1.081    20.923    TREE_GENERATE_INST/SORTER/CELL_ARRAY_GEN[216].MIDDLE_CELLS.cell_inst_mid/write_en
    SLICE_X56Y42         LUT2 (Prop_lut2_I0_O)        0.149    21.072 r  TREE_GENERATE_INST/SORTER/CELL_ARRAY_GEN[216].MIDDLE_CELLS.cell_inst_mid/r_freq[13]_i_1/O
                         net (fo=14, routed)          1.951    23.023    TREE_GENERATE_INST/SORTER/CELL_ARRAY_GEN[216].MIDDLE_CELLS.cell_inst_mid/r_symbol
    SLICE_X82Y67         FDRE                                         r  TREE_GENERATE_INST/SORTER/CELL_ARRAY_GEN[216].MIDDLE_CELLS.cell_inst_mid/r_freq_reg[8]/CE
  -------------------------------------------------------------------    -------------------

                         (clock clk_out1_clk_wiz_0 rise edge)
                                                     25.000    25.000 r  
    H16                                               0.000    25.000 r  clk (IN)
                         net (fo=0)                   0.000    25.000    CLOCK_WIZ_INST/inst/clk_in1
    H16                  IBUF (Prop_ibuf_I_O)         1.380    26.380 r  CLOCK_WIZ_INST/inst/clkin1_ibufg/O
                         net (fo=1, routed)           1.162    27.542    CLOCK_WIZ_INST/inst/clk_in1_clk_wiz_0
    MMCME2_ADV_X1Y2      MMCME2_ADV (Prop_mmcme2_adv_CLKIN1_CLKOUT0)
                                                     -7.814    19.728 r  CLOCK_WIZ_INST/inst/mmcm_adv_inst/CLKOUT0
                         net (fo=1, routed)           2.012    21.740    CLOCK_WIZ_INST/inst/clk_out1_clk_wiz_0
    BUFGCTRL_X0Y16       BUFG (Prop_bufg_I_O)         0.091    21.831 r  CLOCK_WIZ_INST/inst/clkout1_buf/O
                         net (fo=14289, routed)       1.538    23.369    TREE_GENERATE_INST/SORTER/CELL_ARRAY_GEN[216].MIDDLE_CELLS.cell_inst_mid/clk
    SLICE_X82Y67         FDRE                                         r  TREE_GENERATE_INST/SORTER/CELL_ARRAY_GEN[216].MIDDLE_CELLS.cell_inst_mid/r_freq_reg[8]/C
                         clock pessimism              0.466    23.835    
                         clock uncertainty           -0.083    23.752    
    SLICE_X82Y67         FDRE (Setup_fdre_C_CE)      -0.377    23.375    TREE_GENERATE_INST/SORTER/CELL_ARRAY_GEN[216].MIDDLE_CELLS.cell_inst_mid/r_freq_reg[8]
  -------------------------------------------------------------------
                         required time                         23.375    
                         arrival time                         -23.023    
  -------------------------------------------------------------------
                         slack                                  0.352    

Slack (MET) :             0.352ns  (required time - arrival time)
  Source:                 TREE_GENERATE_INST/SORTER/CELL_ARRAY_GEN[254].MIDDLE_CELLS.cell_inst_mid_i_339_psbram_2/C
                            (rising edge-triggered cell FDRE clocked by clk_out1_clk_wiz_0  {rise@0.000ns fall@12.500ns period=25.000ns})
  Destination:            TREE_GENERATE_INST/SORTER/CELL_ARRAY_GEN[216].MIDDLE_CELLS.cell_inst_mid/r_freq_reg[9]/CE
                            (rising edge-triggered cell FDRE clocked by clk_out1_clk_wiz_0  {rise@0.000ns fall@12.500ns period=25.000ns})
  Path Group:             clk_out1_clk_wiz_0
  Path Type:              Setup (Max at Slow Process Corner)
  Requirement:            25.000ns  (clk_out1_clk_wiz_0 rise@25.000ns - clk_out1_clk_wiz_0 rise@0.000ns)
  Data Path Delay:        24.099ns  (logic 4.565ns (18.943%)  route 19.534ns (81.057%))
  Logic Levels:           19  (CARRY4=4 LUT2=1 LUT3=3 LUT4=1 LUT5=2 LUT6=7 MUXF7=1)
  Clock Path Skew:        -0.089ns (DCD - SCD + CPR)
    Destination Clock Delay (DCD):    -1.631ns = ( 23.369 - 25.000 ) 
    Source Clock Delay      (SCD):    -1.075ns
    Clock Pessimism Removal (CPR):    0.466ns
  Clock Uncertainty:      0.083ns  ((TSJ^2 + DJ^2)^1/2) / 2 + PE
    Total System Jitter     (TSJ):    0.071ns
    Discrete Jitter          (DJ):    0.151ns
    Phase Error              (PE):    0.000ns

    Location             Delay type                Incr(ns)  Path(ns)    Netlist Resource(s)
  -------------------------------------------------------------------    -------------------
                         (clock clk_out1_clk_wiz_0 rise edge)
                                                      0.000     0.000 r  
    H16                                               0.000     0.000 r  clk (IN)
                         net (fo=0)                   0.000     0.000    CLOCK_WIZ_INST/inst/clk_in1
    H16                  IBUF (Prop_ibuf_I_O)         1.451     1.451 r  CLOCK_WIZ_INST/inst/clkin1_ibufg/O
                         net (fo=1, routed)           1.285     2.736    CLOCK_WIZ_INST/inst/clk_in1_clk_wiz_0
    MMCME2_ADV_X1Y2      MMCME2_ADV (Prop_mmcme2_adv_CLKIN1_CLKOUT0)
                                                     -7.759    -5.023 r  CLOCK_WIZ_INST/inst/mmcm_adv_inst/CLKOUT0
                         net (fo=1, routed)           2.206    -2.817    CLOCK_WIZ_INST/inst/clk_out1_clk_wiz_0
    BUFGCTRL_X0Y16       BUFG (Prop_bufg_I_O)         0.101    -2.716 r  CLOCK_WIZ_INST/inst/clkout1_buf/O
                         net (fo=14289, routed)       1.641    -1.075    TREE_GENERATE_INST/SORTER/clk
    SLICE_X48Y67         FDRE                                         r  TREE_GENERATE_INST/SORTER/CELL_ARRAY_GEN[254].MIDDLE_CELLS.cell_inst_mid_i_339_psbram_2/C
  -------------------------------------------------------------------    -------------------
    SLICE_X48Y67         FDRE (Prop_fdre_C_Q)         0.456    -0.619 r  TREE_GENERATE_INST/SORTER/CELL_ARRAY_GEN[254].MIDDLE_CELLS.cell_inst_mid_i_339_psbram_2/Q
                         net (fo=255, routed)         1.759     1.140    TREE_GENERATE_INST/SORTER/input_symbol[0]
    SLICE_X53Y81         LUT6 (Prop_lut6_I1_O)        0.124     1.264 f  TREE_GENERATE_INST/SORTER/CELL_ARRAY_GEN[255].LAST_CELL.cell_inst_last_i_1856/O
                         net (fo=1, routed)           0.642     1.906    TREE_GENERATE_INST/SORTER/CELL_ARRAY_GEN[255].LAST_CELL.cell_inst_last_i_1856_n_0
    SLICE_X54Y80         LUT6 (Prop_lut6_I5_O)        0.124     2.030 f  TREE_GENERATE_INST/SORTER/CELL_ARRAY_GEN[255].LAST_CELL.cell_inst_last_i_1081/O
                         net (fo=3, routed)           1.266     3.296    TREE_GENERATE_INST/SORTER/match_idx_var180_out
    SLICE_X41Y81         LUT3 (Prop_lut3_I0_O)        0.124     3.420 f  TREE_GENERATE_INST/SORTER/CELL_ARRAY_GEN[255].LAST_CELL.cell_inst_last_i_417/O
                         net (fo=6, routed)           0.989     4.409    TREE_GENERATE_INST/SORTER/CELL_ARRAY_GEN[255].LAST_CELL.cell_inst_last_i_417_n_0
    SLICE_X40Y84         LUT5 (Prop_lut5_I2_O)        0.124     4.533 f  TREE_GENERATE_INST/SORTER/CELL_ARRAY_GEN[255].LAST_CELL.cell_inst_last_i_169/O
                         net (fo=8, routed)           0.802     5.335    TREE_GENERATE_INST/SORTER/CELL_ARRAY_GEN[255].LAST_CELL.cell_inst_last_i_169_n_0
    SLICE_X38Y82         LUT3 (Prop_lut3_I1_O)        0.124     5.459 f  TREE_GENERATE_INST/SORTER/CELL_ARRAY_GEN[255].LAST_CELL.cell_inst_last_i_148/O
                         net (fo=10, routed)          1.099     6.558    TREE_GENERATE_INST/SORTER/CELL_ARRAY_GEN[255].LAST_CELL.cell_inst_last_i_148_n_0
    SLICE_X58Y82         LUT6 (Prop_lut6_I5_O)        0.124     6.682 r  TREE_GENERATE_INST/SORTER/CELL_ARRAY_GEN[254].MIDDLE_CELLS.cell_inst_mid_i_42/O
                         net (fo=16, routed)          1.879     8.561    TREE_GENERATE_INST/SORTER/CELL_ARRAY_GEN[254].MIDDLE_CELLS.cell_inst_mid_i_42_n_0
    SLICE_X64Y56         LUT6 (Prop_lut6_I1_O)        0.124     8.685 r  TREE_GENERATE_INST/SORTER/CELL_ARRAY_GEN[255].LAST_CELL.cell_inst_last_i_1357/O
                         net (fo=118, routed)         2.078    10.763    TREE_GENERATE_INST/SORTER/CELL_ARRAY_GEN[255].LAST_CELL.cell_inst_last_i_1357_n_0
    SLICE_X104Y43        LUT6 (Prop_lut6_I2_O)        0.124    10.887 r  TREE_GENERATE_INST/SORTER/CELL_ARRAY_GEN[255].LAST_CELL.cell_inst_last_i_1392/O
                         net (fo=1, routed)           0.820    11.707    TREE_GENERATE_INST/SORTER/CELL_ARRAY_GEN[255].LAST_CELL.cell_inst_last_i_1392_n_0
    SLICE_X104Y42        LUT6 (Prop_lut6_I1_O)        0.124    11.831 r  TREE_GENERATE_INST/SORTER/CELL_ARRAY_GEN[255].LAST_CELL.cell_inst_last_i_799/O
                         net (fo=1, routed)           0.000    11.831    TREE_GENERATE_INST/SORTER/CELL_ARRAY_GEN[255].LAST_CELL.cell_inst_last_i_799_n_0
    SLICE_X104Y42        MUXF7 (Prop_muxf7_I0_O)      0.209    12.040 r  TREE_GENERATE_INST/SORTER/CELL_ARRAY_GEN[255].LAST_CELL.cell_inst_last_i_296/O
                         net (fo=1, routed)           0.759    12.799    TREE_GENERATE_INST/SORTER/CELL_ARRAY_GEN[255].LAST_CELL.cell_inst_last_i_296_n_0
    SLICE_X96Y42         LUT3 (Prop_lut3_I1_O)        0.297    13.096 r  TREE_GENERATE_INST/SORTER/CELL_ARRAY_GEN[255].LAST_CELL.cell_inst_last_i_122/O
                         net (fo=1, routed)           1.069    14.165    TREE_GENERATE_INST/SORTER/CELL_ARRAY_GEN[255].LAST_CELL.cell_inst_last_i_122_n_0
    SLICE_X89Y43         LUT6 (Prop_lut6_I3_O)        0.124    14.289 r  TREE_GENERATE_INST/SORTER/CELL_ARRAY_GEN[255].LAST_CELL.cell_inst_last_i_55/O
                         net (fo=515, routed)         0.860    15.149    TREE_GENERATE_INST/SORTER/freqs[0][0]
    SLICE_X80Y46         CARRY4 (Prop_carry4_CYINIT_CO[3])
                                                      0.580    15.729 r  TREE_GENERATE_INST/SORTER/CELL_ARRAY_GEN[255].LAST_CELL.cell_inst_last_i_54/CO[3]
                         net (fo=1, routed)           0.000    15.729    TREE_GENERATE_INST/SORTER/CELL_ARRAY_GEN[255].LAST_CELL.cell_inst_last_i_54_n_0
    SLICE_X80Y47         CARRY4 (Prop_carry4_CI_CO[3])
                                                      0.114    15.843 r  TREE_GENERATE_INST/SORTER/CELL_ARRAY_GEN[255].LAST_CELL.cell_inst_last_i_53/CO[3]
                         net (fo=1, routed)           0.000    15.843    TREE_GENERATE_INST/SORTER/CELL_ARRAY_GEN[255].LAST_CELL.cell_inst_last_i_53_n_0
    SLICE_X80Y48         CARRY4 (Prop_carry4_CI_O[1])
                                                      0.334    16.177 r  TREE_GENERATE_INST/SORTER/CELL_ARRAY_GEN[255].LAST_CELL.cell_inst_last_i_52/O[1]
                         net (fo=513, routed)         1.816    17.993    TREE_GENERATE_INST/SORTER/plusOp[10]
    SLICE_X53Y47         LUT4 (Prop_lut4_I3_O)        0.303    18.296 r  TREE_GENERATE_INST/SORTER/CELL_ARRAY_GEN[217].MIDDLE_CELLS.cell_inst_mid_i_10/O
                         net (fo=1, routed)           0.000    18.296    TREE_GENERATE_INST/SORTER/CELL_ARRAY_GEN[217].MIDDLE_CELLS.cell_inst_mid_i_10_n_0
    SLICE_X53Y47         CARRY4 (Prop_carry4_S[1]_CO[2])
                                                      0.570    18.866 f  TREE_GENERATE_INST/SORTER/CELL_ARRAY_GEN[217].MIDDLE_CELLS.cell_inst_mid_i_3/CO[2]
                         net (fo=3, routed)           0.663    19.529    TREE_GENERATE_INST/SORTER/CELL_ARRAY_GEN[217].MIDDLE_CELLS.cell_inst_mid_i_3_n_1
    SLICE_X51Y41         LUT5 (Prop_lut5_I2_O)        0.313    19.842 r  TREE_GENERATE_INST/SORTER/CELL_ARRAY_GEN[216].MIDDLE_CELLS.cell_inst_mid_i_1/O
                         net (fo=24, routed)          1.081    20.923    TREE_GENERATE_INST/SORTER/CELL_ARRAY_GEN[216].MIDDLE_CELLS.cell_inst_mid/write_en
    SLICE_X56Y42         LUT2 (Prop_lut2_I0_O)        0.149    21.072 r  TREE_GENERATE_INST/SORTER/CELL_ARRAY_GEN[216].MIDDLE_CELLS.cell_inst_mid/r_freq[13]_i_1/O
                         net (fo=14, routed)          1.951    23.023    TREE_GENERATE_INST/SORTER/CELL_ARRAY_GEN[216].MIDDLE_CELLS.cell_inst_mid/r_symbol
    SLICE_X82Y67         FDRE                                         r  TREE_GENERATE_INST/SORTER/CELL_ARRAY_GEN[216].MIDDLE_CELLS.cell_inst_mid/r_freq_reg[9]/CE
  -------------------------------------------------------------------    -------------------

                         (clock clk_out1_clk_wiz_0 rise edge)
                                                     25.000    25.000 r  
    H16                                               0.000    25.000 r  clk (IN)
                         net (fo=0)                   0.000    25.000    CLOCK_WIZ_INST/inst/clk_in1
    H16                  IBUF (Prop_ibuf_I_O)         1.380    26.380 r  CLOCK_WIZ_INST/inst/clkin1_ibufg/O
                         net (fo=1, routed)           1.162    27.542    CLOCK_WIZ_INST/inst/clk_in1_clk_wiz_0
    MMCME2_ADV_X1Y2      MMCME2_ADV (Prop_mmcme2_adv_CLKIN1_CLKOUT0)
                                                     -7.814    19.728 r  CLOCK_WIZ_INST/inst/mmcm_adv_inst/CLKOUT0
                         net (fo=1, routed)           2.012    21.740    CLOCK_WIZ_INST/inst/clk_out1_clk_wiz_0
    BUFGCTRL_X0Y16       BUFG (Prop_bufg_I_O)         0.091    21.831 r  CLOCK_WIZ_INST/inst/clkout1_buf/O
                         net (fo=14289, routed)       1.538    23.369    TREE_GENERATE_INST/SORTER/CELL_ARRAY_GEN[216].MIDDLE_CELLS.cell_inst_mid/clk
    SLICE_X82Y67         FDRE                                         r  TREE_GENERATE_INST/SORTER/CELL_ARRAY_GEN[216].MIDDLE_CELLS.cell_inst_mid/r_freq_reg[9]/C
                         clock pessimism              0.466    23.835    
                         clock uncertainty           -0.083    23.752    
    SLICE_X82Y67         FDRE (Setup_fdre_C_CE)      -0.377    23.375    TREE_GENERATE_INST/SORTER/CELL_ARRAY_GEN[216].MIDDLE_CELLS.cell_inst_mid/r_freq_reg[9]
  -------------------------------------------------------------------
                         required time                         23.375    
                         arrival time                         -23.023    
  -------------------------------------------------------------------
                         slack                                  0.352    

Slack (MET) :             0.379ns  (required time - arrival time)
  Source:                 TREE_GENERATE_INST/SORTER/CELL_ARRAY_GEN[254].MIDDLE_CELLS.cell_inst_mid_i_339_psbram_2/C
                            (rising edge-triggered cell FDRE clocked by clk_out1_clk_wiz_0  {rise@0.000ns fall@12.500ns period=25.000ns})
  Destination:            TREE_GENERATE_INST/SORTER/CELL_ARRAY_GEN[4].MIDDLE_CELLS.cell_inst_mid/r_freq_reg[0]/CE
                            (rising edge-triggered cell FDRE clocked by clk_out1_clk_wiz_0  {rise@0.000ns fall@12.500ns period=25.000ns})
  Path Group:             clk_out1_clk_wiz_0
  Path Type:              Setup (Max at Slow Process Corner)
  Requirement:            25.000ns  (clk_out1_clk_wiz_0 rise@25.000ns - clk_out1_clk_wiz_0 rise@0.000ns)
  Data Path Delay:        24.150ns  (logic 4.474ns (18.526%)  route 19.676ns (81.474%))
  Logic Levels:           19  (CARRY4=4 LUT2=1 LUT3=3 LUT4=1 LUT5=2 LUT6=7 MUXF7=1)
  Clock Path Skew:        -0.016ns (DCD - SCD + CPR)
    Destination Clock Delay (DCD):    -1.543ns = ( 23.457 - 25.000 ) 
    Source Clock Delay      (SCD):    -1.075ns
    Clock Pessimism Removal (CPR):    0.452ns
  Clock Uncertainty:      0.083ns  ((TSJ^2 + DJ^2)^1/2) / 2 + PE
    Total System Jitter     (TSJ):    0.071ns
    Discrete Jitter          (DJ):    0.151ns
    Phase Error              (PE):    0.000ns

    Location             Delay type                Incr(ns)  Path(ns)    Netlist Resource(s)
  -------------------------------------------------------------------    -------------------
                         (clock clk_out1_clk_wiz_0 rise edge)
                                                      0.000     0.000 r  
    H16                                               0.000     0.000 r  clk (IN)
                         net (fo=0)                   0.000     0.000    CLOCK_WIZ_INST/inst/clk_in1
    H16                  IBUF (Prop_ibuf_I_O)         1.451     1.451 r  CLOCK_WIZ_INST/inst/clkin1_ibufg/O
                         net (fo=1, routed)           1.285     2.736    CLOCK_WIZ_INST/inst/clk_in1_clk_wiz_0
    MMCME2_ADV_X1Y2      MMCME2_ADV (Prop_mmcme2_adv_CLKIN1_CLKOUT0)
                                                     -7.759    -5.023 r  CLOCK_WIZ_INST/inst/mmcm_adv_inst/CLKOUT0
                         net (fo=1, routed)           2.206    -2.817    CLOCK_WIZ_INST/inst/clk_out1_clk_wiz_0
    BUFGCTRL_X0Y16       BUFG (Prop_bufg_I_O)         0.101    -2.716 r  CLOCK_WIZ_INST/inst/clkout1_buf/O
                         net (fo=14289, routed)       1.641    -1.075    TREE_GENERATE_INST/SORTER/clk
    SLICE_X48Y67         FDRE                                         r  TREE_GENERATE_INST/SORTER/CELL_ARRAY_GEN[254].MIDDLE_CELLS.cell_inst_mid_i_339_psbram_2/C
  -------------------------------------------------------------------    -------------------
    SLICE_X48Y67         FDRE (Prop_fdre_C_Q)         0.456    -0.619 r  TREE_GENERATE_INST/SORTER/CELL_ARRAY_GEN[254].MIDDLE_CELLS.cell_inst_mid_i_339_psbram_2/Q
                         net (fo=255, routed)         1.759     1.140    TREE_GENERATE_INST/SORTER/input_symbol[0]
    SLICE_X53Y81         LUT6 (Prop_lut6_I1_O)        0.124     1.264 f  TREE_GENERATE_INST/SORTER/CELL_ARRAY_GEN[255].LAST_CELL.cell_inst_last_i_1856/O
                         net (fo=1, routed)           0.642     1.906    TREE_GENERATE_INST/SORTER/CELL_ARRAY_GEN[255].LAST_CELL.cell_inst_last_i_1856_n_0
    SLICE_X54Y80         LUT6 (Prop_lut6_I5_O)        0.124     2.030 f  TREE_GENERATE_INST/SORTER/CELL_ARRAY_GEN[255].LAST_CELL.cell_inst_last_i_1081/O
                         net (fo=3, routed)           1.266     3.296    TREE_GENERATE_INST/SORTER/match_idx_var180_out
    SLICE_X41Y81         LUT3 (Prop_lut3_I0_O)        0.124     3.420 f  TREE_GENERATE_INST/SORTER/CELL_ARRAY_GEN[255].LAST_CELL.cell_inst_last_i_417/O
                         net (fo=6, routed)           0.989     4.409    TREE_GENERATE_INST/SORTER/CELL_ARRAY_GEN[255].LAST_CELL.cell_inst_last_i_417_n_0
    SLICE_X40Y84         LUT5 (Prop_lut5_I2_O)        0.124     4.533 f  TREE_GENERATE_INST/SORTER/CELL_ARRAY_GEN[255].LAST_CELL.cell_inst_last_i_169/O
                         net (fo=8, routed)           0.802     5.335    TREE_GENERATE_INST/SORTER/CELL_ARRAY_GEN[255].LAST_CELL.cell_inst_last_i_169_n_0
    SLICE_X38Y82         LUT3 (Prop_lut3_I1_O)        0.124     5.459 f  TREE_GENERATE_INST/SORTER/CELL_ARRAY_GEN[255].LAST_CELL.cell_inst_last_i_148/O
                         net (fo=10, routed)          1.099     6.558    TREE_GENERATE_INST/SORTER/CELL_ARRAY_GEN[255].LAST_CELL.cell_inst_last_i_148_n_0
    SLICE_X58Y82         LUT6 (Prop_lut6_I5_O)        0.124     6.682 r  TREE_GENERATE_INST/SORTER/CELL_ARRAY_GEN[254].MIDDLE_CELLS.cell_inst_mid_i_42/O
                         net (fo=16, routed)          1.879     8.561    TREE_GENERATE_INST/SORTER/CELL_ARRAY_GEN[254].MIDDLE_CELLS.cell_inst_mid_i_42_n_0
    SLICE_X64Y56         LUT6 (Prop_lut6_I1_O)        0.124     8.685 r  TREE_GENERATE_INST/SORTER/CELL_ARRAY_GEN[255].LAST_CELL.cell_inst_last_i_1357/O
                         net (fo=118, routed)         2.078    10.763    TREE_GENERATE_INST/SORTER/CELL_ARRAY_GEN[255].LAST_CELL.cell_inst_last_i_1357_n_0
    SLICE_X104Y43        LUT6 (Prop_lut6_I2_O)        0.124    10.887 r  TREE_GENERATE_INST/SORTER/CELL_ARRAY_GEN[255].LAST_CELL.cell_inst_last_i_1392/O
                         net (fo=1, routed)           0.820    11.707    TREE_GENERATE_INST/SORTER/CELL_ARRAY_GEN[255].LAST_CELL.cell_inst_last_i_1392_n_0
    SLICE_X104Y42        LUT6 (Prop_lut6_I1_O)        0.124    11.831 r  TREE_GENERATE_INST/SORTER/CELL_ARRAY_GEN[255].LAST_CELL.cell_inst_last_i_799/O
                         net (fo=1, routed)           0.000    11.831    TREE_GENERATE_INST/SORTER/CELL_ARRAY_GEN[255].LAST_CELL.cell_inst_last_i_799_n_0
    SLICE_X104Y42        MUXF7 (Prop_muxf7_I0_O)      0.209    12.040 r  TREE_GENERATE_INST/SORTER/CELL_ARRAY_GEN[255].LAST_CELL.cell_inst_last_i_296/O
                         net (fo=1, routed)           0.759    12.799    TREE_GENERATE_INST/SORTER/CELL_ARRAY_GEN[255].LAST_CELL.cell_inst_last_i_296_n_0
    SLICE_X96Y42         LUT3 (Prop_lut3_I1_O)        0.297    13.096 r  TREE_GENERATE_INST/SORTER/CELL_ARRAY_GEN[255].LAST_CELL.cell_inst_last_i_122/O
                         net (fo=1, routed)           1.069    14.165    TREE_GENERATE_INST/SORTER/CELL_ARRAY_GEN[255].LAST_CELL.cell_inst_last_i_122_n_0
    SLICE_X89Y43         LUT6 (Prop_lut6_I3_O)        0.124    14.289 r  TREE_GENERATE_INST/SORTER/CELL_ARRAY_GEN[255].LAST_CELL.cell_inst_last_i_55/O
                         net (fo=515, routed)         0.860    15.149    TREE_GENERATE_INST/SORTER/freqs[0][0]
    SLICE_X80Y46         CARRY4 (Prop_carry4_CYINIT_CO[3])
                                                      0.580    15.729 r  TREE_GENERATE_INST/SORTER/CELL_ARRAY_GEN[255].LAST_CELL.cell_inst_last_i_54/CO[3]
                         net (fo=1, routed)           0.000    15.729    TREE_GENERATE_INST/SORTER/CELL_ARRAY_GEN[255].LAST_CELL.cell_inst_last_i_54_n_0
    SLICE_X80Y47         CARRY4 (Prop_carry4_CI_CO[3])
                                                      0.114    15.843 r  TREE_GENERATE_INST/SORTER/CELL_ARRAY_GEN[255].LAST_CELL.cell_inst_last_i_53/CO[3]
                         net (fo=1, routed)           0.000    15.843    TREE_GENERATE_INST/SORTER/CELL_ARRAY_GEN[255].LAST_CELL.cell_inst_last_i_53_n_0
    SLICE_X80Y48         CARRY4 (Prop_carry4_CI_O[2])
                                                      0.239    16.082 r  TREE_GENERATE_INST/SORTER/CELL_ARRAY_GEN[255].LAST_CELL.cell_inst_last_i_52/O[2]
                         net (fo=513, routed)         1.877    17.959    TREE_GENERATE_INST/SORTER/plusOp[11]
    SLICE_X53Y51         LUT4 (Prop_lut4_I1_O)        0.302    18.261 r  TREE_GENERATE_INST/SORTER/CELL_ARRAY_GEN[4].MIDDLE_CELLS.cell_inst_mid_i_14/O
                         net (fo=1, routed)           0.000    18.261    TREE_GENERATE_INST/SORTER/CELL_ARRAY_GEN[4].MIDDLE_CELLS.cell_inst_mid_i_14_n_0
    SLICE_X53Y51         CARRY4 (Prop_carry4_S[1]_CO[2])
                                                      0.570    18.831 r  TREE_GENERATE_INST/SORTER/CELL_ARRAY_GEN[4].MIDDLE_CELLS.cell_inst_mid_i_4/CO[2]
                         net (fo=3, routed)           0.910    19.741    TREE_GENERATE_INST/SORTER/CELL_ARRAY_GEN[4].MIDDLE_CELLS.cell_inst_mid_i_4_n_1
    SLICE_X55Y56         LUT5 (Prop_lut5_I4_O)        0.313    20.054 r  TREE_GENERATE_INST/SORTER/CELL_ARRAY_GEN[4].MIDDLE_CELLS.cell_inst_mid_i_1/O
                         net (fo=24, routed)          1.017    21.071    TREE_GENERATE_INST/SORTER/CELL_ARRAY_GEN[4].MIDDLE_CELLS.cell_inst_mid/write_en
    SLICE_X57Y58         LUT2 (Prop_lut2_I0_O)        0.154    21.225 r  TREE_GENERATE_INST/SORTER/CELL_ARRAY_GEN[4].MIDDLE_CELLS.cell_inst_mid/r_freq[13]_i_1/O
                         net (fo=14, routed)          1.850    23.074    TREE_GENERATE_INST/SORTER/CELL_ARRAY_GEN[4].MIDDLE_CELLS.cell_inst_mid/r_symbol
    SLICE_X100Y46        FDRE                                         r  TREE_GENERATE_INST/SORTER/CELL_ARRAY_GEN[4].MIDDLE_CELLS.cell_inst_mid/r_freq_reg[0]/CE
  -------------------------------------------------------------------    -------------------

                         (clock clk_out1_clk_wiz_0 rise edge)
                                                     25.000    25.000 r  
    H16                                               0.000    25.000 r  clk (IN)
                         net (fo=0)                   0.000    25.000    CLOCK_WIZ_INST/inst/clk_in1
    H16                  IBUF (Prop_ibuf_I_O)         1.380    26.380 r  CLOCK_WIZ_INST/inst/clkin1_ibufg/O
                         net (fo=1, routed)           1.162    27.542    CLOCK_WIZ_INST/inst/clk_in1_clk_wiz_0
    MMCME2_ADV_X1Y2      MMCME2_ADV (Prop_mmcme2_adv_CLKIN1_CLKOUT0)
                                                     -7.814    19.728 r  CLOCK_WIZ_INST/inst/mmcm_adv_inst/CLKOUT0
                         net (fo=1, routed)           2.012    21.740    CLOCK_WIZ_INST/inst/clk_out1_clk_wiz_0
    BUFGCTRL_X0Y16       BUFG (Prop_bufg_I_O)         0.091    21.831 r  CLOCK_WIZ_INST/inst/clkout1_buf/O
                         net (fo=14289, routed)       1.625    23.457    TREE_GENERATE_INST/SORTER/CELL_ARRAY_GEN[4].MIDDLE_CELLS.cell_inst_mid/clk
    SLICE_X100Y46        FDRE                                         r  TREE_GENERATE_INST/SORTER/CELL_ARRAY_GEN[4].MIDDLE_CELLS.cell_inst_mid/r_freq_reg[0]/C
                         clock pessimism              0.452    23.909    
                         clock uncertainty           -0.083    23.826    
    SLICE_X100Y46        FDRE (Setup_fdre_C_CE)      -0.372    23.454    TREE_GENERATE_INST/SORTER/CELL_ARRAY_GEN[4].MIDDLE_CELLS.cell_inst_mid/r_freq_reg[0]
  -------------------------------------------------------------------
                         required time                         23.454    
                         arrival time                         -23.074    
  -------------------------------------------------------------------
                         slack                                  0.379    

Slack (MET) :             0.379ns  (required time - arrival time)
  Source:                 TREE_GENERATE_INST/SORTER/CELL_ARRAY_GEN[254].MIDDLE_CELLS.cell_inst_mid_i_339_psbram_2/C
                            (rising edge-triggered cell FDRE clocked by clk_out1_clk_wiz_0  {rise@0.000ns fall@12.500ns period=25.000ns})
  Destination:            TREE_GENERATE_INST/SORTER/CELL_ARRAY_GEN[4].MIDDLE_CELLS.cell_inst_mid/r_freq_reg[1]/CE
                            (rising edge-triggered cell FDRE clocked by clk_out1_clk_wiz_0  {rise@0.000ns fall@12.500ns period=25.000ns})
  Path Group:             clk_out1_clk_wiz_0
  Path Type:              Setup (Max at Slow Process Corner)
  Requirement:            25.000ns  (clk_out1_clk_wiz_0 rise@25.000ns - clk_out1_clk_wiz_0 rise@0.000ns)
  Data Path Delay:        24.150ns  (logic 4.474ns (18.526%)  route 19.676ns (81.474%))
  Logic Levels:           19  (CARRY4=4 LUT2=1 LUT3=3 LUT4=1 LUT5=2 LUT6=7 MUXF7=1)
  Clock Path Skew:        -0.016ns (DCD - SCD + CPR)
    Destination Clock Delay (DCD):    -1.543ns = ( 23.457 - 25.000 ) 
    Source Clock Delay      (SCD):    -1.075ns
    Clock Pessimism Removal (CPR):    0.452ns
  Clock Uncertainty:      0.083ns  ((TSJ^2 + DJ^2)^1/2) / 2 + PE
    Total System Jitter     (TSJ):    0.071ns
    Discrete Jitter          (DJ):    0.151ns
    Phase Error              (PE):    0.000ns

    Location             Delay type                Incr(ns)  Path(ns)    Netlist Resource(s)
  -------------------------------------------------------------------    -------------------
                         (clock clk_out1_clk_wiz_0 rise edge)
                                                      0.000     0.000 r  
    H16                                               0.000     0.000 r  clk (IN)
                         net (fo=0)                   0.000     0.000    CLOCK_WIZ_INST/inst/clk_in1
    H16                  IBUF (Prop_ibuf_I_O)         1.451     1.451 r  CLOCK_WIZ_INST/inst/clkin1_ibufg/O
                         net (fo=1, routed)           1.285     2.736    CLOCK_WIZ_INST/inst/clk_in1_clk_wiz_0
    MMCME2_ADV_X1Y2      MMCME2_ADV (Prop_mmcme2_adv_CLKIN1_CLKOUT0)
                                                     -7.759    -5.023 r  CLOCK_WIZ_INST/inst/mmcm_adv_inst/CLKOUT0
                         net (fo=1, routed)           2.206    -2.817    CLOCK_WIZ_INST/inst/clk_out1_clk_wiz_0
    BUFGCTRL_X0Y16       BUFG (Prop_bufg_I_O)         0.101    -2.716 r  CLOCK_WIZ_INST/inst/clkout1_buf/O
                         net (fo=14289, routed)       1.641    -1.075    TREE_GENERATE_INST/SORTER/clk
    SLICE_X48Y67         FDRE                                         r  TREE_GENERATE_INST/SORTER/CELL_ARRAY_GEN[254].MIDDLE_CELLS.cell_inst_mid_i_339_psbram_2/C
  -------------------------------------------------------------------    -------------------
    SLICE_X48Y67         FDRE (Prop_fdre_C_Q)         0.456    -0.619 r  TREE_GENERATE_INST/SORTER/CELL_ARRAY_GEN[254].MIDDLE_CELLS.cell_inst_mid_i_339_psbram_2/Q
                         net (fo=255, routed)         1.759     1.140    TREE_GENERATE_INST/SORTER/input_symbol[0]
    SLICE_X53Y81         LUT6 (Prop_lut6_I1_O)        0.124     1.264 f  TREE_GENERATE_INST/SORTER/CELL_ARRAY_GEN[255].LAST_CELL.cell_inst_last_i_1856/O
                         net (fo=1, routed)           0.642     1.906    TREE_GENERATE_INST/SORTER/CELL_ARRAY_GEN[255].LAST_CELL.cell_inst_last_i_1856_n_0
    SLICE_X54Y80         LUT6 (Prop_lut6_I5_O)        0.124     2.030 f  TREE_GENERATE_INST/SORTER/CELL_ARRAY_GEN[255].LAST_CELL.cell_inst_last_i_1081/O
                         net (fo=3, routed)           1.266     3.296    TREE_GENERATE_INST/SORTER/match_idx_var180_out
    SLICE_X41Y81         LUT3 (Prop_lut3_I0_O)        0.124     3.420 f  TREE_GENERATE_INST/SORTER/CELL_ARRAY_GEN[255].LAST_CELL.cell_inst_last_i_417/O
                         net (fo=6, routed)           0.989     4.409    TREE_GENERATE_INST/SORTER/CELL_ARRAY_GEN[255].LAST_CELL.cell_inst_last_i_417_n_0
    SLICE_X40Y84         LUT5 (Prop_lut5_I2_O)        0.124     4.533 f  TREE_GENERATE_INST/SORTER/CELL_ARRAY_GEN[255].LAST_CELL.cell_inst_last_i_169/O
                         net (fo=8, routed)           0.802     5.335    TREE_GENERATE_INST/SORTER/CELL_ARRAY_GEN[255].LAST_CELL.cell_inst_last_i_169_n_0
    SLICE_X38Y82         LUT3 (Prop_lut3_I1_O)        0.124     5.459 f  TREE_GENERATE_INST/SORTER/CELL_ARRAY_GEN[255].LAST_CELL.cell_inst_last_i_148/O
                         net (fo=10, routed)          1.099     6.558    TREE_GENERATE_INST/SORTER/CELL_ARRAY_GEN[255].LAST_CELL.cell_inst_last_i_148_n_0
    SLICE_X58Y82         LUT6 (Prop_lut6_I5_O)        0.124     6.682 r  TREE_GENERATE_INST/SORTER/CELL_ARRAY_GEN[254].MIDDLE_CELLS.cell_inst_mid_i_42/O
                         net (fo=16, routed)          1.879     8.561    TREE_GENERATE_INST/SORTER/CELL_ARRAY_GEN[254].MIDDLE_CELLS.cell_inst_mid_i_42_n_0
    SLICE_X64Y56         LUT6 (Prop_lut6_I1_O)        0.124     8.685 r  TREE_GENERATE_INST/SORTER/CELL_ARRAY_GEN[255].LAST_CELL.cell_inst_last_i_1357/O
                         net (fo=118, routed)         2.078    10.763    TREE_GENERATE_INST/SORTER/CELL_ARRAY_GEN[255].LAST_CELL.cell_inst_last_i_1357_n_0
    SLICE_X104Y43        LUT6 (Prop_lut6_I2_O)        0.124    10.887 r  TREE_GENERATE_INST/SORTER/CELL_ARRAY_GEN[255].LAST_CELL.cell_inst_last_i_1392/O
                         net (fo=1, routed)           0.820    11.707    TREE_GENERATE_INST/SORTER/CELL_ARRAY_GEN[255].LAST_CELL.cell_inst_last_i_1392_n_0
    SLICE_X104Y42        LUT6 (Prop_lut6_I1_O)        0.124    11.831 r  TREE_GENERATE_INST/SORTER/CELL_ARRAY_GEN[255].LAST_CELL.cell_inst_last_i_799/O
                         net (fo=1, routed)           0.000    11.831    TREE_GENERATE_INST/SORTER/CELL_ARRAY_GEN[255].LAST_CELL.cell_inst_last_i_799_n_0
    SLICE_X104Y42        MUXF7 (Prop_muxf7_I0_O)      0.209    12.040 r  TREE_GENERATE_INST/SORTER/CELL_ARRAY_GEN[255].LAST_CELL.cell_inst_last_i_296/O
                         net (fo=1, routed)           0.759    12.799    TREE_GENERATE_INST/SORTER/CELL_ARRAY_GEN[255].LAST_CELL.cell_inst_last_i_296_n_0
    SLICE_X96Y42         LUT3 (Prop_lut3_I1_O)        0.297    13.096 r  TREE_GENERATE_INST/SORTER/CELL_ARRAY_GEN[255].LAST_CELL.cell_inst_last_i_122/O
                         net (fo=1, routed)           1.069    14.165    TREE_GENERATE_INST/SORTER/CELL_ARRAY_GEN[255].LAST_CELL.cell_inst_last_i_122_n_0
    SLICE_X89Y43         LUT6 (Prop_lut6_I3_O)        0.124    14.289 r  TREE_GENERATE_INST/SORTER/CELL_ARRAY_GEN[255].LAST_CELL.cell_inst_last_i_55/O
                         net (fo=515, routed)         0.860    15.149    TREE_GENERATE_INST/SORTER/freqs[0][0]
    SLICE_X80Y46         CARRY4 (Prop_carry4_CYINIT_CO[3])
                                                      0.580    15.729 r  TREE_GENERATE_INST/SORTER/CELL_ARRAY_GEN[255].LAST_CELL.cell_inst_last_i_54/CO[3]
                         net (fo=1, routed)           0.000    15.729    TREE_GENERATE_INST/SORTER/CELL_ARRAY_GEN[255].LAST_CELL.cell_inst_last_i_54_n_0
    SLICE_X80Y47         CARRY4 (Prop_carry4_CI_CO[3])
                                                      0.114    15.843 r  TREE_GENERATE_INST/SORTER/CELL_ARRAY_GEN[255].LAST_CELL.cell_inst_last_i_53/CO[3]
                         net (fo=1, routed)           0.000    15.843    TREE_GENERATE_INST/SORTER/CELL_ARRAY_GEN[255].LAST_CELL.cell_inst_last_i_53_n_0
    SLICE_X80Y48         CARRY4 (Prop_carry4_CI_O[2])
                                                      0.239    16.082 r  TREE_GENERATE_INST/SORTER/CELL_ARRAY_GEN[255].LAST_CELL.cell_inst_last_i_52/O[2]
                         net (fo=513, routed)         1.877    17.959    TREE_GENERATE_INST/SORTER/plusOp[11]
    SLICE_X53Y51         LUT4 (Prop_lut4_I1_O)        0.302    18.261 r  TREE_GENERATE_INST/SORTER/CELL_ARRAY_GEN[4].MIDDLE_CELLS.cell_inst_mid_i_14/O
                         net (fo=1, routed)           0.000    18.261    TREE_GENERATE_INST/SORTER/CELL_ARRAY_GEN[4].MIDDLE_CELLS.cell_inst_mid_i_14_n_0
    SLICE_X53Y51         CARRY4 (Prop_carry4_S[1]_CO[2])
                                                      0.570    18.831 r  TREE_GENERATE_INST/SORTER/CELL_ARRAY_GEN[4].MIDDLE_CELLS.cell_inst_mid_i_4/CO[2]
                         net (fo=3, routed)           0.910    19.741    TREE_GENERATE_INST/SORTER/CELL_ARRAY_GEN[4].MIDDLE_CELLS.cell_inst_mid_i_4_n_1
    SLICE_X55Y56         LUT5 (Prop_lut5_I4_O)        0.313    20.054 r  TREE_GENERATE_INST/SORTER/CELL_ARRAY_GEN[4].MIDDLE_CELLS.cell_inst_mid_i_1/O
                         net (fo=24, routed)          1.017    21.071    TREE_GENERATE_INST/SORTER/CELL_ARRAY_GEN[4].MIDDLE_CELLS.cell_inst_mid/write_en
    SLICE_X57Y58         LUT2 (Prop_lut2_I0_O)        0.154    21.225 r  TREE_GENERATE_INST/SORTER/CELL_ARRAY_GEN[4].MIDDLE_CELLS.cell_inst_mid/r_freq[13]_i_1/O
                         net (fo=14, routed)          1.850    23.074    TREE_GENERATE_INST/SORTER/CELL_ARRAY_GEN[4].MIDDLE_CELLS.cell_inst_mid/r_symbol
    SLICE_X100Y46        FDRE                                         r  TREE_GENERATE_INST/SORTER/CELL_ARRAY_GEN[4].MIDDLE_CELLS.cell_inst_mid/r_freq_reg[1]/CE
  -------------------------------------------------------------------    -------------------

                         (clock clk_out1_clk_wiz_0 rise edge)
                                                     25.000    25.000 r  
    H16                                               0.000    25.000 r  clk (IN)
                         net (fo=0)                   0.000    25.000    CLOCK_WIZ_INST/inst/clk_in1
    H16                  IBUF (Prop_ibuf_I_O)         1.380    26.380 r  CLOCK_WIZ_INST/inst/clkin1_ibufg/O
                         net (fo=1, routed)           1.162    27.542    CLOCK_WIZ_INST/inst/clk_in1_clk_wiz_0
    MMCME2_ADV_X1Y2      MMCME2_ADV (Prop_mmcme2_adv_CLKIN1_CLKOUT0)
                                                     -7.814    19.728 r  CLOCK_WIZ_INST/inst/mmcm_adv_inst/CLKOUT0
                         net (fo=1, routed)           2.012    21.740    CLOCK_WIZ_INST/inst/clk_out1_clk_wiz_0
    BUFGCTRL_X0Y16       BUFG (Prop_bufg_I_O)         0.091    21.831 r  CLOCK_WIZ_INST/inst/clkout1_buf/O
                         net (fo=14289, routed)       1.625    23.457    TREE_GENERATE_INST/SORTER/CELL_ARRAY_GEN[4].MIDDLE_CELLS.cell_inst_mid/clk
    SLICE_X100Y46        FDRE                                         r  TREE_GENERATE_INST/SORTER/CELL_ARRAY_GEN[4].MIDDLE_CELLS.cell_inst_mid/r_freq_reg[1]/C
                         clock pessimism              0.452    23.909    
                         clock uncertainty           -0.083    23.826    
    SLICE_X100Y46        FDRE (Setup_fdre_C_CE)      -0.372    23.454    TREE_GENERATE_INST/SORTER/CELL_ARRAY_GEN[4].MIDDLE_CELLS.cell_inst_mid/r_freq_reg[1]
  -------------------------------------------------------------------
                         required time                         23.454    
                         arrival time                         -23.074    
  -------------------------------------------------------------------
                         slack                                  0.379    

Slack (MET) :             0.431ns  (required time - arrival time)
  Source:                 TREE_GENERATE_INST/SORTER/CELL_ARRAY_GEN[254].MIDDLE_CELLS.cell_inst_mid_i_339_psbram_2/C
                            (rising edge-triggered cell FDRE clocked by clk_out1_clk_wiz_0  {rise@0.000ns fall@12.500ns period=25.000ns})
  Destination:            TREE_GENERATE_INST/SORTER/CELL_ARRAY_GEN[218].MIDDLE_CELLS.cell_inst_mid/r_freq_reg[10]/CE
                            (rising edge-triggered cell FDRE clocked by clk_out1_clk_wiz_0  {rise@0.000ns fall@12.500ns period=25.000ns})
  Path Group:             clk_out1_clk_wiz_0
  Path Type:              Setup (Max at Slow Process Corner)
  Requirement:            25.000ns  (clk_out1_clk_wiz_0 rise@25.000ns - clk_out1_clk_wiz_0 rise@0.000ns)
  Data Path Delay:        24.090ns  (logic 4.566ns (18.954%)  route 19.524ns (81.046%))
  Logic Levels:           19  (CARRY4=4 LUT2=1 LUT3=3 LUT4=1 LUT5=2 LUT6=7 MUXF7=1)
  Clock Path Skew:        -0.019ns (DCD - SCD + CPR)
    Destination Clock Delay (DCD):    -1.546ns = ( 23.454 - 25.000 ) 
    Source Clock Delay      (SCD):    -1.075ns
    Clock Pessimism Removal (CPR):    0.452ns
  Clock Uncertainty:      0.083ns  ((TSJ^2 + DJ^2)^1/2) / 2 + PE
    Total System Jitter     (TSJ):    0.071ns
    Discrete Jitter          (DJ):    0.151ns
    Phase Error              (PE):    0.000ns

    Location             Delay type                Incr(ns)  Path(ns)    Netlist Resource(s)
  -------------------------------------------------------------------    -------------------
                         (clock clk_out1_clk_wiz_0 rise edge)
                                                      0.000     0.000 r  
    H16                                               0.000     0.000 r  clk (IN)
                         net (fo=0)                   0.000     0.000    CLOCK_WIZ_INST/inst/clk_in1
    H16                  IBUF (Prop_ibuf_I_O)         1.451     1.451 r  CLOCK_WIZ_INST/inst/clkin1_ibufg/O
                         net (fo=1, routed)           1.285     2.736    CLOCK_WIZ_INST/inst/clk_in1_clk_wiz_0
    MMCME2_ADV_X1Y2      MMCME2_ADV (Prop_mmcme2_adv_CLKIN1_CLKOUT0)
                                                     -7.759    -5.023 r  CLOCK_WIZ_INST/inst/mmcm_adv_inst/CLKOUT0
                         net (fo=1, routed)           2.206    -2.817    CLOCK_WIZ_INST/inst/clk_out1_clk_wiz_0
    BUFGCTRL_X0Y16       BUFG (Prop_bufg_I_O)         0.101    -2.716 r  CLOCK_WIZ_INST/inst/clkout1_buf/O
                         net (fo=14289, routed)       1.641    -1.075    TREE_GENERATE_INST/SORTER/clk
    SLICE_X48Y67         FDRE                                         r  TREE_GENERATE_INST/SORTER/CELL_ARRAY_GEN[254].MIDDLE_CELLS.cell_inst_mid_i_339_psbram_2/C
  -------------------------------------------------------------------    -------------------
    SLICE_X48Y67         FDRE (Prop_fdre_C_Q)         0.456    -0.619 r  TREE_GENERATE_INST/SORTER/CELL_ARRAY_GEN[254].MIDDLE_CELLS.cell_inst_mid_i_339_psbram_2/Q
                         net (fo=255, routed)         1.759     1.140    TREE_GENERATE_INST/SORTER/input_symbol[0]
    SLICE_X53Y81         LUT6 (Prop_lut6_I1_O)        0.124     1.264 f  TREE_GENERATE_INST/SORTER/CELL_ARRAY_GEN[255].LAST_CELL.cell_inst_last_i_1856/O
                         net (fo=1, routed)           0.642     1.906    TREE_GENERATE_INST/SORTER/CELL_ARRAY_GEN[255].LAST_CELL.cell_inst_last_i_1856_n_0
    SLICE_X54Y80         LUT6 (Prop_lut6_I5_O)        0.124     2.030 f  TREE_GENERATE_INST/SORTER/CELL_ARRAY_GEN[255].LAST_CELL.cell_inst_last_i_1081/O
                         net (fo=3, routed)           1.266     3.296    TREE_GENERATE_INST/SORTER/match_idx_var180_out
    SLICE_X41Y81         LUT3 (Prop_lut3_I0_O)        0.124     3.420 f  TREE_GENERATE_INST/SORTER/CELL_ARRAY_GEN[255].LAST_CELL.cell_inst_last_i_417/O
                         net (fo=6, routed)           0.989     4.409    TREE_GENERATE_INST/SORTER/CELL_ARRAY_GEN[255].LAST_CELL.cell_inst_last_i_417_n_0
    SLICE_X40Y84         LUT5 (Prop_lut5_I2_O)        0.124     4.533 f  TREE_GENERATE_INST/SORTER/CELL_ARRAY_GEN[255].LAST_CELL.cell_inst_last_i_169/O
                         net (fo=8, routed)           0.802     5.335    TREE_GENERATE_INST/SORTER/CELL_ARRAY_GEN[255].LAST_CELL.cell_inst_last_i_169_n_0
    SLICE_X38Y82         LUT3 (Prop_lut3_I1_O)        0.124     5.459 f  TREE_GENERATE_INST/SORTER/CELL_ARRAY_GEN[255].LAST_CELL.cell_inst_last_i_148/O
                         net (fo=10, routed)          1.099     6.558    TREE_GENERATE_INST/SORTER/CELL_ARRAY_GEN[255].LAST_CELL.cell_inst_last_i_148_n_0
    SLICE_X58Y82         LUT6 (Prop_lut6_I5_O)        0.124     6.682 r  TREE_GENERATE_INST/SORTER/CELL_ARRAY_GEN[254].MIDDLE_CELLS.cell_inst_mid_i_42/O
                         net (fo=16, routed)          1.879     8.561    TREE_GENERATE_INST/SORTER/CELL_ARRAY_GEN[254].MIDDLE_CELLS.cell_inst_mid_i_42_n_0
    SLICE_X64Y56         LUT6 (Prop_lut6_I1_O)        0.124     8.685 r  TREE_GENERATE_INST/SORTER/CELL_ARRAY_GEN[255].LAST_CELL.cell_inst_last_i_1357/O
                         net (fo=118, routed)         2.078    10.763    TREE_GENERATE_INST/SORTER/CELL_ARRAY_GEN[255].LAST_CELL.cell_inst_last_i_1357_n_0
    SLICE_X104Y43        LUT6 (Prop_lut6_I2_O)        0.124    10.887 r  TREE_GENERATE_INST/SORTER/CELL_ARRAY_GEN[255].LAST_CELL.cell_inst_last_i_1392/O
                         net (fo=1, routed)           0.820    11.707    TREE_GENERATE_INST/SORTER/CELL_ARRAY_GEN[255].LAST_CELL.cell_inst_last_i_1392_n_0
    SLICE_X104Y42        LUT6 (Prop_lut6_I1_O)        0.124    11.831 r  TREE_GENERATE_INST/SORTER/CELL_ARRAY_GEN[255].LAST_CELL.cell_inst_last_i_799/O
                         net (fo=1, routed)           0.000    11.831    TREE_GENERATE_INST/SORTER/CELL_ARRAY_GEN[255].LAST_CELL.cell_inst_last_i_799_n_0
    SLICE_X104Y42        MUXF7 (Prop_muxf7_I0_O)      0.209    12.040 r  TREE_GENERATE_INST/SORTER/CELL_ARRAY_GEN[255].LAST_CELL.cell_inst_last_i_296/O
                         net (fo=1, routed)           0.759    12.799    TREE_GENERATE_INST/SORTER/CELL_ARRAY_GEN[255].LAST_CELL.cell_inst_last_i_296_n_0
    SLICE_X96Y42         LUT3 (Prop_lut3_I1_O)        0.297    13.096 r  TREE_GENERATE_INST/SORTER/CELL_ARRAY_GEN[255].LAST_CELL.cell_inst_last_i_122/O
                         net (fo=1, routed)           1.069    14.165    TREE_GENERATE_INST/SORTER/CELL_ARRAY_GEN[255].LAST_CELL.cell_inst_last_i_122_n_0
    SLICE_X89Y43         LUT6 (Prop_lut6_I3_O)        0.124    14.289 r  TREE_GENERATE_INST/SORTER/CELL_ARRAY_GEN[255].LAST_CELL.cell_inst_last_i_55/O
                         net (fo=515, routed)         0.860    15.149    TREE_GENERATE_INST/SORTER/freqs[0][0]
    SLICE_X80Y46         CARRY4 (Prop_carry4_CYINIT_CO[3])
                                                      0.580    15.729 r  TREE_GENERATE_INST/SORTER/CELL_ARRAY_GEN[255].LAST_CELL.cell_inst_last_i_54/CO[3]
                         net (fo=1, routed)           0.000    15.729    TREE_GENERATE_INST/SORTER/CELL_ARRAY_GEN[255].LAST_CELL.cell_inst_last_i_54_n_0
    SLICE_X80Y47         CARRY4 (Prop_carry4_CI_CO[3])
                                                      0.114    15.843 r  TREE_GENERATE_INST/SORTER/CELL_ARRAY_GEN[255].LAST_CELL.cell_inst_last_i_53/CO[3]
                         net (fo=1, routed)           0.000    15.843    TREE_GENERATE_INST/SORTER/CELL_ARRAY_GEN[255].LAST_CELL.cell_inst_last_i_53_n_0
    SLICE_X80Y48         CARRY4 (Prop_carry4_CI_O[1])
                                                      0.334    16.177 r  TREE_GENERATE_INST/SORTER/CELL_ARRAY_GEN[255].LAST_CELL.cell_inst_last_i_52/O[1]
                         net (fo=513, routed)         1.862    18.039    TREE_GENERATE_INST/SORTER/plusOp[10]
    SLICE_X54Y46         LUT4 (Prop_lut4_I0_O)        0.303    18.342 r  TREE_GENERATE_INST/SORTER/CELL_ARRAY_GEN[218].MIDDLE_CELLS.cell_inst_mid_i_18/O
                         net (fo=1, routed)           0.000    18.342    TREE_GENERATE_INST/SORTER/CELL_ARRAY_GEN[218].MIDDLE_CELLS.cell_inst_mid_i_18_n_0
    SLICE_X54Y46         CARRY4 (Prop_carry4_S[1]_CO[2])
                                                      0.574    18.916 r  TREE_GENERATE_INST/SORTER/CELL_ARRAY_GEN[218].MIDDLE_CELLS.cell_inst_mid_i_4/CO[2]
                         net (fo=3, routed)           0.673    19.588    TREE_GENERATE_INST/SORTER/CELL_ARRAY_GEN[218].MIDDLE_CELLS.cell_inst_mid_i_4_n_1
    SLICE_X54Y41         LUT5 (Prop_lut5_I4_O)        0.310    19.898 r  TREE_GENERATE_INST/SORTER/CELL_ARRAY_GEN[218].MIDDLE_CELLS.cell_inst_mid_i_1/O
                         net (fo=24, routed)          1.148    21.046    TREE_GENERATE_INST/SORTER/CELL_ARRAY_GEN[218].MIDDLE_CELLS.cell_inst_mid/write_en
    SLICE_X52Y39         LUT2 (Prop_lut2_I0_O)        0.149    21.195 r  TREE_GENERATE_INST/SORTER/CELL_ARRAY_GEN[218].MIDDLE_CELLS.cell_inst_mid/r_freq[13]_i_1/O
                         net (fo=14, routed)          1.820    23.015    TREE_GENERATE_INST/SORTER/CELL_ARRAY_GEN[218].MIDDLE_CELLS.cell_inst_mid/r_symbol
    SLICE_X90Y46         FDRE                                         r  TREE_GENERATE_INST/SORTER/CELL_ARRAY_GEN[218].MIDDLE_CELLS.cell_inst_mid/r_freq_reg[10]/CE
  -------------------------------------------------------------------    -------------------

                         (clock clk_out1_clk_wiz_0 rise edge)
                                                     25.000    25.000 r  
    H16                                               0.000    25.000 r  clk (IN)
                         net (fo=0)                   0.000    25.000    CLOCK_WIZ_INST/inst/clk_in1
    H16                  IBUF (Prop_ibuf_I_O)         1.380    26.380 r  CLOCK_WIZ_INST/inst/clkin1_ibufg/O
                         net (fo=1, routed)           1.162    27.542    CLOCK_WIZ_INST/inst/clk_in1_clk_wiz_0
    MMCME2_ADV_X1Y2      MMCME2_ADV (Prop_mmcme2_adv_CLKIN1_CLKOUT0)
                                                     -7.814    19.728 r  CLOCK_WIZ_INST/inst/mmcm_adv_inst/CLKOUT0
                         net (fo=1, routed)           2.012    21.740    CLOCK_WIZ_INST/inst/clk_out1_clk_wiz_0
    BUFGCTRL_X0Y16       BUFG (Prop_bufg_I_O)         0.091    21.831 r  CLOCK_WIZ_INST/inst/clkout1_buf/O
                         net (fo=14289, routed)       1.622    23.454    TREE_GENERATE_INST/SORTER/CELL_ARRAY_GEN[218].MIDDLE_CELLS.cell_inst_mid/clk
    SLICE_X90Y46         FDRE                                         r  TREE_GENERATE_INST/SORTER/CELL_ARRAY_GEN[218].MIDDLE_CELLS.cell_inst_mid/r_freq_reg[10]/C
                         clock pessimism              0.452    23.906    
                         clock uncertainty           -0.083    23.823    
    SLICE_X90Y46         FDRE (Setup_fdre_C_CE)      -0.377    23.446    TREE_GENERATE_INST/SORTER/CELL_ARRAY_GEN[218].MIDDLE_CELLS.cell_inst_mid/r_freq_reg[10]
  -------------------------------------------------------------------
                         required time                         23.446    
                         arrival time                         -23.015    
  -------------------------------------------------------------------
                         slack                                  0.431    

Slack (MET) :             0.431ns  (required time - arrival time)
  Source:                 TREE_GENERATE_INST/SORTER/CELL_ARRAY_GEN[254].MIDDLE_CELLS.cell_inst_mid_i_339_psbram_2/C
                            (rising edge-triggered cell FDRE clocked by clk_out1_clk_wiz_0  {rise@0.000ns fall@12.500ns period=25.000ns})
  Destination:            TREE_GENERATE_INST/SORTER/CELL_ARRAY_GEN[218].MIDDLE_CELLS.cell_inst_mid/r_freq_reg[11]/CE
                            (rising edge-triggered cell FDRE clocked by clk_out1_clk_wiz_0  {rise@0.000ns fall@12.500ns period=25.000ns})
  Path Group:             clk_out1_clk_wiz_0
  Path Type:              Setup (Max at Slow Process Corner)
  Requirement:            25.000ns  (clk_out1_clk_wiz_0 rise@25.000ns - clk_out1_clk_wiz_0 rise@0.000ns)
  Data Path Delay:        24.090ns  (logic 4.566ns (18.954%)  route 19.524ns (81.046%))
  Logic Levels:           19  (CARRY4=4 LUT2=1 LUT3=3 LUT4=1 LUT5=2 LUT6=7 MUXF7=1)
  Clock Path Skew:        -0.019ns (DCD - SCD + CPR)
    Destination Clock Delay (DCD):    -1.546ns = ( 23.454 - 25.000 ) 
    Source Clock Delay      (SCD):    -1.075ns
    Clock Pessimism Removal (CPR):    0.452ns
  Clock Uncertainty:      0.083ns  ((TSJ^2 + DJ^2)^1/2) / 2 + PE
    Total System Jitter     (TSJ):    0.071ns
    Discrete Jitter          (DJ):    0.151ns
    Phase Error              (PE):    0.000ns

    Location             Delay type                Incr(ns)  Path(ns)    Netlist Resource(s)
  -------------------------------------------------------------------    -------------------
                         (clock clk_out1_clk_wiz_0 rise edge)
                                                      0.000     0.000 r  
    H16                                               0.000     0.000 r  clk (IN)
                         net (fo=0)                   0.000     0.000    CLOCK_WIZ_INST/inst/clk_in1
    H16                  IBUF (Prop_ibuf_I_O)         1.451     1.451 r  CLOCK_WIZ_INST/inst/clkin1_ibufg/O
                         net (fo=1, routed)           1.285     2.736    CLOCK_WIZ_INST/inst/clk_in1_clk_wiz_0
    MMCME2_ADV_X1Y2      MMCME2_ADV (Prop_mmcme2_adv_CLKIN1_CLKOUT0)
                                                     -7.759    -5.023 r  CLOCK_WIZ_INST/inst/mmcm_adv_inst/CLKOUT0
                         net (fo=1, routed)           2.206    -2.817    CLOCK_WIZ_INST/inst/clk_out1_clk_wiz_0
    BUFGCTRL_X0Y16       BUFG (Prop_bufg_I_O)         0.101    -2.716 r  CLOCK_WIZ_INST/inst/clkout1_buf/O
                         net (fo=14289, routed)       1.641    -1.075    TREE_GENERATE_INST/SORTER/clk
    SLICE_X48Y67         FDRE                                         r  TREE_GENERATE_INST/SORTER/CELL_ARRAY_GEN[254].MIDDLE_CELLS.cell_inst_mid_i_339_psbram_2/C
  -------------------------------------------------------------------    -------------------
    SLICE_X48Y67         FDRE (Prop_fdre_C_Q)         0.456    -0.619 r  TREE_GENERATE_INST/SORTER/CELL_ARRAY_GEN[254].MIDDLE_CELLS.cell_inst_mid_i_339_psbram_2/Q
                         net (fo=255, routed)         1.759     1.140    TREE_GENERATE_INST/SORTER/input_symbol[0]
    SLICE_X53Y81         LUT6 (Prop_lut6_I1_O)        0.124     1.264 f  TREE_GENERATE_INST/SORTER/CELL_ARRAY_GEN[255].LAST_CELL.cell_inst_last_i_1856/O
                         net (fo=1, routed)           0.642     1.906    TREE_GENERATE_INST/SORTER/CELL_ARRAY_GEN[255].LAST_CELL.cell_inst_last_i_1856_n_0
    SLICE_X54Y80         LUT6 (Prop_lut6_I5_O)        0.124     2.030 f  TREE_GENERATE_INST/SORTER/CELL_ARRAY_GEN[255].LAST_CELL.cell_inst_last_i_1081/O
                         net (fo=3, routed)           1.266     3.296    TREE_GENERATE_INST/SORTER/match_idx_var180_out
    SLICE_X41Y81         LUT3 (Prop_lut3_I0_O)        0.124     3.420 f  TREE_GENERATE_INST/SORTER/CELL_ARRAY_GEN[255].LAST_CELL.cell_inst_last_i_417/O
                         net (fo=6, routed)           0.989     4.409    TREE_GENERATE_INST/SORTER/CELL_ARRAY_GEN[255].LAST_CELL.cell_inst_last_i_417_n_0
    SLICE_X40Y84         LUT5 (Prop_lut5_I2_O)        0.124     4.533 f  TREE_GENERATE_INST/SORTER/CELL_ARRAY_GEN[255].LAST_CELL.cell_inst_last_i_169/O
                         net (fo=8, routed)           0.802     5.335    TREE_GENERATE_INST/SORTER/CELL_ARRAY_GEN[255].LAST_CELL.cell_inst_last_i_169_n_0
    SLICE_X38Y82         LUT3 (Prop_lut3_I1_O)        0.124     5.459 f  TREE_GENERATE_INST/SORTER/CELL_ARRAY_GEN[255].LAST_CELL.cell_inst_last_i_148/O
                         net (fo=10, routed)          1.099     6.558    TREE_GENERATE_INST/SORTER/CELL_ARRAY_GEN[255].LAST_CELL.cell_inst_last_i_148_n_0
    SLICE_X58Y82         LUT6 (Prop_lut6_I5_O)        0.124     6.682 r  TREE_GENERATE_INST/SORTER/CELL_ARRAY_GEN[254].MIDDLE_CELLS.cell_inst_mid_i_42/O
                         net (fo=16, routed)          1.879     8.561    TREE_GENERATE_INST/SORTER/CELL_ARRAY_GEN[254].MIDDLE_CELLS.cell_inst_mid_i_42_n_0
    SLICE_X64Y56         LUT6 (Prop_lut6_I1_O)        0.124     8.685 r  TREE_GENERATE_INST/SORTER/CELL_ARRAY_GEN[255].LAST_CELL.cell_inst_last_i_1357/O
                         net (fo=118, routed)         2.078    10.763    TREE_GENERATE_INST/SORTER/CELL_ARRAY_GEN[255].LAST_CELL.cell_inst_last_i_1357_n_0
    SLICE_X104Y43        LUT6 (Prop_lut6_I2_O)        0.124    10.887 r  TREE_GENERATE_INST/SORTER/CELL_ARRAY_GEN[255].LAST_CELL.cell_inst_last_i_1392/O
                         net (fo=1, routed)           0.820    11.707    TREE_GENERATE_INST/SORTER/CELL_ARRAY_GEN[255].LAST_CELL.cell_inst_last_i_1392_n_0
    SLICE_X104Y42        LUT6 (Prop_lut6_I1_O)        0.124    11.831 r  TREE_GENERATE_INST/SORTER/CELL_ARRAY_GEN[255].LAST_CELL.cell_inst_last_i_799/O
                         net (fo=1, routed)           0.000    11.831    TREE_GENERATE_INST/SORTER/CELL_ARRAY_GEN[255].LAST_CELL.cell_inst_last_i_799_n_0
    SLICE_X104Y42        MUXF7 (Prop_muxf7_I0_O)      0.209    12.040 r  TREE_GENERATE_INST/SORTER/CELL_ARRAY_GEN[255].LAST_CELL.cell_inst_last_i_296/O
                         net (fo=1, routed)           0.759    12.799    TREE_GENERATE_INST/SORTER/CELL_ARRAY_GEN[255].LAST_CELL.cell_inst_last_i_296_n_0
    SLICE_X96Y42         LUT3 (Prop_lut3_I1_O)        0.297    13.096 r  TREE_GENERATE_INST/SORTER/CELL_ARRAY_GEN[255].LAST_CELL.cell_inst_last_i_122/O
                         net (fo=1, routed)           1.069    14.165    TREE_GENERATE_INST/SORTER/CELL_ARRAY_GEN[255].LAST_CELL.cell_inst_last_i_122_n_0
    SLICE_X89Y43         LUT6 (Prop_lut6_I3_O)        0.124    14.289 r  TREE_GENERATE_INST/SORTER/CELL_ARRAY_GEN[255].LAST_CELL.cell_inst_last_i_55/O
                         net (fo=515, routed)         0.860    15.149    TREE_GENERATE_INST/SORTER/freqs[0][0]
    SLICE_X80Y46         CARRY4 (Prop_carry4_CYINIT_CO[3])
                                                      0.580    15.729 r  TREE_GENERATE_INST/SORTER/CELL_ARRAY_GEN[255].LAST_CELL.cell_inst_last_i_54/CO[3]
                         net (fo=1, routed)           0.000    15.729    TREE_GENERATE_INST/SORTER/CELL_ARRAY_GEN[255].LAST_CELL.cell_inst_last_i_54_n_0
    SLICE_X80Y47         CARRY4 (Prop_carry4_CI_CO[3])
                                                      0.114    15.843 r  TREE_GENERATE_INST/SORTER/CELL_ARRAY_GEN[255].LAST_CELL.cell_inst_last_i_53/CO[3]
                         net (fo=1, routed)           0.000    15.843    TREE_GENERATE_INST/SORTER/CELL_ARRAY_GEN[255].LAST_CELL.cell_inst_last_i_53_n_0
    SLICE_X80Y48         CARRY4 (Prop_carry4_CI_O[1])
                                                      0.334    16.177 r  TREE_GENERATE_INST/SORTER/CELL_ARRAY_GEN[255].LAST_CELL.cell_inst_last_i_52/O[1]
                         net (fo=513, routed)         1.862    18.039    TREE_GENERATE_INST/SORTER/plusOp[10]
    SLICE_X54Y46         LUT4 (Prop_lut4_I0_O)        0.303    18.342 r  TREE_GENERATE_INST/SORTER/CELL_ARRAY_GEN[218].MIDDLE_CELLS.cell_inst_mid_i_18/O
                         net (fo=1, routed)           0.000    18.342    TREE_GENERATE_INST/SORTER/CELL_ARRAY_GEN[218].MIDDLE_CELLS.cell_inst_mid_i_18_n_0
    SLICE_X54Y46         CARRY4 (Prop_carry4_S[1]_CO[2])
                                                      0.574    18.916 r  TREE_GENERATE_INST/SORTER/CELL_ARRAY_GEN[218].MIDDLE_CELLS.cell_inst_mid_i_4/CO[2]
                         net (fo=3, routed)           0.673    19.588    TREE_GENERATE_INST/SORTER/CELL_ARRAY_GEN[218].MIDDLE_CELLS.cell_inst_mid_i_4_n_1
    SLICE_X54Y41         LUT5 (Prop_lut5_I4_O)        0.310    19.898 r  TREE_GENERATE_INST/SORTER/CELL_ARRAY_GEN[218].MIDDLE_CELLS.cell_inst_mid_i_1/O
                         net (fo=24, routed)          1.148    21.046    TREE_GENERATE_INST/SORTER/CELL_ARRAY_GEN[218].MIDDLE_CELLS.cell_inst_mid/write_en
    SLICE_X52Y39         LUT2 (Prop_lut2_I0_O)        0.149    21.195 r  TREE_GENERATE_INST/SORTER/CELL_ARRAY_GEN[218].MIDDLE_CELLS.cell_inst_mid/r_freq[13]_i_1/O
                         net (fo=14, routed)          1.820    23.015    TREE_GENERATE_INST/SORTER/CELL_ARRAY_GEN[218].MIDDLE_CELLS.cell_inst_mid/r_symbol
    SLICE_X90Y46         FDRE                                         r  TREE_GENERATE_INST/SORTER/CELL_ARRAY_GEN[218].MIDDLE_CELLS.cell_inst_mid/r_freq_reg[11]/CE
  -------------------------------------------------------------------    -------------------

                         (clock clk_out1_clk_wiz_0 rise edge)
                                                     25.000    25.000 r  
    H16                                               0.000    25.000 r  clk (IN)
                         net (fo=0)                   0.000    25.000    CLOCK_WIZ_INST/inst/clk_in1
    H16                  IBUF (Prop_ibuf_I_O)         1.380    26.380 r  CLOCK_WIZ_INST/inst/clkin1_ibufg/O
                         net (fo=1, routed)           1.162    27.542    CLOCK_WIZ_INST/inst/clk_in1_clk_wiz_0
    MMCME2_ADV_X1Y2      MMCME2_ADV (Prop_mmcme2_adv_CLKIN1_CLKOUT0)
                                                     -7.814    19.728 r  CLOCK_WIZ_INST/inst/mmcm_adv_inst/CLKOUT0
                         net (fo=1, routed)           2.012    21.740    CLOCK_WIZ_INST/inst/clk_out1_clk_wiz_0
    BUFGCTRL_X0Y16       BUFG (Prop_bufg_I_O)         0.091    21.831 r  CLOCK_WIZ_INST/inst/clkout1_buf/O
                         net (fo=14289, routed)       1.622    23.454    TREE_GENERATE_INST/SORTER/CELL_ARRAY_GEN[218].MIDDLE_CELLS.cell_inst_mid/clk
    SLICE_X90Y46         FDRE                                         r  TREE_GENERATE_INST/SORTER/CELL_ARRAY_GEN[218].MIDDLE_CELLS.cell_inst_mid/r_freq_reg[11]/C
                         clock pessimism              0.452    23.906    
                         clock uncertainty           -0.083    23.823    
    SLICE_X90Y46         FDRE (Setup_fdre_C_CE)      -0.377    23.446    TREE_GENERATE_INST/SORTER/CELL_ARRAY_GEN[218].MIDDLE_CELLS.cell_inst_mid/r_freq_reg[11]
  -------------------------------------------------------------------
                         required time                         23.446    
                         arrival time                         -23.015    
  -------------------------------------------------------------------
                         slack                                  0.431    

Slack (MET) :             0.431ns  (required time - arrival time)
  Source:                 TREE_GENERATE_INST/SORTER/CELL_ARRAY_GEN[254].MIDDLE_CELLS.cell_inst_mid_i_339_psbram_2/C
                            (rising edge-triggered cell FDRE clocked by clk_out1_clk_wiz_0  {rise@0.000ns fall@12.500ns period=25.000ns})
  Destination:            TREE_GENERATE_INST/SORTER/CELL_ARRAY_GEN[218].MIDDLE_CELLS.cell_inst_mid/r_freq_reg[2]/CE
                            (rising edge-triggered cell FDRE clocked by clk_out1_clk_wiz_0  {rise@0.000ns fall@12.500ns period=25.000ns})
  Path Group:             clk_out1_clk_wiz_0
  Path Type:              Setup (Max at Slow Process Corner)
  Requirement:            25.000ns  (clk_out1_clk_wiz_0 rise@25.000ns - clk_out1_clk_wiz_0 rise@0.000ns)
  Data Path Delay:        24.090ns  (logic 4.566ns (18.954%)  route 19.524ns (81.046%))
  Logic Levels:           19  (CARRY4=4 LUT2=1 LUT3=3 LUT4=1 LUT5=2 LUT6=7 MUXF7=1)
  Clock Path Skew:        -0.019ns (DCD - SCD + CPR)
    Destination Clock Delay (DCD):    -1.546ns = ( 23.454 - 25.000 ) 
    Source Clock Delay      (SCD):    -1.075ns
    Clock Pessimism Removal (CPR):    0.452ns
  Clock Uncertainty:      0.083ns  ((TSJ^2 + DJ^2)^1/2) / 2 + PE
    Total System Jitter     (TSJ):    0.071ns
    Discrete Jitter          (DJ):    0.151ns
    Phase Error              (PE):    0.000ns

    Location             Delay type                Incr(ns)  Path(ns)    Netlist Resource(s)
  -------------------------------------------------------------------    -------------------
                         (clock clk_out1_clk_wiz_0 rise edge)
                                                      0.000     0.000 r  
    H16                                               0.000     0.000 r  clk (IN)
                         net (fo=0)                   0.000     0.000    CLOCK_WIZ_INST/inst/clk_in1
    H16                  IBUF (Prop_ibuf_I_O)         1.451     1.451 r  CLOCK_WIZ_INST/inst/clkin1_ibufg/O
                         net (fo=1, routed)           1.285     2.736    CLOCK_WIZ_INST/inst/clk_in1_clk_wiz_0
    MMCME2_ADV_X1Y2      MMCME2_ADV (Prop_mmcme2_adv_CLKIN1_CLKOUT0)
                                                     -7.759    -5.023 r  CLOCK_WIZ_INST/inst/mmcm_adv_inst/CLKOUT0
                         net (fo=1, routed)           2.206    -2.817    CLOCK_WIZ_INST/inst/clk_out1_clk_wiz_0
    BUFGCTRL_X0Y16       BUFG (Prop_bufg_I_O)         0.101    -2.716 r  CLOCK_WIZ_INST/inst/clkout1_buf/O
                         net (fo=14289, routed)       1.641    -1.075    TREE_GENERATE_INST/SORTER/clk
    SLICE_X48Y67         FDRE                                         r  TREE_GENERATE_INST/SORTER/CELL_ARRAY_GEN[254].MIDDLE_CELLS.cell_inst_mid_i_339_psbram_2/C
  -------------------------------------------------------------------    -------------------
    SLICE_X48Y67         FDRE (Prop_fdre_C_Q)         0.456    -0.619 r  TREE_GENERATE_INST/SORTER/CELL_ARRAY_GEN[254].MIDDLE_CELLS.cell_inst_mid_i_339_psbram_2/Q
                         net (fo=255, routed)         1.759     1.140    TREE_GENERATE_INST/SORTER/input_symbol[0]
    SLICE_X53Y81         LUT6 (Prop_lut6_I1_O)        0.124     1.264 f  TREE_GENERATE_INST/SORTER/CELL_ARRAY_GEN[255].LAST_CELL.cell_inst_last_i_1856/O
                         net (fo=1, routed)           0.642     1.906    TREE_GENERATE_INST/SORTER/CELL_ARRAY_GEN[255].LAST_CELL.cell_inst_last_i_1856_n_0
    SLICE_X54Y80         LUT6 (Prop_lut6_I5_O)        0.124     2.030 f  TREE_GENERATE_INST/SORTER/CELL_ARRAY_GEN[255].LAST_CELL.cell_inst_last_i_1081/O
                         net (fo=3, routed)           1.266     3.296    TREE_GENERATE_INST/SORTER/match_idx_var180_out
    SLICE_X41Y81         LUT3 (Prop_lut3_I0_O)        0.124     3.420 f  TREE_GENERATE_INST/SORTER/CELL_ARRAY_GEN[255].LAST_CELL.cell_inst_last_i_417/O
                         net (fo=6, routed)           0.989     4.409    TREE_GENERATE_INST/SORTER/CELL_ARRAY_GEN[255].LAST_CELL.cell_inst_last_i_417_n_0
    SLICE_X40Y84         LUT5 (Prop_lut5_I2_O)        0.124     4.533 f  TREE_GENERATE_INST/SORTER/CELL_ARRAY_GEN[255].LAST_CELL.cell_inst_last_i_169/O
                         net (fo=8, routed)           0.802     5.335    TREE_GENERATE_INST/SORTER/CELL_ARRAY_GEN[255].LAST_CELL.cell_inst_last_i_169_n_0
    SLICE_X38Y82         LUT3 (Prop_lut3_I1_O)        0.124     5.459 f  TREE_GENERATE_INST/SORTER/CELL_ARRAY_GEN[255].LAST_CELL.cell_inst_last_i_148/O
                         net (fo=10, routed)          1.099     6.558    TREE_GENERATE_INST/SORTER/CELL_ARRAY_GEN[255].LAST_CELL.cell_inst_last_i_148_n_0
    SLICE_X58Y82         LUT6 (Prop_lut6_I5_O)        0.124     6.682 r  TREE_GENERATE_INST/SORTER/CELL_ARRAY_GEN[254].MIDDLE_CELLS.cell_inst_mid_i_42/O
                         net (fo=16, routed)          1.879     8.561    TREE_GENERATE_INST/SORTER/CELL_ARRAY_GEN[254].MIDDLE_CELLS.cell_inst_mid_i_42_n_0
    SLICE_X64Y56         LUT6 (Prop_lut6_I1_O)        0.124     8.685 r  TREE_GENERATE_INST/SORTER/CELL_ARRAY_GEN[255].LAST_CELL.cell_inst_last_i_1357/O
                         net (fo=118, routed)         2.078    10.763    TREE_GENERATE_INST/SORTER/CELL_ARRAY_GEN[255].LAST_CELL.cell_inst_last_i_1357_n_0
    SLICE_X104Y43        LUT6 (Prop_lut6_I2_O)        0.124    10.887 r  TREE_GENERATE_INST/SORTER/CELL_ARRAY_GEN[255].LAST_CELL.cell_inst_last_i_1392/O
                         net (fo=1, routed)           0.820    11.707    TREE_GENERATE_INST/SORTER/CELL_ARRAY_GEN[255].LAST_CELL.cell_inst_last_i_1392_n_0
    SLICE_X104Y42        LUT6 (Prop_lut6_I1_O)        0.124    11.831 r  TREE_GENERATE_INST/SORTER/CELL_ARRAY_GEN[255].LAST_CELL.cell_inst_last_i_799/O
                         net (fo=1, routed)           0.000    11.831    TREE_GENERATE_INST/SORTER/CELL_ARRAY_GEN[255].LAST_CELL.cell_inst_last_i_799_n_0
    SLICE_X104Y42        MUXF7 (Prop_muxf7_I0_O)      0.209    12.040 r  TREE_GENERATE_INST/SORTER/CELL_ARRAY_GEN[255].LAST_CELL.cell_inst_last_i_296/O
                         net (fo=1, routed)           0.759    12.799    TREE_GENERATE_INST/SORTER/CELL_ARRAY_GEN[255].LAST_CELL.cell_inst_last_i_296_n_0
    SLICE_X96Y42         LUT3 (Prop_lut3_I1_O)        0.297    13.096 r  TREE_GENERATE_INST/SORTER/CELL_ARRAY_GEN[255].LAST_CELL.cell_inst_last_i_122/O
                         net (fo=1, routed)           1.069    14.165    TREE_GENERATE_INST/SORTER/CELL_ARRAY_GEN[255].LAST_CELL.cell_inst_last_i_122_n_0
    SLICE_X89Y43         LUT6 (Prop_lut6_I3_O)        0.124    14.289 r  TREE_GENERATE_INST/SORTER/CELL_ARRAY_GEN[255].LAST_CELL.cell_inst_last_i_55/O
                         net (fo=515, routed)         0.860    15.149    TREE_GENERATE_INST/SORTER/freqs[0][0]
    SLICE_X80Y46         CARRY4 (Prop_carry4_CYINIT_CO[3])
                                                      0.580    15.729 r  TREE_GENERATE_INST/SORTER/CELL_ARRAY_GEN[255].LAST_CELL.cell_inst_last_i_54/CO[3]
                         net (fo=1, routed)           0.000    15.729    TREE_GENERATE_INST/SORTER/CELL_ARRAY_GEN[255].LAST_CELL.cell_inst_last_i_54_n_0
    SLICE_X80Y47         CARRY4 (Prop_carry4_CI_CO[3])
                                                      0.114    15.843 r  TREE_GENERATE_INST/SORTER/CELL_ARRAY_GEN[255].LAST_CELL.cell_inst_last_i_53/CO[3]
                         net (fo=1, routed)           0.000    15.843    TREE_GENERATE_INST/SORTER/CELL_ARRAY_GEN[255].LAST_CELL.cell_inst_last_i_53_n_0
    SLICE_X80Y48         CARRY4 (Prop_carry4_CI_O[1])
                                                      0.334    16.177 r  TREE_GENERATE_INST/SORTER/CELL_ARRAY_GEN[255].LAST_CELL.cell_inst_last_i_52/O[1]
                         net (fo=513, routed)         1.862    18.039    TREE_GENERATE_INST/SORTER/plusOp[10]
    SLICE_X54Y46         LUT4 (Prop_lut4_I0_O)        0.303    18.342 r  TREE_GENERATE_INST/SORTER/CELL_ARRAY_GEN[218].MIDDLE_CELLS.cell_inst_mid_i_18/O
                         net (fo=1, routed)           0.000    18.342    TREE_GENERATE_INST/SORTER/CELL_ARRAY_GEN[218].MIDDLE_CELLS.cell_inst_mid_i_18_n_0
    SLICE_X54Y46         CARRY4 (Prop_carry4_S[1]_CO[2])
                                                      0.574    18.916 r  TREE_GENERATE_INST/SORTER/CELL_ARRAY_GEN[218].MIDDLE_CELLS.cell_inst_mid_i_4/CO[2]
                         net (fo=3, routed)           0.673    19.588    TREE_GENERATE_INST/SORTER/CELL_ARRAY_GEN[218].MIDDLE_CELLS.cell_inst_mid_i_4_n_1
    SLICE_X54Y41         LUT5 (Prop_lut5_I4_O)        0.310    19.898 r  TREE_GENERATE_INST/SORTER/CELL_ARRAY_GEN[218].MIDDLE_CELLS.cell_inst_mid_i_1/O
                         net (fo=24, routed)          1.148    21.046    TREE_GENERATE_INST/SORTER/CELL_ARRAY_GEN[218].MIDDLE_CELLS.cell_inst_mid/write_en
    SLICE_X52Y39         LUT2 (Prop_lut2_I0_O)        0.149    21.195 r  TREE_GENERATE_INST/SORTER/CELL_ARRAY_GEN[218].MIDDLE_CELLS.cell_inst_mid/r_freq[13]_i_1/O
                         net (fo=14, routed)          1.820    23.015    TREE_GENERATE_INST/SORTER/CELL_ARRAY_GEN[218].MIDDLE_CELLS.cell_inst_mid/r_symbol
    SLICE_X90Y46         FDRE                                         r  TREE_GENERATE_INST/SORTER/CELL_ARRAY_GEN[218].MIDDLE_CELLS.cell_inst_mid/r_freq_reg[2]/CE
  -------------------------------------------------------------------    -------------------

                         (clock clk_out1_clk_wiz_0 rise edge)
                                                     25.000    25.000 r  
    H16                                               0.000    25.000 r  clk (IN)
                         net (fo=0)                   0.000    25.000    CLOCK_WIZ_INST/inst/clk_in1
    H16                  IBUF (Prop_ibuf_I_O)         1.380    26.380 r  CLOCK_WIZ_INST/inst/clkin1_ibufg/O
                         net (fo=1, routed)           1.162    27.542    CLOCK_WIZ_INST/inst/clk_in1_clk_wiz_0
    MMCME2_ADV_X1Y2      MMCME2_ADV (Prop_mmcme2_adv_CLKIN1_CLKOUT0)
                                                     -7.814    19.728 r  CLOCK_WIZ_INST/inst/mmcm_adv_inst/CLKOUT0
                         net (fo=1, routed)           2.012    21.740    CLOCK_WIZ_INST/inst/clk_out1_clk_wiz_0
    BUFGCTRL_X0Y16       BUFG (Prop_bufg_I_O)         0.091    21.831 r  CLOCK_WIZ_INST/inst/clkout1_buf/O
                         net (fo=14289, routed)       1.622    23.454    TREE_GENERATE_INST/SORTER/CELL_ARRAY_GEN[218].MIDDLE_CELLS.cell_inst_mid/clk
    SLICE_X90Y46         FDRE                                         r  TREE_GENERATE_INST/SORTER/CELL_ARRAY_GEN[218].MIDDLE_CELLS.cell_inst_mid/r_freq_reg[2]/C
                         clock pessimism              0.452    23.906    
                         clock uncertainty           -0.083    23.823    
    SLICE_X90Y46         FDRE (Setup_fdre_C_CE)      -0.377    23.446    TREE_GENERATE_INST/SORTER/CELL_ARRAY_GEN[218].MIDDLE_CELLS.cell_inst_mid/r_freq_reg[2]
  -------------------------------------------------------------------
                         required time                         23.446    
                         arrival time                         -23.015    
  -------------------------------------------------------------------
                         slack                                  0.431    

Slack (MET) :             0.431ns  (required time - arrival time)
  Source:                 TREE_GENERATE_INST/SORTER/CELL_ARRAY_GEN[254].MIDDLE_CELLS.cell_inst_mid_i_339_psbram_2/C
                            (rising edge-triggered cell FDRE clocked by clk_out1_clk_wiz_0  {rise@0.000ns fall@12.500ns period=25.000ns})
  Destination:            TREE_GENERATE_INST/SORTER/CELL_ARRAY_GEN[218].MIDDLE_CELLS.cell_inst_mid/r_freq_reg[3]/CE
                            (rising edge-triggered cell FDRE clocked by clk_out1_clk_wiz_0  {rise@0.000ns fall@12.500ns period=25.000ns})
  Path Group:             clk_out1_clk_wiz_0
  Path Type:              Setup (Max at Slow Process Corner)
  Requirement:            25.000ns  (clk_out1_clk_wiz_0 rise@25.000ns - clk_out1_clk_wiz_0 rise@0.000ns)
  Data Path Delay:        24.090ns  (logic 4.566ns (18.954%)  route 19.524ns (81.046%))
  Logic Levels:           19  (CARRY4=4 LUT2=1 LUT3=3 LUT4=1 LUT5=2 LUT6=7 MUXF7=1)
  Clock Path Skew:        -0.019ns (DCD - SCD + CPR)
    Destination Clock Delay (DCD):    -1.546ns = ( 23.454 - 25.000 ) 
    Source Clock Delay      (SCD):    -1.075ns
    Clock Pessimism Removal (CPR):    0.452ns
  Clock Uncertainty:      0.083ns  ((TSJ^2 + DJ^2)^1/2) / 2 + PE
    Total System Jitter     (TSJ):    0.071ns
    Discrete Jitter          (DJ):    0.151ns
    Phase Error              (PE):    0.000ns

    Location             Delay type                Incr(ns)  Path(ns)    Netlist Resource(s)
  -------------------------------------------------------------------    -------------------
                         (clock clk_out1_clk_wiz_0 rise edge)
                                                      0.000     0.000 r  
    H16                                               0.000     0.000 r  clk (IN)
                         net (fo=0)                   0.000     0.000    CLOCK_WIZ_INST/inst/clk_in1
    H16                  IBUF (Prop_ibuf_I_O)         1.451     1.451 r  CLOCK_WIZ_INST/inst/clkin1_ibufg/O
                         net (fo=1, routed)           1.285     2.736    CLOCK_WIZ_INST/inst/clk_in1_clk_wiz_0
    MMCME2_ADV_X1Y2      MMCME2_ADV (Prop_mmcme2_adv_CLKIN1_CLKOUT0)
                                                     -7.759    -5.023 r  CLOCK_WIZ_INST/inst/mmcm_adv_inst/CLKOUT0
                         net (fo=1, routed)           2.206    -2.817    CLOCK_WIZ_INST/inst/clk_out1_clk_wiz_0
    BUFGCTRL_X0Y16       BUFG (Prop_bufg_I_O)         0.101    -2.716 r  CLOCK_WIZ_INST/inst/clkout1_buf/O
                         net (fo=14289, routed)       1.641    -1.075    TREE_GENERATE_INST/SORTER/clk
    SLICE_X48Y67         FDRE                                         r  TREE_GENERATE_INST/SORTER/CELL_ARRAY_GEN[254].MIDDLE_CELLS.cell_inst_mid_i_339_psbram_2/C
  -------------------------------------------------------------------    -------------------
    SLICE_X48Y67         FDRE (Prop_fdre_C_Q)         0.456    -0.619 r  TREE_GENERATE_INST/SORTER/CELL_ARRAY_GEN[254].MIDDLE_CELLS.cell_inst_mid_i_339_psbram_2/Q
                         net (fo=255, routed)         1.759     1.140    TREE_GENERATE_INST/SORTER/input_symbol[0]
    SLICE_X53Y81         LUT6 (Prop_lut6_I1_O)        0.124     1.264 f  TREE_GENERATE_INST/SORTER/CELL_ARRAY_GEN[255].LAST_CELL.cell_inst_last_i_1856/O
                         net (fo=1, routed)           0.642     1.906    TREE_GENERATE_INST/SORTER/CELL_ARRAY_GEN[255].LAST_CELL.cell_inst_last_i_1856_n_0
    SLICE_X54Y80         LUT6 (Prop_lut6_I5_O)        0.124     2.030 f  TREE_GENERATE_INST/SORTER/CELL_ARRAY_GEN[255].LAST_CELL.cell_inst_last_i_1081/O
                         net (fo=3, routed)           1.266     3.296    TREE_GENERATE_INST/SORTER/match_idx_var180_out
    SLICE_X41Y81         LUT3 (Prop_lut3_I0_O)        0.124     3.420 f  TREE_GENERATE_INST/SORTER/CELL_ARRAY_GEN[255].LAST_CELL.cell_inst_last_i_417/O
                         net (fo=6, routed)           0.989     4.409    TREE_GENERATE_INST/SORTER/CELL_ARRAY_GEN[255].LAST_CELL.cell_inst_last_i_417_n_0
    SLICE_X40Y84         LUT5 (Prop_lut5_I2_O)        0.124     4.533 f  TREE_GENERATE_INST/SORTER/CELL_ARRAY_GEN[255].LAST_CELL.cell_inst_last_i_169/O
                         net (fo=8, routed)           0.802     5.335    TREE_GENERATE_INST/SORTER/CELL_ARRAY_GEN[255].LAST_CELL.cell_inst_last_i_169_n_0
    SLICE_X38Y82         LUT3 (Prop_lut3_I1_O)        0.124     5.459 f  TREE_GENERATE_INST/SORTER/CELL_ARRAY_GEN[255].LAST_CELL.cell_inst_last_i_148/O
                         net (fo=10, routed)          1.099     6.558    TREE_GENERATE_INST/SORTER/CELL_ARRAY_GEN[255].LAST_CELL.cell_inst_last_i_148_n_0
    SLICE_X58Y82         LUT6 (Prop_lut6_I5_O)        0.124     6.682 r  TREE_GENERATE_INST/SORTER/CELL_ARRAY_GEN[254].MIDDLE_CELLS.cell_inst_mid_i_42/O
                         net (fo=16, routed)          1.879     8.561    TREE_GENERATE_INST/SORTER/CELL_ARRAY_GEN[254].MIDDLE_CELLS.cell_inst_mid_i_42_n_0
    SLICE_X64Y56         LUT6 (Prop_lut6_I1_O)        0.124     8.685 r  TREE_GENERATE_INST/SORTER/CELL_ARRAY_GEN[255].LAST_CELL.cell_inst_last_i_1357/O
                         net (fo=118, routed)         2.078    10.763    TREE_GENERATE_INST/SORTER/CELL_ARRAY_GEN[255].LAST_CELL.cell_inst_last_i_1357_n_0
    SLICE_X104Y43        LUT6 (Prop_lut6_I2_O)        0.124    10.887 r  TREE_GENERATE_INST/SORTER/CELL_ARRAY_GEN[255].LAST_CELL.cell_inst_last_i_1392/O
                         net (fo=1, routed)           0.820    11.707    TREE_GENERATE_INST/SORTER/CELL_ARRAY_GEN[255].LAST_CELL.cell_inst_last_i_1392_n_0
    SLICE_X104Y42        LUT6 (Prop_lut6_I1_O)        0.124    11.831 r  TREE_GENERATE_INST/SORTER/CELL_ARRAY_GEN[255].LAST_CELL.cell_inst_last_i_799/O
                         net (fo=1, routed)           0.000    11.831    TREE_GENERATE_INST/SORTER/CELL_ARRAY_GEN[255].LAST_CELL.cell_inst_last_i_799_n_0
    SLICE_X104Y42        MUXF7 (Prop_muxf7_I0_O)      0.209    12.040 r  TREE_GENERATE_INST/SORTER/CELL_ARRAY_GEN[255].LAST_CELL.cell_inst_last_i_296/O
                         net (fo=1, routed)           0.759    12.799    TREE_GENERATE_INST/SORTER/CELL_ARRAY_GEN[255].LAST_CELL.cell_inst_last_i_296_n_0
    SLICE_X96Y42         LUT3 (Prop_lut3_I1_O)        0.297    13.096 r  TREE_GENERATE_INST/SORTER/CELL_ARRAY_GEN[255].LAST_CELL.cell_inst_last_i_122/O
                         net (fo=1, routed)           1.069    14.165    TREE_GENERATE_INST/SORTER/CELL_ARRAY_GEN[255].LAST_CELL.cell_inst_last_i_122_n_0
    SLICE_X89Y43         LUT6 (Prop_lut6_I3_O)        0.124    14.289 r  TREE_GENERATE_INST/SORTER/CELL_ARRAY_GEN[255].LAST_CELL.cell_inst_last_i_55/O
                         net (fo=515, routed)         0.860    15.149    TREE_GENERATE_INST/SORTER/freqs[0][0]
    SLICE_X80Y46         CARRY4 (Prop_carry4_CYINIT_CO[3])
                                                      0.580    15.729 r  TREE_GENERATE_INST/SORTER/CELL_ARRAY_GEN[255].LAST_CELL.cell_inst_last_i_54/CO[3]
                         net (fo=1, routed)           0.000    15.729    TREE_GENERATE_INST/SORTER/CELL_ARRAY_GEN[255].LAST_CELL.cell_inst_last_i_54_n_0
    SLICE_X80Y47         CARRY4 (Prop_carry4_CI_CO[3])
                                                      0.114    15.843 r  TREE_GENERATE_INST/SORTER/CELL_ARRAY_GEN[255].LAST_CELL.cell_inst_last_i_53/CO[3]
                         net (fo=1, routed)           0.000    15.843    TREE_GENERATE_INST/SORTER/CELL_ARRAY_GEN[255].LAST_CELL.cell_inst_last_i_53_n_0
    SLICE_X80Y48         CARRY4 (Prop_carry4_CI_O[1])
                                                      0.334    16.177 r  TREE_GENERATE_INST/SORTER/CELL_ARRAY_GEN[255].LAST_CELL.cell_inst_last_i_52/O[1]
                         net (fo=513, routed)         1.862    18.039    TREE_GENERATE_INST/SORTER/plusOp[10]
    SLICE_X54Y46         LUT4 (Prop_lut4_I0_O)        0.303    18.342 r  TREE_GENERATE_INST/SORTER/CELL_ARRAY_GEN[218].MIDDLE_CELLS.cell_inst_mid_i_18/O
                         net (fo=1, routed)           0.000    18.342    TREE_GENERATE_INST/SORTER/CELL_ARRAY_GEN[218].MIDDLE_CELLS.cell_inst_mid_i_18_n_0
    SLICE_X54Y46         CARRY4 (Prop_carry4_S[1]_CO[2])
                                                      0.574    18.916 r  TREE_GENERATE_INST/SORTER/CELL_ARRAY_GEN[218].MIDDLE_CELLS.cell_inst_mid_i_4/CO[2]
                         net (fo=3, routed)           0.673    19.588    TREE_GENERATE_INST/SORTER/CELL_ARRAY_GEN[218].MIDDLE_CELLS.cell_inst_mid_i_4_n_1
    SLICE_X54Y41         LUT5 (Prop_lut5_I4_O)        0.310    19.898 r  TREE_GENERATE_INST/SORTER/CELL_ARRAY_GEN[218].MIDDLE_CELLS.cell_inst_mid_i_1/O
                         net (fo=24, routed)          1.148    21.046    TREE_GENERATE_INST/SORTER/CELL_ARRAY_GEN[218].MIDDLE_CELLS.cell_inst_mid/write_en
    SLICE_X52Y39         LUT2 (Prop_lut2_I0_O)        0.149    21.195 r  TREE_GENERATE_INST/SORTER/CELL_ARRAY_GEN[218].MIDDLE_CELLS.cell_inst_mid/r_freq[13]_i_1/O
                         net (fo=14, routed)          1.820    23.015    TREE_GENERATE_INST/SORTER/CELL_ARRAY_GEN[218].MIDDLE_CELLS.cell_inst_mid/r_symbol
    SLICE_X90Y46         FDRE                                         r  TREE_GENERATE_INST/SORTER/CELL_ARRAY_GEN[218].MIDDLE_CELLS.cell_inst_mid/r_freq_reg[3]/CE
  -------------------------------------------------------------------    -------------------

                         (clock clk_out1_clk_wiz_0 rise edge)
                                                     25.000    25.000 r  
    H16                                               0.000    25.000 r  clk (IN)
                         net (fo=0)                   0.000    25.000    CLOCK_WIZ_INST/inst/clk_in1
    H16                  IBUF (Prop_ibuf_I_O)         1.380    26.380 r  CLOCK_WIZ_INST/inst/clkin1_ibufg/O
                         net (fo=1, routed)           1.162    27.542    CLOCK_WIZ_INST/inst/clk_in1_clk_wiz_0
    MMCME2_ADV_X1Y2      MMCME2_ADV (Prop_mmcme2_adv_CLKIN1_CLKOUT0)
                                                     -7.814    19.728 r  CLOCK_WIZ_INST/inst/mmcm_adv_inst/CLKOUT0
                         net (fo=1, routed)           2.012    21.740    CLOCK_WIZ_INST/inst/clk_out1_clk_wiz_0
    BUFGCTRL_X0Y16       BUFG (Prop_bufg_I_O)         0.091    21.831 r  CLOCK_WIZ_INST/inst/clkout1_buf/O
                         net (fo=14289, routed)       1.622    23.454    TREE_GENERATE_INST/SORTER/CELL_ARRAY_GEN[218].MIDDLE_CELLS.cell_inst_mid/clk
    SLICE_X90Y46         FDRE                                         r  TREE_GENERATE_INST/SORTER/CELL_ARRAY_GEN[218].MIDDLE_CELLS.cell_inst_mid/r_freq_reg[3]/C
                         clock pessimism              0.452    23.906    
                         clock uncertainty           -0.083    23.823    
    SLICE_X90Y46         FDRE (Setup_fdre_C_CE)      -0.377    23.446    TREE_GENERATE_INST/SORTER/CELL_ARRAY_GEN[218].MIDDLE_CELLS.cell_inst_mid/r_freq_reg[3]
  -------------------------------------------------------------------
                         required time                         23.446    
                         arrival time                         -23.015    
  -------------------------------------------------------------------
                         slack                                  0.431    

Slack (MET) :             0.435ns  (required time - arrival time)
  Source:                 TREE_GENERATE_INST/SORTER/CELL_ARRAY_GEN[254].MIDDLE_CELLS.cell_inst_mid_i_339_psbram_2/C
                            (rising edge-triggered cell FDRE clocked by clk_out1_clk_wiz_0  {rise@0.000ns fall@12.500ns period=25.000ns})
  Destination:            TREE_GENERATE_INST/SORTER/CELL_ARRAY_GEN[4].MIDDLE_CELLS.cell_inst_mid/r_freq_reg[8]/CE
                            (rising edge-triggered cell FDRE clocked by clk_out1_clk_wiz_0  {rise@0.000ns fall@12.500ns period=25.000ns})
  Path Group:             clk_out1_clk_wiz_0
  Path Type:              Setup (Max at Slow Process Corner)
  Requirement:            25.000ns  (clk_out1_clk_wiz_0 rise@25.000ns - clk_out1_clk_wiz_0 rise@0.000ns)
  Data Path Delay:        23.981ns  (logic 4.474ns (18.656%)  route 19.507ns (81.344%))
  Logic Levels:           19  (CARRY4=4 LUT2=1 LUT3=3 LUT4=1 LUT5=2 LUT6=7 MUXF7=1)
  Clock Path Skew:        -0.092ns (DCD - SCD + CPR)
    Destination Clock Delay (DCD):    -1.634ns = ( 23.366 - 25.000 ) 
    Source Clock Delay      (SCD):    -1.075ns
    Clock Pessimism Removal (CPR):    0.466ns
  Clock Uncertainty:      0.083ns  ((TSJ^2 + DJ^2)^1/2) / 2 + PE
    Total System Jitter     (TSJ):    0.071ns
    Discrete Jitter          (DJ):    0.151ns
    Phase Error              (PE):    0.000ns

    Location             Delay type                Incr(ns)  Path(ns)    Netlist Resource(s)
  -------------------------------------------------------------------    -------------------
                         (clock clk_out1_clk_wiz_0 rise edge)
                                                      0.000     0.000 r  
    H16                                               0.000     0.000 r  clk (IN)
                         net (fo=0)                   0.000     0.000    CLOCK_WIZ_INST/inst/clk_in1
    H16                  IBUF (Prop_ibuf_I_O)         1.451     1.451 r  CLOCK_WIZ_INST/inst/clkin1_ibufg/O
                         net (fo=1, routed)           1.285     2.736    CLOCK_WIZ_INST/inst/clk_in1_clk_wiz_0
    MMCME2_ADV_X1Y2      MMCME2_ADV (Prop_mmcme2_adv_CLKIN1_CLKOUT0)
                                                     -7.759    -5.023 r  CLOCK_WIZ_INST/inst/mmcm_adv_inst/CLKOUT0
                         net (fo=1, routed)           2.206    -2.817    CLOCK_WIZ_INST/inst/clk_out1_clk_wiz_0
    BUFGCTRL_X0Y16       BUFG (Prop_bufg_I_O)         0.101    -2.716 r  CLOCK_WIZ_INST/inst/clkout1_buf/O
                         net (fo=14289, routed)       1.641    -1.075    TREE_GENERATE_INST/SORTER/clk
    SLICE_X48Y67         FDRE                                         r  TREE_GENERATE_INST/SORTER/CELL_ARRAY_GEN[254].MIDDLE_CELLS.cell_inst_mid_i_339_psbram_2/C
  -------------------------------------------------------------------    -------------------
    SLICE_X48Y67         FDRE (Prop_fdre_C_Q)         0.456    -0.619 r  TREE_GENERATE_INST/SORTER/CELL_ARRAY_GEN[254].MIDDLE_CELLS.cell_inst_mid_i_339_psbram_2/Q
                         net (fo=255, routed)         1.759     1.140    TREE_GENERATE_INST/SORTER/input_symbol[0]
    SLICE_X53Y81         LUT6 (Prop_lut6_I1_O)        0.124     1.264 f  TREE_GENERATE_INST/SORTER/CELL_ARRAY_GEN[255].LAST_CELL.cell_inst_last_i_1856/O
                         net (fo=1, routed)           0.642     1.906    TREE_GENERATE_INST/SORTER/CELL_ARRAY_GEN[255].LAST_CELL.cell_inst_last_i_1856_n_0
    SLICE_X54Y80         LUT6 (Prop_lut6_I5_O)        0.124     2.030 f  TREE_GENERATE_INST/SORTER/CELL_ARRAY_GEN[255].LAST_CELL.cell_inst_last_i_1081/O
                         net (fo=3, routed)           1.266     3.296    TREE_GENERATE_INST/SORTER/match_idx_var180_out
    SLICE_X41Y81         LUT3 (Prop_lut3_I0_O)        0.124     3.420 f  TREE_GENERATE_INST/SORTER/CELL_ARRAY_GEN[255].LAST_CELL.cell_inst_last_i_417/O
                         net (fo=6, routed)           0.989     4.409    TREE_GENERATE_INST/SORTER/CELL_ARRAY_GEN[255].LAST_CELL.cell_inst_last_i_417_n_0
    SLICE_X40Y84         LUT5 (Prop_lut5_I2_O)        0.124     4.533 f  TREE_GENERATE_INST/SORTER/CELL_ARRAY_GEN[255].LAST_CELL.cell_inst_last_i_169/O
                         net (fo=8, routed)           0.802     5.335    TREE_GENERATE_INST/SORTER/CELL_ARRAY_GEN[255].LAST_CELL.cell_inst_last_i_169_n_0
    SLICE_X38Y82         LUT3 (Prop_lut3_I1_O)        0.124     5.459 f  TREE_GENERATE_INST/SORTER/CELL_ARRAY_GEN[255].LAST_CELL.cell_inst_last_i_148/O
                         net (fo=10, routed)          1.099     6.558    TREE_GENERATE_INST/SORTER/CELL_ARRAY_GEN[255].LAST_CELL.cell_inst_last_i_148_n_0
    SLICE_X58Y82         LUT6 (Prop_lut6_I5_O)        0.124     6.682 r  TREE_GENERATE_INST/SORTER/CELL_ARRAY_GEN[254].MIDDLE_CELLS.cell_inst_mid_i_42/O
                         net (fo=16, routed)          1.879     8.561    TREE_GENERATE_INST/SORTER/CELL_ARRAY_GEN[254].MIDDLE_CELLS.cell_inst_mid_i_42_n_0
    SLICE_X64Y56         LUT6 (Prop_lut6_I1_O)        0.124     8.685 r  TREE_GENERATE_INST/SORTER/CELL_ARRAY_GEN[255].LAST_CELL.cell_inst_last_i_1357/O
                         net (fo=118, routed)         2.078    10.763    TREE_GENERATE_INST/SORTER/CELL_ARRAY_GEN[255].LAST_CELL.cell_inst_last_i_1357_n_0
    SLICE_X104Y43        LUT6 (Prop_lut6_I2_O)        0.124    10.887 r  TREE_GENERATE_INST/SORTER/CELL_ARRAY_GEN[255].LAST_CELL.cell_inst_last_i_1392/O
                         net (fo=1, routed)           0.820    11.707    TREE_GENERATE_INST/SORTER/CELL_ARRAY_GEN[255].LAST_CELL.cell_inst_last_i_1392_n_0
    SLICE_X104Y42        LUT6 (Prop_lut6_I1_O)        0.124    11.831 r  TREE_GENERATE_INST/SORTER/CELL_ARRAY_GEN[255].LAST_CELL.cell_inst_last_i_799/O
                         net (fo=1, routed)           0.000    11.831    TREE_GENERATE_INST/SORTER/CELL_ARRAY_GEN[255].LAST_CELL.cell_inst_last_i_799_n_0
    SLICE_X104Y42        MUXF7 (Prop_muxf7_I0_O)      0.209    12.040 r  TREE_GENERATE_INST/SORTER/CELL_ARRAY_GEN[255].LAST_CELL.cell_inst_last_i_296/O
                         net (fo=1, routed)           0.759    12.799    TREE_GENERATE_INST/SORTER/CELL_ARRAY_GEN[255].LAST_CELL.cell_inst_last_i_296_n_0
    SLICE_X96Y42         LUT3 (Prop_lut3_I1_O)        0.297    13.096 r  TREE_GENERATE_INST/SORTER/CELL_ARRAY_GEN[255].LAST_CELL.cell_inst_last_i_122/O
                         net (fo=1, routed)           1.069    14.165    TREE_GENERATE_INST/SORTER/CELL_ARRAY_GEN[255].LAST_CELL.cell_inst_last_i_122_n_0
    SLICE_X89Y43         LUT6 (Prop_lut6_I3_O)        0.124    14.289 r  TREE_GENERATE_INST/SORTER/CELL_ARRAY_GEN[255].LAST_CELL.cell_inst_last_i_55/O
                         net (fo=515, routed)         0.860    15.149    TREE_GENERATE_INST/SORTER/freqs[0][0]
    SLICE_X80Y46         CARRY4 (Prop_carry4_CYINIT_CO[3])
                                                      0.580    15.729 r  TREE_GENERATE_INST/SORTER/CELL_ARRAY_GEN[255].LAST_CELL.cell_inst_last_i_54/CO[3]
                         net (fo=1, routed)           0.000    15.729    TREE_GENERATE_INST/SORTER/CELL_ARRAY_GEN[255].LAST_CELL.cell_inst_last_i_54_n_0
    SLICE_X80Y47         CARRY4 (Prop_carry4_CI_CO[3])
                                                      0.114    15.843 r  TREE_GENERATE_INST/SORTER/CELL_ARRAY_GEN[255].LAST_CELL.cell_inst_last_i_53/CO[3]
                         net (fo=1, routed)           0.000    15.843    TREE_GENERATE_INST/SORTER/CELL_ARRAY_GEN[255].LAST_CELL.cell_inst_last_i_53_n_0
    SLICE_X80Y48         CARRY4 (Prop_carry4_CI_O[2])
                                                      0.239    16.082 r  TREE_GENERATE_INST/SORTER/CELL_ARRAY_GEN[255].LAST_CELL.cell_inst_last_i_52/O[2]
                         net (fo=513, routed)         1.877    17.959    TREE_GENERATE_INST/SORTER/plusOp[11]
    SLICE_X53Y51         LUT4 (Prop_lut4_I1_O)        0.302    18.261 r  TREE_GENERATE_INST/SORTER/CELL_ARRAY_GEN[4].MIDDLE_CELLS.cell_inst_mid_i_14/O
                         net (fo=1, routed)           0.000    18.261    TREE_GENERATE_INST/SORTER/CELL_ARRAY_GEN[4].MIDDLE_CELLS.cell_inst_mid_i_14_n_0
    SLICE_X53Y51         CARRY4 (Prop_carry4_S[1]_CO[2])
                                                      0.570    18.831 r  TREE_GENERATE_INST/SORTER/CELL_ARRAY_GEN[4].MIDDLE_CELLS.cell_inst_mid_i_4/CO[2]
                         net (fo=3, routed)           0.910    19.741    TREE_GENERATE_INST/SORTER/CELL_ARRAY_GEN[4].MIDDLE_CELLS.cell_inst_mid_i_4_n_1
    SLICE_X55Y56         LUT5 (Prop_lut5_I4_O)        0.313    20.054 r  TREE_GENERATE_INST/SORTER/CELL_ARRAY_GEN[4].MIDDLE_CELLS.cell_inst_mid_i_1/O
                         net (fo=24, routed)          1.017    21.071    TREE_GENERATE_INST/SORTER/CELL_ARRAY_GEN[4].MIDDLE_CELLS.cell_inst_mid/write_en
    SLICE_X57Y58         LUT2 (Prop_lut2_I0_O)        0.154    21.225 r  TREE_GENERATE_INST/SORTER/CELL_ARRAY_GEN[4].MIDDLE_CELLS.cell_inst_mid/r_freq[13]_i_1/O
                         net (fo=14, routed)          1.681    22.906    TREE_GENERATE_INST/SORTER/CELL_ARRAY_GEN[4].MIDDLE_CELLS.cell_inst_mid/r_symbol
    SLICE_X88Y80         FDRE                                         r  TREE_GENERATE_INST/SORTER/CELL_ARRAY_GEN[4].MIDDLE_CELLS.cell_inst_mid/r_freq_reg[8]/CE
  -------------------------------------------------------------------    -------------------

                         (clock clk_out1_clk_wiz_0 rise edge)
                                                     25.000    25.000 r  
    H16                                               0.000    25.000 r  clk (IN)
                         net (fo=0)                   0.000    25.000    CLOCK_WIZ_INST/inst/clk_in1
    H16                  IBUF (Prop_ibuf_I_O)         1.380    26.380 r  CLOCK_WIZ_INST/inst/clkin1_ibufg/O
                         net (fo=1, routed)           1.162    27.542    CLOCK_WIZ_INST/inst/clk_in1_clk_wiz_0
    MMCME2_ADV_X1Y2      MMCME2_ADV (Prop_mmcme2_adv_CLKIN1_CLKOUT0)
                                                     -7.814    19.728 r  CLOCK_WIZ_INST/inst/mmcm_adv_inst/CLKOUT0
                         net (fo=1, routed)           2.012    21.740    CLOCK_WIZ_INST/inst/clk_out1_clk_wiz_0
    BUFGCTRL_X0Y16       BUFG (Prop_bufg_I_O)         0.091    21.831 r  CLOCK_WIZ_INST/inst/clkout1_buf/O
                         net (fo=14289, routed)       1.535    23.366    TREE_GENERATE_INST/SORTER/CELL_ARRAY_GEN[4].MIDDLE_CELLS.cell_inst_mid/clk
    SLICE_X88Y80         FDRE                                         r  TREE_GENERATE_INST/SORTER/CELL_ARRAY_GEN[4].MIDDLE_CELLS.cell_inst_mid/r_freq_reg[8]/C
                         clock pessimism              0.466    23.832    
                         clock uncertainty           -0.083    23.749    
    SLICE_X88Y80         FDRE (Setup_fdre_C_CE)      -0.408    23.341    TREE_GENERATE_INST/SORTER/CELL_ARRAY_GEN[4].MIDDLE_CELLS.cell_inst_mid/r_freq_reg[8]
  -------------------------------------------------------------------
                         required time                         23.341    
                         arrival time                         -22.906    
  -------------------------------------------------------------------
                         slack                                  0.435    

Slack (MET) :             0.435ns  (required time - arrival time)
  Source:                 TREE_GENERATE_INST/SORTER/CELL_ARRAY_GEN[254].MIDDLE_CELLS.cell_inst_mid_i_339_psbram_2/C
                            (rising edge-triggered cell FDRE clocked by clk_out1_clk_wiz_0  {rise@0.000ns fall@12.500ns period=25.000ns})
  Destination:            TREE_GENERATE_INST/SORTER/CELL_ARRAY_GEN[4].MIDDLE_CELLS.cell_inst_mid/r_freq_reg[9]/CE
                            (rising edge-triggered cell FDRE clocked by clk_out1_clk_wiz_0  {rise@0.000ns fall@12.500ns period=25.000ns})
  Path Group:             clk_out1_clk_wiz_0
  Path Type:              Setup (Max at Slow Process Corner)
  Requirement:            25.000ns  (clk_out1_clk_wiz_0 rise@25.000ns - clk_out1_clk_wiz_0 rise@0.000ns)
  Data Path Delay:        23.981ns  (logic 4.474ns (18.656%)  route 19.507ns (81.344%))
  Logic Levels:           19  (CARRY4=4 LUT2=1 LUT3=3 LUT4=1 LUT5=2 LUT6=7 MUXF7=1)
  Clock Path Skew:        -0.092ns (DCD - SCD + CPR)
    Destination Clock Delay (DCD):    -1.634ns = ( 23.366 - 25.000 ) 
    Source Clock Delay      (SCD):    -1.075ns
    Clock Pessimism Removal (CPR):    0.466ns
  Clock Uncertainty:      0.083ns  ((TSJ^2 + DJ^2)^1/2) / 2 + PE
    Total System Jitter     (TSJ):    0.071ns
    Discrete Jitter          (DJ):    0.151ns
    Phase Error              (PE):    0.000ns

    Location             Delay type                Incr(ns)  Path(ns)    Netlist Resource(s)
  -------------------------------------------------------------------    -------------------
                         (clock clk_out1_clk_wiz_0 rise edge)
                                                      0.000     0.000 r  
    H16                                               0.000     0.000 r  clk (IN)
                         net (fo=0)                   0.000     0.000    CLOCK_WIZ_INST/inst/clk_in1
    H16                  IBUF (Prop_ibuf_I_O)         1.451     1.451 r  CLOCK_WIZ_INST/inst/clkin1_ibufg/O
                         net (fo=1, routed)           1.285     2.736    CLOCK_WIZ_INST/inst/clk_in1_clk_wiz_0
    MMCME2_ADV_X1Y2      MMCME2_ADV (Prop_mmcme2_adv_CLKIN1_CLKOUT0)
                                                     -7.759    -5.023 r  CLOCK_WIZ_INST/inst/mmcm_adv_inst/CLKOUT0
                         net (fo=1, routed)           2.206    -2.817    CLOCK_WIZ_INST/inst/clk_out1_clk_wiz_0
    BUFGCTRL_X0Y16       BUFG (Prop_bufg_I_O)         0.101    -2.716 r  CLOCK_WIZ_INST/inst/clkout1_buf/O
                         net (fo=14289, routed)       1.641    -1.075    TREE_GENERATE_INST/SORTER/clk
    SLICE_X48Y67         FDRE                                         r  TREE_GENERATE_INST/SORTER/CELL_ARRAY_GEN[254].MIDDLE_CELLS.cell_inst_mid_i_339_psbram_2/C
  -------------------------------------------------------------------    -------------------
    SLICE_X48Y67         FDRE (Prop_fdre_C_Q)         0.456    -0.619 r  TREE_GENERATE_INST/SORTER/CELL_ARRAY_GEN[254].MIDDLE_CELLS.cell_inst_mid_i_339_psbram_2/Q
                         net (fo=255, routed)         1.759     1.140    TREE_GENERATE_INST/SORTER/input_symbol[0]
    SLICE_X53Y81         LUT6 (Prop_lut6_I1_O)        0.124     1.264 f  TREE_GENERATE_INST/SORTER/CELL_ARRAY_GEN[255].LAST_CELL.cell_inst_last_i_1856/O
                         net (fo=1, routed)           0.642     1.906    TREE_GENERATE_INST/SORTER/CELL_ARRAY_GEN[255].LAST_CELL.cell_inst_last_i_1856_n_0
    SLICE_X54Y80         LUT6 (Prop_lut6_I5_O)        0.124     2.030 f  TREE_GENERATE_INST/SORTER/CELL_ARRAY_GEN[255].LAST_CELL.cell_inst_last_i_1081/O
                         net (fo=3, routed)           1.266     3.296    TREE_GENERATE_INST/SORTER/match_idx_var180_out
    SLICE_X41Y81         LUT3 (Prop_lut3_I0_O)        0.124     3.420 f  TREE_GENERATE_INST/SORTER/CELL_ARRAY_GEN[255].LAST_CELL.cell_inst_last_i_417/O
                         net (fo=6, routed)           0.989     4.409    TREE_GENERATE_INST/SORTER/CELL_ARRAY_GEN[255].LAST_CELL.cell_inst_last_i_417_n_0
    SLICE_X40Y84         LUT5 (Prop_lut5_I2_O)        0.124     4.533 f  TREE_GENERATE_INST/SORTER/CELL_ARRAY_GEN[255].LAST_CELL.cell_inst_last_i_169/O
                         net (fo=8, routed)           0.802     5.335    TREE_GENERATE_INST/SORTER/CELL_ARRAY_GEN[255].LAST_CELL.cell_inst_last_i_169_n_0
    SLICE_X38Y82         LUT3 (Prop_lut3_I1_O)        0.124     5.459 f  TREE_GENERATE_INST/SORTER/CELL_ARRAY_GEN[255].LAST_CELL.cell_inst_last_i_148/O
                         net (fo=10, routed)          1.099     6.558    TREE_GENERATE_INST/SORTER/CELL_ARRAY_GEN[255].LAST_CELL.cell_inst_last_i_148_n_0
    SLICE_X58Y82         LUT6 (Prop_lut6_I5_O)        0.124     6.682 r  TREE_GENERATE_INST/SORTER/CELL_ARRAY_GEN[254].MIDDLE_CELLS.cell_inst_mid_i_42/O
                         net (fo=16, routed)          1.879     8.561    TREE_GENERATE_INST/SORTER/CELL_ARRAY_GEN[254].MIDDLE_CELLS.cell_inst_mid_i_42_n_0
    SLICE_X64Y56         LUT6 (Prop_lut6_I1_O)        0.124     8.685 r  TREE_GENERATE_INST/SORTER/CELL_ARRAY_GEN[255].LAST_CELL.cell_inst_last_i_1357/O
                         net (fo=118, routed)         2.078    10.763    TREE_GENERATE_INST/SORTER/CELL_ARRAY_GEN[255].LAST_CELL.cell_inst_last_i_1357_n_0
    SLICE_X104Y43        LUT6 (Prop_lut6_I2_O)        0.124    10.887 r  TREE_GENERATE_INST/SORTER/CELL_ARRAY_GEN[255].LAST_CELL.cell_inst_last_i_1392/O
                         net (fo=1, routed)           0.820    11.707    TREE_GENERATE_INST/SORTER/CELL_ARRAY_GEN[255].LAST_CELL.cell_inst_last_i_1392_n_0
    SLICE_X104Y42        LUT6 (Prop_lut6_I1_O)        0.124    11.831 r  TREE_GENERATE_INST/SORTER/CELL_ARRAY_GEN[255].LAST_CELL.cell_inst_last_i_799/O
                         net (fo=1, routed)           0.000    11.831    TREE_GENERATE_INST/SORTER/CELL_ARRAY_GEN[255].LAST_CELL.cell_inst_last_i_799_n_0
    SLICE_X104Y42        MUXF7 (Prop_muxf7_I0_O)      0.209    12.040 r  TREE_GENERATE_INST/SORTER/CELL_ARRAY_GEN[255].LAST_CELL.cell_inst_last_i_296/O
                         net (fo=1, routed)           0.759    12.799    TREE_GENERATE_INST/SORTER/CELL_ARRAY_GEN[255].LAST_CELL.cell_inst_last_i_296_n_0
    SLICE_X96Y42         LUT3 (Prop_lut3_I1_O)        0.297    13.096 r  TREE_GENERATE_INST/SORTER/CELL_ARRAY_GEN[255].LAST_CELL.cell_inst_last_i_122/O
                         net (fo=1, routed)           1.069    14.165    TREE_GENERATE_INST/SORTER/CELL_ARRAY_GEN[255].LAST_CELL.cell_inst_last_i_122_n_0
    SLICE_X89Y43         LUT6 (Prop_lut6_I3_O)        0.124    14.289 r  TREE_GENERATE_INST/SORTER/CELL_ARRAY_GEN[255].LAST_CELL.cell_inst_last_i_55/O
                         net (fo=515, routed)         0.860    15.149    TREE_GENERATE_INST/SORTER/freqs[0][0]
    SLICE_X80Y46         CARRY4 (Prop_carry4_CYINIT_CO[3])
                                                      0.580    15.729 r  TREE_GENERATE_INST/SORTER/CELL_ARRAY_GEN[255].LAST_CELL.cell_inst_last_i_54/CO[3]
                         net (fo=1, routed)           0.000    15.729    TREE_GENERATE_INST/SORTER/CELL_ARRAY_GEN[255].LAST_CELL.cell_inst_last_i_54_n_0
    SLICE_X80Y47         CARRY4 (Prop_carry4_CI_CO[3])
                                                      0.114    15.843 r  TREE_GENERATE_INST/SORTER/CELL_ARRAY_GEN[255].LAST_CELL.cell_inst_last_i_53/CO[3]
                         net (fo=1, routed)           0.000    15.843    TREE_GENERATE_INST/SORTER/CELL_ARRAY_GEN[255].LAST_CELL.cell_inst_last_i_53_n_0
    SLICE_X80Y48         CARRY4 (Prop_carry4_CI_O[2])
                                                      0.239    16.082 r  TREE_GENERATE_INST/SORTER/CELL_ARRAY_GEN[255].LAST_CELL.cell_inst_last_i_52/O[2]
                         net (fo=513, routed)         1.877    17.959    TREE_GENERATE_INST/SORTER/plusOp[11]
    SLICE_X53Y51         LUT4 (Prop_lut4_I1_O)        0.302    18.261 r  TREE_GENERATE_INST/SORTER/CELL_ARRAY_GEN[4].MIDDLE_CELLS.cell_inst_mid_i_14/O
                         net (fo=1, routed)           0.000    18.261    TREE_GENERATE_INST/SORTER/CELL_ARRAY_GEN[4].MIDDLE_CELLS.cell_inst_mid_i_14_n_0
    SLICE_X53Y51         CARRY4 (Prop_carry4_S[1]_CO[2])
                                                      0.570    18.831 r  TREE_GENERATE_INST/SORTER/CELL_ARRAY_GEN[4].MIDDLE_CELLS.cell_inst_mid_i_4/CO[2]
                         net (fo=3, routed)           0.910    19.741    TREE_GENERATE_INST/SORTER/CELL_ARRAY_GEN[4].MIDDLE_CELLS.cell_inst_mid_i_4_n_1
    SLICE_X55Y56         LUT5 (Prop_lut5_I4_O)        0.313    20.054 r  TREE_GENERATE_INST/SORTER/CELL_ARRAY_GEN[4].MIDDLE_CELLS.cell_inst_mid_i_1/O
                         net (fo=24, routed)          1.017    21.071    TREE_GENERATE_INST/SORTER/CELL_ARRAY_GEN[4].MIDDLE_CELLS.cell_inst_mid/write_en
    SLICE_X57Y58         LUT2 (Prop_lut2_I0_O)        0.154    21.225 r  TREE_GENERATE_INST/SORTER/CELL_ARRAY_GEN[4].MIDDLE_CELLS.cell_inst_mid/r_freq[13]_i_1/O
                         net (fo=14, routed)          1.681    22.906    TREE_GENERATE_INST/SORTER/CELL_ARRAY_GEN[4].MIDDLE_CELLS.cell_inst_mid/r_symbol
    SLICE_X88Y80         FDRE                                         r  TREE_GENERATE_INST/SORTER/CELL_ARRAY_GEN[4].MIDDLE_CELLS.cell_inst_mid/r_freq_reg[9]/CE
  -------------------------------------------------------------------    -------------------

                         (clock clk_out1_clk_wiz_0 rise edge)
                                                     25.000    25.000 r  
    H16                                               0.000    25.000 r  clk (IN)
                         net (fo=0)                   0.000    25.000    CLOCK_WIZ_INST/inst/clk_in1
    H16                  IBUF (Prop_ibuf_I_O)         1.380    26.380 r  CLOCK_WIZ_INST/inst/clkin1_ibufg/O
                         net (fo=1, routed)           1.162    27.542    CLOCK_WIZ_INST/inst/clk_in1_clk_wiz_0
    MMCME2_ADV_X1Y2      MMCME2_ADV (Prop_mmcme2_adv_CLKIN1_CLKOUT0)
                                                     -7.814    19.728 r  CLOCK_WIZ_INST/inst/mmcm_adv_inst/CLKOUT0
                         net (fo=1, routed)           2.012    21.740    CLOCK_WIZ_INST/inst/clk_out1_clk_wiz_0
    BUFGCTRL_X0Y16       BUFG (Prop_bufg_I_O)         0.091    21.831 r  CLOCK_WIZ_INST/inst/clkout1_buf/O
                         net (fo=14289, routed)       1.535    23.366    TREE_GENERATE_INST/SORTER/CELL_ARRAY_GEN[4].MIDDLE_CELLS.cell_inst_mid/clk
    SLICE_X88Y80         FDRE                                         r  TREE_GENERATE_INST/SORTER/CELL_ARRAY_GEN[4].MIDDLE_CELLS.cell_inst_mid/r_freq_reg[9]/C
                         clock pessimism              0.466    23.832    
                         clock uncertainty           -0.083    23.749    
    SLICE_X88Y80         FDRE (Setup_fdre_C_CE)      -0.408    23.341    TREE_GENERATE_INST/SORTER/CELL_ARRAY_GEN[4].MIDDLE_CELLS.cell_inst_mid/r_freq_reg[9]
  -------------------------------------------------------------------
                         required time                         23.341    
                         arrival time                         -22.906    
  -------------------------------------------------------------------
                         slack                                  0.435    





Min Delay Paths
--------------------------------------------------------------------------------------
Slack (MET) :             0.107ns  (arrival time - required time)
  Source:                 CANONICAL_CODE_GENERATE_INST/dict_wr_addr_reg[2]/C
                            (rising edge-triggered cell FDRE clocked by clk_out1_clk_wiz_0  {rise@0.000ns fall@12.500ns period=25.000ns})
  Destination:            CANONICAL_CODE_GENERATE_INST/DICTIONARY_BRAM/ram_name_reg/ADDRBWRADDR[7]
                            (rising edge-triggered cell RAMB18E1 clocked by clk_out1_clk_wiz_0  {rise@0.000ns fall@12.500ns period=25.000ns})
  Path Group:             clk_out1_clk_wiz_0
  Path Type:              Hold (Min at Fast Process Corner)
  Requirement:            0.000ns  (clk_out1_clk_wiz_0 rise@0.000ns - clk_out1_clk_wiz_0 rise@0.000ns)
  Data Path Delay:        0.348ns  (logic 0.141ns (40.491%)  route 0.207ns (59.509%))
  Logic Levels:           0  
  Clock Path Skew:        0.058ns (DCD - SCD - CPR)
    Destination Clock Delay (DCD):    -0.732ns
    Source Clock Delay      (SCD):    -0.541ns
    Clock Pessimism Removal (CPR):    -0.250ns

    Location             Delay type                Incr(ns)  Path(ns)    Netlist Resource(s)
  -------------------------------------------------------------------    -------------------
                         (clock clk_out1_clk_wiz_0 rise edge)
                                                      0.000     0.000 r  
    H16                                               0.000     0.000 r  clk (IN)
                         net (fo=0)                   0.000     0.000    CLOCK_WIZ_INST/inst/clk_in1
    H16                  IBUF (Prop_ibuf_I_O)         0.219     0.219 r  CLOCK_WIZ_INST/inst/clkin1_ibufg/O
                         net (fo=1, routed)           0.440     0.659    CLOCK_WIZ_INST/inst/clk_in1_clk_wiz_0
    MMCME2_ADV_X1Y2      MMCME2_ADV (Prop_mmcme2_adv_CLKIN1_CLKOUT0)
                                                     -2.613    -1.954 r  CLOCK_WIZ_INST/inst/mmcm_adv_inst/CLKOUT0
                         net (fo=1, routed)           0.696    -1.257    CLOCK_WIZ_INST/inst/clk_out1_clk_wiz_0
    BUFGCTRL_X0Y16       BUFG (Prop_bufg_I_O)         0.026    -1.231 r  CLOCK_WIZ_INST/inst/clkout1_buf/O
                         net (fo=14289, routed)       0.690    -0.541    CANONICAL_CODE_GENERATE_INST/clk
    SLICE_X105Y105       FDRE                                         r  CANONICAL_CODE_GENERATE_INST/dict_wr_addr_reg[2]/C
  -------------------------------------------------------------------    -------------------
    SLICE_X105Y105       FDRE (Prop_fdre_C_Q)         0.141    -0.400 r  CANONICAL_CODE_GENERATE_INST/dict_wr_addr_reg[2]/Q
                         net (fo=1, routed)           0.207    -0.193    CANONICAL_CODE_GENERATE_INST/DICTIONARY_BRAM/addra[2]
    RAMB18_X5Y42         RAMB18E1                                     r  CANONICAL_CODE_GENERATE_INST/DICTIONARY_BRAM/ram_name_reg/ADDRBWRADDR[7]
  -------------------------------------------------------------------    -------------------

                         (clock clk_out1_clk_wiz_0 rise edge)
                                                      0.000     0.000 r  
    H16                                               0.000     0.000 r  clk (IN)
                         net (fo=0)                   0.000     0.000    CLOCK_WIZ_INST/inst/clk_in1
    H16                  IBUF (Prop_ibuf_I_O)         0.406     0.406 r  CLOCK_WIZ_INST/inst/clkin1_ibufg/O
                         net (fo=1, routed)           0.480     0.886    CLOCK_WIZ_INST/inst/clk_in1_clk_wiz_0
    MMCME2_ADV_X1Y2      MMCME2_ADV (Prop_mmcme2_adv_CLKIN1_CLKOUT0)
                                                     -3.407    -2.521 r  CLOCK_WIZ_INST/inst/mmcm_adv_inst/CLKOUT0
                         net (fo=1, routed)           0.752    -1.769    CLOCK_WIZ_INST/inst/clk_out1_clk_wiz_0
    BUFGCTRL_X0Y16       BUFG (Prop_bufg_I_O)         0.029    -1.740 r  CLOCK_WIZ_INST/inst/clkout1_buf/O
                         net (fo=14289, routed)       1.007    -0.732    CANONICAL_CODE_GENERATE_INST/DICTIONARY_BRAM/clka
    RAMB18_X5Y42         RAMB18E1                                     r  CANONICAL_CODE_GENERATE_INST/DICTIONARY_BRAM/ram_name_reg/CLKBWRCLK
                         clock pessimism              0.250    -0.483    
    RAMB18_X5Y42         RAMB18E1 (Hold_ramb18e1_CLKBWRCLK_ADDRBWRADDR[7])
                                                      0.183    -0.300    CANONICAL_CODE_GENERATE_INST/DICTIONARY_BRAM/ram_name_reg
  -------------------------------------------------------------------
                         required time                          0.300    
                         arrival time                          -0.193    
  -------------------------------------------------------------------
                         slack                                  0.107    

Slack (MET) :             0.128ns  (arrival time - required time)
  Source:                 TREE_GENERATE_INST/SORTER/CELL_ARRAY_GEN[220].MIDDLE_CELLS.cell_inst_mid/r_symbol_reg[2]/C
                            (rising edge-triggered cell FDSE clocked by clk_out1_clk_wiz_0  {rise@0.000ns fall@12.500ns period=25.000ns})
  Destination:            TREE_GENERATE_INST/SORTER/CELL_ARRAY_GEN[219].MIDDLE_CELLS.cell_inst_mid/r_symbol_reg[2]/D
                            (rising edge-triggered cell FDRE clocked by clk_out1_clk_wiz_0  {rise@0.000ns fall@12.500ns period=25.000ns})
  Path Group:             clk_out1_clk_wiz_0
  Path Type:              Hold (Min at Fast Process Corner)
  Requirement:            0.000ns  (clk_out1_clk_wiz_0 rise@0.000ns - clk_out1_clk_wiz_0 rise@0.000ns)
  Data Path Delay:        0.501ns  (logic 0.186ns (37.124%)  route 0.315ns (62.876%))
  Logic Levels:           1  (LUT6=1)
  Clock Path Skew:        0.281ns (DCD - SCD - CPR)
    Destination Clock Delay (DCD):    -0.882ns
    Source Clock Delay      (SCD):    -0.654ns
    Clock Pessimism Removal (CPR):    -0.509ns

    Location             Delay type                Incr(ns)  Path(ns)    Netlist Resource(s)
  -------------------------------------------------------------------    -------------------
                         (clock clk_out1_clk_wiz_0 rise edge)
                                                      0.000     0.000 r  
    H16                                               0.000     0.000 r  clk (IN)
                         net (fo=0)                   0.000     0.000    CLOCK_WIZ_INST/inst/clk_in1
    H16                  IBUF (Prop_ibuf_I_O)         0.219     0.219 r  CLOCK_WIZ_INST/inst/clkin1_ibufg/O
                         net (fo=1, routed)           0.440     0.659    CLOCK_WIZ_INST/inst/clk_in1_clk_wiz_0
    MMCME2_ADV_X1Y2      MMCME2_ADV (Prop_mmcme2_adv_CLKIN1_CLKOUT0)
                                                     -2.613    -1.954 r  CLOCK_WIZ_INST/inst/mmcm_adv_inst/CLKOUT0
                         net (fo=1, routed)           0.696    -1.257    CLOCK_WIZ_INST/inst/clk_out1_clk_wiz_0
    BUFGCTRL_X0Y16       BUFG (Prop_bufg_I_O)         0.026    -1.231 r  CLOCK_WIZ_INST/inst/clkout1_buf/O
                         net (fo=14289, routed)       0.577    -0.654    TREE_GENERATE_INST/SORTER/CELL_ARRAY_GEN[220].MIDDLE_CELLS.cell_inst_mid/clk
    SLICE_X28Y50         FDSE                                         r  TREE_GENERATE_INST/SORTER/CELL_ARRAY_GEN[220].MIDDLE_CELLS.cell_inst_mid/r_symbol_reg[2]/C
  -------------------------------------------------------------------    -------------------
    SLICE_X28Y50         FDSE (Prop_fdse_C_Q)         0.141    -0.513 r  TREE_GENERATE_INST/SORTER/CELL_ARRAY_GEN[220].MIDDLE_CELLS.cell_inst_mid/r_symbol_reg[2]/Q
                         net (fo=5, routed)           0.315    -0.198    TREE_GENERATE_INST/SORTER/CELL_ARRAY_GEN[219].MIDDLE_CELLS.cell_inst_mid/right_symbol[2]
    SLICE_X28Y45         LUT6 (Prop_lut6_I0_O)        0.045    -0.153 r  TREE_GENERATE_INST/SORTER/CELL_ARRAY_GEN[219].MIDDLE_CELLS.cell_inst_mid/r_symbol[2]_i_1/O
                         net (fo=1, routed)           0.000    -0.153    TREE_GENERATE_INST/SORTER/CELL_ARRAY_GEN[219].MIDDLE_CELLS.cell_inst_mid/r_symbol[2]_i_1_n_0
    SLICE_X28Y45         FDRE                                         r  TREE_GENERATE_INST/SORTER/CELL_ARRAY_GEN[219].MIDDLE_CELLS.cell_inst_mid/r_symbol_reg[2]/D
  -------------------------------------------------------------------    -------------------

                         (clock clk_out1_clk_wiz_0 rise edge)
                                                      0.000     0.000 r  
    H16                                               0.000     0.000 r  clk (IN)
                         net (fo=0)                   0.000     0.000    CLOCK_WIZ_INST/inst/clk_in1
    H16                  IBUF (Prop_ibuf_I_O)         0.406     0.406 r  CLOCK_WIZ_INST/inst/clkin1_ibufg/O
                         net (fo=1, routed)           0.480     0.886    CLOCK_WIZ_INST/inst/clk_in1_clk_wiz_0
    MMCME2_ADV_X1Y2      MMCME2_ADV (Prop_mmcme2_adv_CLKIN1_CLKOUT0)
                                                     -3.407    -2.521 r  CLOCK_WIZ_INST/inst/mmcm_adv_inst/CLKOUT0
                         net (fo=1, routed)           0.752    -1.769    CLOCK_WIZ_INST/inst/clk_out1_clk_wiz_0
    BUFGCTRL_X0Y16       BUFG (Prop_bufg_I_O)         0.029    -1.740 r  CLOCK_WIZ_INST/inst/clkout1_buf/O
                         net (fo=14289, routed)       0.858    -0.882    TREE_GENERATE_INST/SORTER/CELL_ARRAY_GEN[219].MIDDLE_CELLS.cell_inst_mid/clk
    SLICE_X28Y45         FDRE                                         r  TREE_GENERATE_INST/SORTER/CELL_ARRAY_GEN[219].MIDDLE_CELLS.cell_inst_mid/r_symbol_reg[2]/C
                         clock pessimism              0.509    -0.373    
    SLICE_X28Y45         FDRE (Hold_fdre_C_D)         0.092    -0.281    TREE_GENERATE_INST/SORTER/CELL_ARRAY_GEN[219].MIDDLE_CELLS.cell_inst_mid/r_symbol_reg[2]
  -------------------------------------------------------------------
                         required time                          0.281    
                         arrival time                          -0.153    
  -------------------------------------------------------------------
                         slack                                  0.128    

Slack (MET) :             0.143ns  (arrival time - required time)
  Source:                 TREE_GENERATE_INST/SORTER/CELL_ARRAY_GEN[217].MIDDLE_CELLS.cell_inst_mid/r_freq_reg[7]/C
                            (rising edge-triggered cell FDRE clocked by clk_out1_clk_wiz_0  {rise@0.000ns fall@12.500ns period=25.000ns})
  Destination:            TREE_GENERATE_INST/SORTER/CELL_ARRAY_GEN[216].MIDDLE_CELLS.cell_inst_mid/r_freq_reg[7]/D
                            (rising edge-triggered cell FDRE clocked by clk_out1_clk_wiz_0  {rise@0.000ns fall@12.500ns period=25.000ns})
  Path Group:             clk_out1_clk_wiz_0
  Path Type:              Hold (Min at Fast Process Corner)
  Requirement:            0.000ns  (clk_out1_clk_wiz_0 rise@0.000ns - clk_out1_clk_wiz_0 rise@0.000ns)
  Data Path Delay:        0.533ns  (logic 0.247ns (46.376%)  route 0.286ns (53.624%))
  Logic Levels:           1  (LUT3=1)
  Clock Path Skew:        0.258ns (DCD - SCD - CPR)
    Destination Clock Delay (DCD):    -0.916ns
    Source Clock Delay      (SCD):    -0.671ns
    Clock Pessimism Removal (CPR):    -0.504ns

    Location             Delay type                Incr(ns)  Path(ns)    Netlist Resource(s)
  -------------------------------------------------------------------    -------------------
                         (clock clk_out1_clk_wiz_0 rise edge)
                                                      0.000     0.000 r  
    H16                                               0.000     0.000 r  clk (IN)
                         net (fo=0)                   0.000     0.000    CLOCK_WIZ_INST/inst/clk_in1
    H16                  IBUF (Prop_ibuf_I_O)         0.219     0.219 r  CLOCK_WIZ_INST/inst/clkin1_ibufg/O
                         net (fo=1, routed)           0.440     0.659    CLOCK_WIZ_INST/inst/clk_in1_clk_wiz_0
    MMCME2_ADV_X1Y2      MMCME2_ADV (Prop_mmcme2_adv_CLKIN1_CLKOUT0)
                                                     -2.613    -1.954 r  CLOCK_WIZ_INST/inst/mmcm_adv_inst/CLKOUT0
                         net (fo=1, routed)           0.696    -1.257    CLOCK_WIZ_INST/inst/clk_out1_clk_wiz_0
    BUFGCTRL_X0Y16       BUFG (Prop_bufg_I_O)         0.026    -1.231 r  CLOCK_WIZ_INST/inst/clkout1_buf/O
                         net (fo=14289, routed)       0.561    -0.671    TREE_GENERATE_INST/SORTER/CELL_ARRAY_GEN[217].MIDDLE_CELLS.cell_inst_mid/clk
    SLICE_X42Y41         FDRE                                         r  TREE_GENERATE_INST/SORTER/CELL_ARRAY_GEN[217].MIDDLE_CELLS.cell_inst_mid/r_freq_reg[7]/C
  -------------------------------------------------------------------    -------------------
    SLICE_X42Y41         FDRE (Prop_fdre_C_Q)         0.148    -0.523 r  TREE_GENERATE_INST/SORTER/CELL_ARRAY_GEN[217].MIDDLE_CELLS.cell_inst_mid/r_freq_reg[7]/Q
                         net (fo=6, routed)           0.286    -0.237    TREE_GENERATE_INST/SORTER/CELL_ARRAY_GEN[216].MIDDLE_CELLS.cell_inst_mid/right_freq[7]
    SLICE_X50Y41         LUT3 (Prop_lut3_I2_O)        0.099    -0.138 r  TREE_GENERATE_INST/SORTER/CELL_ARRAY_GEN[216].MIDDLE_CELLS.cell_inst_mid/r_freq[7]_i_1/O
                         net (fo=1, routed)           0.000    -0.138    TREE_GENERATE_INST/SORTER/CELL_ARRAY_GEN[216].MIDDLE_CELLS.cell_inst_mid/r_freq[7]_i_1_n_0
    SLICE_X50Y41         FDRE                                         r  TREE_GENERATE_INST/SORTER/CELL_ARRAY_GEN[216].MIDDLE_CELLS.cell_inst_mid/r_freq_reg[7]/D
  -------------------------------------------------------------------    -------------------

                         (clock clk_out1_clk_wiz_0 rise edge)
                                                      0.000     0.000 r  
    H16                                               0.000     0.000 r  clk (IN)
                         net (fo=0)                   0.000     0.000    CLOCK_WIZ_INST/inst/clk_in1
    H16                  IBUF (Prop_ibuf_I_O)         0.406     0.406 r  CLOCK_WIZ_INST/inst/clkin1_ibufg/O
                         net (fo=1, routed)           0.480     0.886    CLOCK_WIZ_INST/inst/clk_in1_clk_wiz_0
    MMCME2_ADV_X1Y2      MMCME2_ADV (Prop_mmcme2_adv_CLKIN1_CLKOUT0)
                                                     -3.407    -2.521 r  CLOCK_WIZ_INST/inst/mmcm_adv_inst/CLKOUT0
                         net (fo=1, routed)           0.752    -1.769    CLOCK_WIZ_INST/inst/clk_out1_clk_wiz_0
    BUFGCTRL_X0Y16       BUFG (Prop_bufg_I_O)         0.029    -1.740 r  CLOCK_WIZ_INST/inst/clkout1_buf/O
                         net (fo=14289, routed)       0.824    -0.916    TREE_GENERATE_INST/SORTER/CELL_ARRAY_GEN[216].MIDDLE_CELLS.cell_inst_mid/clk
    SLICE_X50Y41         FDRE                                         r  TREE_GENERATE_INST/SORTER/CELL_ARRAY_GEN[216].MIDDLE_CELLS.cell_inst_mid/r_freq_reg[7]/C
                         clock pessimism              0.504    -0.412    
    SLICE_X50Y41         FDRE (Hold_fdre_C_D)         0.131    -0.281    TREE_GENERATE_INST/SORTER/CELL_ARRAY_GEN[216].MIDDLE_CELLS.cell_inst_mid/r_freq_reg[7]
  -------------------------------------------------------------------
                         required time                          0.281    
                         arrival time                          -0.138    
  -------------------------------------------------------------------
                         slack                                  0.143    

Slack (MET) :             0.145ns  (arrival time - required time)
  Source:                 TREE_GENERATE_INST/SORTER/CELL_ARRAY_GEN[134].MIDDLE_CELLS.cell_inst_mid/r_symbol_reg[6]/C
                            (rising edge-triggered cell FDRE clocked by clk_out1_clk_wiz_0  {rise@0.000ns fall@12.500ns period=25.000ns})
  Destination:            TREE_GENERATE_INST/SORTER/CELL_ARRAY_GEN[133].MIDDLE_CELLS.cell_inst_mid/r_symbol_reg[6]/D
                            (rising edge-triggered cell FDRE clocked by clk_out1_clk_wiz_0  {rise@0.000ns fall@12.500ns period=25.000ns})
  Path Group:             clk_out1_clk_wiz_0
  Path Type:              Hold (Min at Fast Process Corner)
  Requirement:            0.000ns  (clk_out1_clk_wiz_0 rise@0.000ns - clk_out1_clk_wiz_0 rise@0.000ns)
  Data Path Delay:        0.507ns  (logic 0.209ns (41.215%)  route 0.298ns (58.785%))
  Logic Levels:           1  (LUT3=1)
  Clock Path Skew:        0.270ns (DCD - SCD - CPR)
    Destination Clock Delay (DCD):    -0.920ns
    Source Clock Delay      (SCD):    -0.686ns
    Clock Pessimism Removal (CPR):    -0.504ns

    Location             Delay type                Incr(ns)  Path(ns)    Netlist Resource(s)
  -------------------------------------------------------------------    -------------------
                         (clock clk_out1_clk_wiz_0 rise edge)
                                                      0.000     0.000 r  
    H16                                               0.000     0.000 r  clk (IN)
                         net (fo=0)                   0.000     0.000    CLOCK_WIZ_INST/inst/clk_in1
    H16                  IBUF (Prop_ibuf_I_O)         0.219     0.219 r  CLOCK_WIZ_INST/inst/clkin1_ibufg/O
                         net (fo=1, routed)           0.440     0.659    CLOCK_WIZ_INST/inst/clk_in1_clk_wiz_0
    MMCME2_ADV_X1Y2      MMCME2_ADV (Prop_mmcme2_adv_CLKIN1_CLKOUT0)
                                                     -2.613    -1.954 r  CLOCK_WIZ_INST/inst/mmcm_adv_inst/CLKOUT0
                         net (fo=1, routed)           0.696    -1.257    CLOCK_WIZ_INST/inst/clk_out1_clk_wiz_0
    BUFGCTRL_X0Y16       BUFG (Prop_bufg_I_O)         0.026    -1.231 r  CLOCK_WIZ_INST/inst/clkout1_buf/O
                         net (fo=14289, routed)       0.545    -0.686    TREE_GENERATE_INST/SORTER/CELL_ARRAY_GEN[134].MIDDLE_CELLS.cell_inst_mid/clk
    SLICE_X50Y68         FDRE                                         r  TREE_GENERATE_INST/SORTER/CELL_ARRAY_GEN[134].MIDDLE_CELLS.cell_inst_mid/r_symbol_reg[6]/C
  -------------------------------------------------------------------    -------------------
    SLICE_X50Y68         FDRE (Prop_fdre_C_Q)         0.164    -0.522 r  TREE_GENERATE_INST/SORTER/CELL_ARRAY_GEN[134].MIDDLE_CELLS.cell_inst_mid/r_symbol_reg[6]/Q
                         net (fo=5, routed)           0.298    -0.224    TREE_GENERATE_INST/SORTER/CELL_ARRAY_GEN[133].MIDDLE_CELLS.cell_inst_mid/right_symbol[6]
    SLICE_X40Y62         LUT3 (Prop_lut3_I2_O)        0.045    -0.179 r  TREE_GENERATE_INST/SORTER/CELL_ARRAY_GEN[133].MIDDLE_CELLS.cell_inst_mid/r_symbol[6]_i_2/O
                         net (fo=1, routed)           0.000    -0.179    TREE_GENERATE_INST/SORTER/CELL_ARRAY_GEN[133].MIDDLE_CELLS.cell_inst_mid/r_symbol[6]_i_2_n_0
    SLICE_X40Y62         FDRE                                         r  TREE_GENERATE_INST/SORTER/CELL_ARRAY_GEN[133].MIDDLE_CELLS.cell_inst_mid/r_symbol_reg[6]/D
  -------------------------------------------------------------------    -------------------

                         (clock clk_out1_clk_wiz_0 rise edge)
                                                      0.000     0.000 r  
    H16                                               0.000     0.000 r  clk (IN)
                         net (fo=0)                   0.000     0.000    CLOCK_WIZ_INST/inst/clk_in1
    H16                  IBUF (Prop_ibuf_I_O)         0.406     0.406 r  CLOCK_WIZ_INST/inst/clkin1_ibufg/O
                         net (fo=1, routed)           0.480     0.886    CLOCK_WIZ_INST/inst/clk_in1_clk_wiz_0
    MMCME2_ADV_X1Y2      MMCME2_ADV (Prop_mmcme2_adv_CLKIN1_CLKOUT0)
                                                     -3.407    -2.521 r  CLOCK_WIZ_INST/inst/mmcm_adv_inst/CLKOUT0
                         net (fo=1, routed)           0.752    -1.769    CLOCK_WIZ_INST/inst/clk_out1_clk_wiz_0
    BUFGCTRL_X0Y16       BUFG (Prop_bufg_I_O)         0.029    -1.740 r  CLOCK_WIZ_INST/inst/clkout1_buf/O
                         net (fo=14289, routed)       0.820    -0.920    TREE_GENERATE_INST/SORTER/CELL_ARRAY_GEN[133].MIDDLE_CELLS.cell_inst_mid/clk
    SLICE_X40Y62         FDRE                                         r  TREE_GENERATE_INST/SORTER/CELL_ARRAY_GEN[133].MIDDLE_CELLS.cell_inst_mid/r_symbol_reg[6]/C
                         clock pessimism              0.504    -0.416    
    SLICE_X40Y62         FDRE (Hold_fdre_C_D)         0.092    -0.324    TREE_GENERATE_INST/SORTER/CELL_ARRAY_GEN[133].MIDDLE_CELLS.cell_inst_mid/r_symbol_reg[6]
  -------------------------------------------------------------------
                         required time                          0.324    
                         arrival time                          -0.179    
  -------------------------------------------------------------------
                         slack                                  0.145    

Slack (MET) :             0.151ns  (arrival time - required time)
  Source:                 UART_TX_INST/tx_par_bit_reg/C
                            (rising edge-triggered cell FDRE clocked by clk_out1_clk_wiz_0  {rise@0.000ns fall@12.500ns period=25.000ns})
  Destination:            UART_TX_INST/tx_reg/D
                            (rising edge-triggered cell FDRE clocked by clk_out1_clk_wiz_0  {rise@0.000ns fall@12.500ns period=25.000ns})
  Path Group:             clk_out1_clk_wiz_0
  Path Type:              Hold (Min at Fast Process Corner)
  Requirement:            0.000ns  (clk_out1_clk_wiz_0 rise@0.000ns - clk_out1_clk_wiz_0 rise@0.000ns)
  Data Path Delay:        0.284ns  (logic 0.186ns (65.445%)  route 0.098ns (34.555%))
  Logic Levels:           1  (LUT6=1)
  Clock Path Skew:        0.013ns (DCD - SCD - CPR)
    Destination Clock Delay (DCD):    -0.775ns
    Source Clock Delay      (SCD):    -0.541ns
    Clock Pessimism Removal (CPR):    -0.247ns

    Location             Delay type                Incr(ns)  Path(ns)    Netlist Resource(s)
  -------------------------------------------------------------------    -------------------
                         (clock clk_out1_clk_wiz_0 rise edge)
                                                      0.000     0.000 r  
    H16                                               0.000     0.000 r  clk (IN)
                         net (fo=0)                   0.000     0.000    CLOCK_WIZ_INST/inst/clk_in1
    H16                  IBUF (Prop_ibuf_I_O)         0.219     0.219 r  CLOCK_WIZ_INST/inst/clkin1_ibufg/O
                         net (fo=1, routed)           0.440     0.659    CLOCK_WIZ_INST/inst/clk_in1_clk_wiz_0
    MMCME2_ADV_X1Y2      MMCME2_ADV (Prop_mmcme2_adv_CLKIN1_CLKOUT0)
                                                     -2.613    -1.954 r  CLOCK_WIZ_INST/inst/mmcm_adv_inst/CLKOUT0
                         net (fo=1, routed)           0.696    -1.257    CLOCK_WIZ_INST/inst/clk_out1_clk_wiz_0
    BUFGCTRL_X0Y16       BUFG (Prop_bufg_I_O)         0.026    -1.231 r  CLOCK_WIZ_INST/inst/clkout1_buf/O
                         net (fo=14289, routed)       0.690    -0.541    UART_TX_INST/clk
    SLICE_X105Y103       FDRE                                         r  UART_TX_INST/tx_par_bit_reg/C
  -------------------------------------------------------------------    -------------------
    SLICE_X105Y103       FDRE (Prop_fdre_C_Q)         0.141    -0.400 r  UART_TX_INST/tx_par_bit_reg/Q
                         net (fo=2, routed)           0.098    -0.302    UART_TX_INST/tx_par_bit_reg_n_0
    SLICE_X104Y103       LUT6 (Prop_lut6_I5_O)        0.045    -0.257 r  UART_TX_INST/tx_i_1/O
                         net (fo=1, routed)           0.000    -0.257    UART_TX_INST/tx_i_1_n_0
    SLICE_X104Y103       FDRE                                         r  UART_TX_INST/tx_reg/D
  -------------------------------------------------------------------    -------------------

                         (clock clk_out1_clk_wiz_0 rise edge)
                                                      0.000     0.000 r  
    H16                                               0.000     0.000 r  clk (IN)
                         net (fo=0)                   0.000     0.000    CLOCK_WIZ_INST/inst/clk_in1
    H16                  IBUF (Prop_ibuf_I_O)         0.406     0.406 r  CLOCK_WIZ_INST/inst/clkin1_ibufg/O
                         net (fo=1, routed)           0.480     0.886    CLOCK_WIZ_INST/inst/clk_in1_clk_wiz_0
    MMCME2_ADV_X1Y2      MMCME2_ADV (Prop_mmcme2_adv_CLKIN1_CLKOUT0)
                                                     -3.407    -2.521 r  CLOCK_WIZ_INST/inst/mmcm_adv_inst/CLKOUT0
                         net (fo=1, routed)           0.752    -1.769    CLOCK_WIZ_INST/inst/clk_out1_clk_wiz_0
    BUFGCTRL_X0Y16       BUFG (Prop_bufg_I_O)         0.029    -1.740 r  CLOCK_WIZ_INST/inst/clkout1_buf/O
                         net (fo=14289, routed)       0.965    -0.775    UART_TX_INST/clk
    SLICE_X104Y103       FDRE                                         r  UART_TX_INST/tx_reg/C
                         clock pessimism              0.247    -0.528    
    SLICE_X104Y103       FDRE (Hold_fdre_C_D)         0.120    -0.408    UART_TX_INST/tx_reg
  -------------------------------------------------------------------
                         required time                          0.408    
                         arrival time                          -0.257    
  -------------------------------------------------------------------
                         slack                                  0.151    

Slack (MET) :             0.155ns  (arrival time - required time)
  Source:                 TREE_GENERATE_INST/SORTER/CELL_ARRAY_GEN[156].MIDDLE_CELLS.cell_inst_mid/r_symbol_reg[6]/C
                            (rising edge-triggered cell FDRE clocked by clk_out1_clk_wiz_0  {rise@0.000ns fall@12.500ns period=25.000ns})
  Destination:            TREE_GENERATE_INST/SORTER/CELL_ARRAY_GEN[155].MIDDLE_CELLS.cell_inst_mid/r_symbol_reg[6]/D
                            (rising edge-triggered cell FDRE clocked by clk_out1_clk_wiz_0  {rise@0.000ns fall@12.500ns period=25.000ns})
  Path Group:             clk_out1_clk_wiz_0
  Path Type:              Hold (Min at Fast Process Corner)
  Requirement:            0.000ns  (clk_out1_clk_wiz_0 rise@0.000ns - clk_out1_clk_wiz_0 rise@0.000ns)
  Data Path Delay:        0.506ns  (logic 0.226ns (44.630%)  route 0.280ns (55.370%))
  Logic Levels:           1  (LUT6=1)
  Clock Path Skew:        0.259ns (DCD - SCD - CPR)
    Destination Clock Delay (DCD):    -0.922ns
    Source Clock Delay      (SCD):    -0.677ns
    Clock Pessimism Removal (CPR):    -0.504ns

    Location             Delay type                Incr(ns)  Path(ns)    Netlist Resource(s)
  -------------------------------------------------------------------    -------------------
                         (clock clk_out1_clk_wiz_0 rise edge)
                                                      0.000     0.000 r  
    H16                                               0.000     0.000 r  clk (IN)
                         net (fo=0)                   0.000     0.000    CLOCK_WIZ_INST/inst/clk_in1
    H16                  IBUF (Prop_ibuf_I_O)         0.219     0.219 r  CLOCK_WIZ_INST/inst/clkin1_ibufg/O
                         net (fo=1, routed)           0.440     0.659    CLOCK_WIZ_INST/inst/clk_in1_clk_wiz_0
    MMCME2_ADV_X1Y2      MMCME2_ADV (Prop_mmcme2_adv_CLKIN1_CLKOUT0)
                                                     -2.613    -1.954 r  CLOCK_WIZ_INST/inst/mmcm_adv_inst/CLKOUT0
                         net (fo=1, routed)           0.696    -1.257    CLOCK_WIZ_INST/inst/clk_out1_clk_wiz_0
    BUFGCTRL_X0Y16       BUFG (Prop_bufg_I_O)         0.026    -1.231 r  CLOCK_WIZ_INST/inst/clkout1_buf/O
                         net (fo=14289, routed)       0.554    -0.677    TREE_GENERATE_INST/SORTER/CELL_ARRAY_GEN[156].MIDDLE_CELLS.cell_inst_mid/clk
    SLICE_X48Y59         FDRE                                         r  TREE_GENERATE_INST/SORTER/CELL_ARRAY_GEN[156].MIDDLE_CELLS.cell_inst_mid/r_symbol_reg[6]/C
  -------------------------------------------------------------------    -------------------
    SLICE_X48Y59         FDRE (Prop_fdre_C_Q)         0.128    -0.549 r  TREE_GENERATE_INST/SORTER/CELL_ARRAY_GEN[156].MIDDLE_CELLS.cell_inst_mid/r_symbol_reg[6]/Q
                         net (fo=5, routed)           0.280    -0.269    TREE_GENERATE_INST/SORTER/CELL_ARRAY_GEN[155].MIDDLE_CELLS.cell_inst_mid/right_symbol[6]
    SLICE_X51Y60         LUT6 (Prop_lut6_I0_O)        0.098    -0.171 r  TREE_GENERATE_INST/SORTER/CELL_ARRAY_GEN[155].MIDDLE_CELLS.cell_inst_mid/r_symbol[6]_i_1/O
                         net (fo=1, routed)           0.000    -0.171    TREE_GENERATE_INST/SORTER/CELL_ARRAY_GEN[155].MIDDLE_CELLS.cell_inst_mid/r_symbol[6]_i_1_n_0
    SLICE_X51Y60         FDRE                                         r  TREE_GENERATE_INST/SORTER/CELL_ARRAY_GEN[155].MIDDLE_CELLS.cell_inst_mid/r_symbol_reg[6]/D
  -------------------------------------------------------------------    -------------------

                         (clock clk_out1_clk_wiz_0 rise edge)
                                                      0.000     0.000 r  
    H16                                               0.000     0.000 r  clk (IN)
                         net (fo=0)                   0.000     0.000    CLOCK_WIZ_INST/inst/clk_in1
    H16                  IBUF (Prop_ibuf_I_O)         0.406     0.406 r  CLOCK_WIZ_INST/inst/clkin1_ibufg/O
                         net (fo=1, routed)           0.480     0.886    CLOCK_WIZ_INST/inst/clk_in1_clk_wiz_0
    MMCME2_ADV_X1Y2      MMCME2_ADV (Prop_mmcme2_adv_CLKIN1_CLKOUT0)
                                                     -3.407    -2.521 r  CLOCK_WIZ_INST/inst/mmcm_adv_inst/CLKOUT0
                         net (fo=1, routed)           0.752    -1.769    CLOCK_WIZ_INST/inst/clk_out1_clk_wiz_0
    BUFGCTRL_X0Y16       BUFG (Prop_bufg_I_O)         0.029    -1.740 r  CLOCK_WIZ_INST/inst/clkout1_buf/O
                         net (fo=14289, routed)       0.818    -0.922    TREE_GENERATE_INST/SORTER/CELL_ARRAY_GEN[155].MIDDLE_CELLS.cell_inst_mid/clk
    SLICE_X51Y60         FDRE                                         r  TREE_GENERATE_INST/SORTER/CELL_ARRAY_GEN[155].MIDDLE_CELLS.cell_inst_mid/r_symbol_reg[6]/C
                         clock pessimism              0.504    -0.418    
    SLICE_X51Y60         FDRE (Hold_fdre_C_D)         0.092    -0.326    TREE_GENERATE_INST/SORTER/CELL_ARRAY_GEN[155].MIDDLE_CELLS.cell_inst_mid/r_symbol_reg[6]
  -------------------------------------------------------------------
                         required time                          0.326    
                         arrival time                          -0.171    
  -------------------------------------------------------------------
                         slack                                  0.155    

Slack (MET) :             0.158ns  (arrival time - required time)
  Source:                 CANONICAL_CODE_GENERATE_INST/dict_wr_addr_reg[3]/C
                            (rising edge-triggered cell FDRE clocked by clk_out1_clk_wiz_0  {rise@0.000ns fall@12.500ns period=25.000ns})
  Destination:            CANONICAL_CODE_GENERATE_INST/DICTIONARY_BRAM/ram_name_reg/ADDRBWRADDR[8]
                            (rising edge-triggered cell RAMB18E1 clocked by clk_out1_clk_wiz_0  {rise@0.000ns fall@12.500ns period=25.000ns})
  Path Group:             clk_out1_clk_wiz_0
  Path Type:              Hold (Min at Fast Process Corner)
  Requirement:            0.000ns  (clk_out1_clk_wiz_0 rise@0.000ns - clk_out1_clk_wiz_0 rise@0.000ns)
  Data Path Delay:        0.400ns  (logic 0.141ns (35.278%)  route 0.259ns (64.722%))
  Logic Levels:           0  
  Clock Path Skew:        0.058ns (DCD - SCD - CPR)
    Destination Clock Delay (DCD):    -0.732ns
    Source Clock Delay      (SCD):    -0.541ns
    Clock Pessimism Removal (CPR):    -0.250ns

    Location             Delay type                Incr(ns)  Path(ns)    Netlist Resource(s)
  -------------------------------------------------------------------    -------------------
                         (clock clk_out1_clk_wiz_0 rise edge)
                                                      0.000     0.000 r  
    H16                                               0.000     0.000 r  clk (IN)
                         net (fo=0)                   0.000     0.000    CLOCK_WIZ_INST/inst/clk_in1
    H16                  IBUF (Prop_ibuf_I_O)         0.219     0.219 r  CLOCK_WIZ_INST/inst/clkin1_ibufg/O
                         net (fo=1, routed)           0.440     0.659    CLOCK_WIZ_INST/inst/clk_in1_clk_wiz_0
    MMCME2_ADV_X1Y2      MMCME2_ADV (Prop_mmcme2_adv_CLKIN1_CLKOUT0)
                                                     -2.613    -1.954 r  CLOCK_WIZ_INST/inst/mmcm_adv_inst/CLKOUT0
                         net (fo=1, routed)           0.696    -1.257    CLOCK_WIZ_INST/inst/clk_out1_clk_wiz_0
    BUFGCTRL_X0Y16       BUFG (Prop_bufg_I_O)         0.026    -1.231 r  CLOCK_WIZ_INST/inst/clkout1_buf/O
                         net (fo=14289, routed)       0.690    -0.541    CANONICAL_CODE_GENERATE_INST/clk
    SLICE_X105Y105       FDRE                                         r  CANONICAL_CODE_GENERATE_INST/dict_wr_addr_reg[3]/C
  -------------------------------------------------------------------    -------------------
    SLICE_X105Y105       FDRE (Prop_fdre_C_Q)         0.141    -0.400 r  CANONICAL_CODE_GENERATE_INST/dict_wr_addr_reg[3]/Q
                         net (fo=1, routed)           0.259    -0.141    CANONICAL_CODE_GENERATE_INST/DICTIONARY_BRAM/addra[3]
    RAMB18_X5Y42         RAMB18E1                                     r  CANONICAL_CODE_GENERATE_INST/DICTIONARY_BRAM/ram_name_reg/ADDRBWRADDR[8]
  -------------------------------------------------------------------    -------------------

                         (clock clk_out1_clk_wiz_0 rise edge)
                                                      0.000     0.000 r  
    H16                                               0.000     0.000 r  clk (IN)
                         net (fo=0)                   0.000     0.000    CLOCK_WIZ_INST/inst/clk_in1
    H16                  IBUF (Prop_ibuf_I_O)         0.406     0.406 r  CLOCK_WIZ_INST/inst/clkin1_ibufg/O
                         net (fo=1, routed)           0.480     0.886    CLOCK_WIZ_INST/inst/clk_in1_clk_wiz_0
    MMCME2_ADV_X1Y2      MMCME2_ADV (Prop_mmcme2_adv_CLKIN1_CLKOUT0)
                                                     -3.407    -2.521 r  CLOCK_WIZ_INST/inst/mmcm_adv_inst/CLKOUT0
                         net (fo=1, routed)           0.752    -1.769    CLOCK_WIZ_INST/inst/clk_out1_clk_wiz_0
    BUFGCTRL_X0Y16       BUFG (Prop_bufg_I_O)         0.029    -1.740 r  CLOCK_WIZ_INST/inst/clkout1_buf/O
                         net (fo=14289, routed)       1.007    -0.732    CANONICAL_CODE_GENERATE_INST/DICTIONARY_BRAM/clka
    RAMB18_X5Y42         RAMB18E1                                     r  CANONICAL_CODE_GENERATE_INST/DICTIONARY_BRAM/ram_name_reg/CLKBWRCLK
                         clock pessimism              0.250    -0.483    
    RAMB18_X5Y42         RAMB18E1 (Hold_ramb18e1_CLKBWRCLK_ADDRBWRADDR[8])
                                                      0.183    -0.300    CANONICAL_CODE_GENERATE_INST/DICTIONARY_BRAM/ram_name_reg
  -------------------------------------------------------------------
                         required time                          0.300    
                         arrival time                          -0.141    
  -------------------------------------------------------------------
                         slack                                  0.158    

Slack (MET) :             0.159ns  (arrival time - required time)
  Source:                 TREE_GENERATE_INST/tree_addr_reg_reg[2]/C
                            (rising edge-triggered cell FDRE clocked by clk_out1_clk_wiz_0  {rise@0.000ns fall@12.500ns period=25.000ns})
  Destination:            TREE_GENERATE_INST/LEFT_CHILD/ram_name_reg/ADDRARDADDR[6]
                            (rising edge-triggered cell RAMB18E1 clocked by clk_out1_clk_wiz_0  {rise@0.000ns fall@12.500ns period=25.000ns})
  Path Group:             clk_out1_clk_wiz_0
  Path Type:              Hold (Min at Fast Process Corner)
  Requirement:            0.000ns  (clk_out1_clk_wiz_0 rise@0.000ns - clk_out1_clk_wiz_0 rise@0.000ns)
  Data Path Delay:        0.394ns  (logic 0.141ns (35.794%)  route 0.253ns (64.206%))
  Logic Levels:           0  
  Clock Path Skew:        0.051ns (DCD - SCD - CPR)
    Destination Clock Delay (DCD):    -0.836ns
    Source Clock Delay      (SCD):    -0.633ns
    Clock Pessimism Removal (CPR):    -0.254ns

    Location             Delay type                Incr(ns)  Path(ns)    Netlist Resource(s)
  -------------------------------------------------------------------    -------------------
                         (clock clk_out1_clk_wiz_0 rise edge)
                                                      0.000     0.000 r  
    H16                                               0.000     0.000 r  clk (IN)
                         net (fo=0)                   0.000     0.000    CLOCK_WIZ_INST/inst/clk_in1
    H16                  IBUF (Prop_ibuf_I_O)         0.219     0.219 r  CLOCK_WIZ_INST/inst/clkin1_ibufg/O
                         net (fo=1, routed)           0.440     0.659    CLOCK_WIZ_INST/inst/clk_in1_clk_wiz_0
    MMCME2_ADV_X1Y2      MMCME2_ADV (Prop_mmcme2_adv_CLKIN1_CLKOUT0)
                                                     -2.613    -1.954 r  CLOCK_WIZ_INST/inst/mmcm_adv_inst/CLKOUT0
                         net (fo=1, routed)           0.696    -1.257    CLOCK_WIZ_INST/inst/clk_out1_clk_wiz_0
    BUFGCTRL_X0Y16       BUFG (Prop_bufg_I_O)         0.026    -1.231 r  CLOCK_WIZ_INST/inst/clkout1_buf/O
                         net (fo=14289, routed)       0.598    -0.633    TREE_GENERATE_INST/clk
    SLICE_X91Y69         FDRE                                         r  TREE_GENERATE_INST/tree_addr_reg_reg[2]/C
  -------------------------------------------------------------------    -------------------
    SLICE_X91Y69         FDRE (Prop_fdre_C_Q)         0.141    -0.492 r  TREE_GENERATE_INST/tree_addr_reg_reg[2]/Q
                         net (fo=2, routed)           0.253    -0.239    TREE_GENERATE_INST/LEFT_CHILD/addra[2]
    RAMB18_X4Y29         RAMB18E1                                     r  TREE_GENERATE_INST/LEFT_CHILD/ram_name_reg/ADDRARDADDR[6]
  -------------------------------------------------------------------    -------------------

                         (clock clk_out1_clk_wiz_0 rise edge)
                                                      0.000     0.000 r  
    H16                                               0.000     0.000 r  clk (IN)
                         net (fo=0)                   0.000     0.000    CLOCK_WIZ_INST/inst/clk_in1
    H16                  IBUF (Prop_ibuf_I_O)         0.406     0.406 r  CLOCK_WIZ_INST/inst/clkin1_ibufg/O
                         net (fo=1, routed)           0.480     0.886    CLOCK_WIZ_INST/inst/clk_in1_clk_wiz_0
    MMCME2_ADV_X1Y2      MMCME2_ADV (Prop_mmcme2_adv_CLKIN1_CLKOUT0)
                                                     -3.407    -2.521 r  CLOCK_WIZ_INST/inst/mmcm_adv_inst/CLKOUT0
                         net (fo=1, routed)           0.752    -1.769    CLOCK_WIZ_INST/inst/clk_out1_clk_wiz_0
    BUFGCTRL_X0Y16       BUFG (Prop_bufg_I_O)         0.029    -1.740 r  CLOCK_WIZ_INST/inst/clkout1_buf/O
                         net (fo=14289, routed)       0.903    -0.836    TREE_GENERATE_INST/LEFT_CHILD/clka
    RAMB18_X4Y29         RAMB18E1                                     r  TREE_GENERATE_INST/LEFT_CHILD/ram_name_reg/CLKARDCLK
                         clock pessimism              0.254    -0.582    
    RAMB18_X4Y29         RAMB18E1 (Hold_ramb18e1_CLKARDCLK_ADDRARDADDR[6])
                                                      0.183    -0.399    TREE_GENERATE_INST/LEFT_CHILD/ram_name_reg
  -------------------------------------------------------------------
                         required time                          0.399    
                         arrival time                          -0.239    
  -------------------------------------------------------------------
                         slack                                  0.159    

Slack (MET) :             0.159ns  (arrival time - required time)
  Source:                 TREE_GENERATE_INST/tree_addr_reg_reg[2]/C
                            (rising edge-triggered cell FDRE clocked by clk_out1_clk_wiz_0  {rise@0.000ns fall@12.500ns period=25.000ns})
  Destination:            TREE_GENERATE_INST/RIGHT_CHILD/ram_name_reg/ADDRARDADDR[6]
                            (rising edge-triggered cell RAMB18E1 clocked by clk_out1_clk_wiz_0  {rise@0.000ns fall@12.500ns period=25.000ns})
  Path Group:             clk_out1_clk_wiz_0
  Path Type:              Hold (Min at Fast Process Corner)
  Requirement:            0.000ns  (clk_out1_clk_wiz_0 rise@0.000ns - clk_out1_clk_wiz_0 rise@0.000ns)
  Data Path Delay:        0.394ns  (logic 0.141ns (35.794%)  route 0.253ns (64.206%))
  Logic Levels:           0  
  Clock Path Skew:        0.051ns (DCD - SCD - CPR)
    Destination Clock Delay (DCD):    -0.836ns
    Source Clock Delay      (SCD):    -0.633ns
    Clock Pessimism Removal (CPR):    -0.254ns

    Location             Delay type                Incr(ns)  Path(ns)    Netlist Resource(s)
  -------------------------------------------------------------------    -------------------
                         (clock clk_out1_clk_wiz_0 rise edge)
                                                      0.000     0.000 r  
    H16                                               0.000     0.000 r  clk (IN)
                         net (fo=0)                   0.000     0.000    CLOCK_WIZ_INST/inst/clk_in1
    H16                  IBUF (Prop_ibuf_I_O)         0.219     0.219 r  CLOCK_WIZ_INST/inst/clkin1_ibufg/O
                         net (fo=1, routed)           0.440     0.659    CLOCK_WIZ_INST/inst/clk_in1_clk_wiz_0
    MMCME2_ADV_X1Y2      MMCME2_ADV (Prop_mmcme2_adv_CLKIN1_CLKOUT0)
                                                     -2.613    -1.954 r  CLOCK_WIZ_INST/inst/mmcm_adv_inst/CLKOUT0
                         net (fo=1, routed)           0.696    -1.257    CLOCK_WIZ_INST/inst/clk_out1_clk_wiz_0
    BUFGCTRL_X0Y16       BUFG (Prop_bufg_I_O)         0.026    -1.231 r  CLOCK_WIZ_INST/inst/clkout1_buf/O
                         net (fo=14289, routed)       0.598    -0.633    TREE_GENERATE_INST/clk
    SLICE_X91Y69         FDRE                                         r  TREE_GENERATE_INST/tree_addr_reg_reg[2]/C
  -------------------------------------------------------------------    -------------------
    SLICE_X91Y69         FDRE (Prop_fdre_C_Q)         0.141    -0.492 r  TREE_GENERATE_INST/tree_addr_reg_reg[2]/Q
                         net (fo=2, routed)           0.253    -0.239    TREE_GENERATE_INST/RIGHT_CHILD/addra[2]
    RAMB18_X4Y28         RAMB18E1                                     r  TREE_GENERATE_INST/RIGHT_CHILD/ram_name_reg/ADDRARDADDR[6]
  -------------------------------------------------------------------    -------------------

                         (clock clk_out1_clk_wiz_0 rise edge)
                                                      0.000     0.000 r  
    H16                                               0.000     0.000 r  clk (IN)
                         net (fo=0)                   0.000     0.000    CLOCK_WIZ_INST/inst/clk_in1
    H16                  IBUF (Prop_ibuf_I_O)         0.406     0.406 r  CLOCK_WIZ_INST/inst/clkin1_ibufg/O
                         net (fo=1, routed)           0.480     0.886    CLOCK_WIZ_INST/inst/clk_in1_clk_wiz_0
    MMCME2_ADV_X1Y2      MMCME2_ADV (Prop_mmcme2_adv_CLKIN1_CLKOUT0)
                                                     -3.407    -2.521 r  CLOCK_WIZ_INST/inst/mmcm_adv_inst/CLKOUT0
                         net (fo=1, routed)           0.752    -1.769    CLOCK_WIZ_INST/inst/clk_out1_clk_wiz_0
    BUFGCTRL_X0Y16       BUFG (Prop_bufg_I_O)         0.029    -1.740 r  CLOCK_WIZ_INST/inst/clkout1_buf/O
                         net (fo=14289, routed)       0.903    -0.836    TREE_GENERATE_INST/RIGHT_CHILD/clka
    RAMB18_X4Y28         RAMB18E1                                     r  TREE_GENERATE_INST/RIGHT_CHILD/ram_name_reg/CLKARDCLK
                         clock pessimism              0.254    -0.582    
    RAMB18_X4Y28         RAMB18E1 (Hold_ramb18e1_CLKARDCLK_ADDRARDADDR[6])
                                                      0.183    -0.399    TREE_GENERATE_INST/RIGHT_CHILD/ram_name_reg
  -------------------------------------------------------------------
                         required time                          0.399    
                         arrival time                          -0.239    
  -------------------------------------------------------------------
                         slack                                  0.159    

Slack (MET) :             0.161ns  (arrival time - required time)
  Source:                 TREE_GENERATE_INST/tree_addr_reg_reg[4]/C
                            (rising edge-triggered cell FDRE clocked by clk_out1_clk_wiz_0  {rise@0.000ns fall@12.500ns period=25.000ns})
  Destination:            TREE_GENERATE_INST/LEFT_CHILD/ram_name_reg/ADDRARDADDR[8]
                            (rising edge-triggered cell RAMB18E1 clocked by clk_out1_clk_wiz_0  {rise@0.000ns fall@12.500ns period=25.000ns})
  Path Group:             clk_out1_clk_wiz_0
  Path Type:              Hold (Min at Fast Process Corner)
  Requirement:            0.000ns  (clk_out1_clk_wiz_0 rise@0.000ns - clk_out1_clk_wiz_0 rise@0.000ns)
  Data Path Delay:        0.395ns  (logic 0.141ns (35.653%)  route 0.254ns (64.347%))
  Logic Levels:           0  
  Clock Path Skew:        0.051ns (DCD - SCD - CPR)
    Destination Clock Delay (DCD):    -0.836ns
    Source Clock Delay      (SCD):    -0.633ns
    Clock Pessimism Removal (CPR):    -0.254ns

    Location             Delay type                Incr(ns)  Path(ns)    Netlist Resource(s)
  -------------------------------------------------------------------    -------------------
                         (clock clk_out1_clk_wiz_0 rise edge)
                                                      0.000     0.000 r  
    H16                                               0.000     0.000 r  clk (IN)
                         net (fo=0)                   0.000     0.000    CLOCK_WIZ_INST/inst/clk_in1
    H16                  IBUF (Prop_ibuf_I_O)         0.219     0.219 r  CLOCK_WIZ_INST/inst/clkin1_ibufg/O
                         net (fo=1, routed)           0.440     0.659    CLOCK_WIZ_INST/inst/clk_in1_clk_wiz_0
    MMCME2_ADV_X1Y2      MMCME2_ADV (Prop_mmcme2_adv_CLKIN1_CLKOUT0)
                                                     -2.613    -1.954 r  CLOCK_WIZ_INST/inst/mmcm_adv_inst/CLKOUT0
                         net (fo=1, routed)           0.696    -1.257    CLOCK_WIZ_INST/inst/clk_out1_clk_wiz_0
    BUFGCTRL_X0Y16       BUFG (Prop_bufg_I_O)         0.026    -1.231 r  CLOCK_WIZ_INST/inst/clkout1_buf/O
                         net (fo=14289, routed)       0.598    -0.633    TREE_GENERATE_INST/clk
    SLICE_X91Y69         FDRE                                         r  TREE_GENERATE_INST/tree_addr_reg_reg[4]/C
  -------------------------------------------------------------------    -------------------
    SLICE_X91Y69         FDRE (Prop_fdre_C_Q)         0.141    -0.492 r  TREE_GENERATE_INST/tree_addr_reg_reg[4]/Q
                         net (fo=2, routed)           0.254    -0.238    TREE_GENERATE_INST/LEFT_CHILD/addra[4]
    RAMB18_X4Y29         RAMB18E1                                     r  TREE_GENERATE_INST/LEFT_CHILD/ram_name_reg/ADDRARDADDR[8]
  -------------------------------------------------------------------    -------------------

                         (clock clk_out1_clk_wiz_0 rise edge)
                                                      0.000     0.000 r  
    H16                                               0.000     0.000 r  clk (IN)
                         net (fo=0)                   0.000     0.000    CLOCK_WIZ_INST/inst/clk_in1
    H16                  IBUF (Prop_ibuf_I_O)         0.406     0.406 r  CLOCK_WIZ_INST/inst/clkin1_ibufg/O
                         net (fo=1, routed)           0.480     0.886    CLOCK_WIZ_INST/inst/clk_in1_clk_wiz_0
    MMCME2_ADV_X1Y2      MMCME2_ADV (Prop_mmcme2_adv_CLKIN1_CLKOUT0)
                                                     -3.407    -2.521 r  CLOCK_WIZ_INST/inst/mmcm_adv_inst/CLKOUT0
                         net (fo=1, routed)           0.752    -1.769    CLOCK_WIZ_INST/inst/clk_out1_clk_wiz_0
    BUFGCTRL_X0Y16       BUFG (Prop_bufg_I_O)         0.029    -1.740 r  CLOCK_WIZ_INST/inst/clkout1_buf/O
                         net (fo=14289, routed)       0.903    -0.836    TREE_GENERATE_INST/LEFT_CHILD/clka
    RAMB18_X4Y29         RAMB18E1                                     r  TREE_GENERATE_INST/LEFT_CHILD/ram_name_reg/CLKARDCLK
                         clock pessimism              0.254    -0.582    
    RAMB18_X4Y29         RAMB18E1 (Hold_ramb18e1_CLKARDCLK_ADDRARDADDR[8])
                                                      0.183    -0.399    TREE_GENERATE_INST/LEFT_CHILD/ram_name_reg
  -------------------------------------------------------------------
                         required time                          0.399    
                         arrival time                          -0.238    
  -------------------------------------------------------------------
                         slack                                  0.161    





Pulse Width Checks
--------------------------------------------------------------------------------------
Clock Name:         clk_out1_clk_wiz_0
Waveform(ns):       { 0.000 12.500 }
Period(ns):         25.000
Sources:            { CLOCK_WIZ_INST/inst/mmcm_adv_inst/CLKOUT0 }

Check Type        Corner  Lib Pin             Reference Pin  Required(ns)  Actual(ns)  Slack(ns)  Location         Pin
Min Period        n/a     RAMB18E1/CLKARDCLK  n/a            2.944         25.000      22.056     RAMB18_X5Y42     CANONICAL_CODE_GENERATE_INST/DICTIONARY_BRAM/ram_name_reg/CLKARDCLK
Min Period        n/a     RAMB18E1/CLKBWRCLK  n/a            2.944         25.000      22.056     RAMB18_X5Y42     CANONICAL_CODE_GENERATE_INST/DICTIONARY_BRAM/ram_name_reg/CLKBWRCLK
Min Period        n/a     RAMB18E1/CLKARDCLK  n/a            2.944         25.000      22.056     RAMB18_X5Y46     HISTOGRAM_GENERATE_INST/HISTOGRAM_BRAM/ram_name_reg/CLKARDCLK
Min Period        n/a     RAMB18E1/CLKARDCLK  n/a            2.944         25.000      22.056     RAMB18_X4Y36     LENGTH_GENERATE_INST/LENGTH_BRAM/ram_name_reg/CLKARDCLK
Min Period        n/a     RAMB18E1/CLKARDCLK  n/a            2.944         25.000      22.056     RAMB18_X4Y29     TREE_GENERATE_INST/LEFT_CHILD/ram_name_reg/CLKARDCLK
Min Period        n/a     RAMB18E1/CLKARDCLK  n/a            2.944         25.000      22.056     RAMB18_X4Y28     TREE_GENERATE_INST/RIGHT_CHILD/ram_name_reg/CLKARDCLK
Min Period        n/a     RAMB18E1/CLKBWRCLK  n/a            2.576         25.000      22.424     RAMB18_X5Y46     HISTOGRAM_GENERATE_INST/HISTOGRAM_BRAM/ram_name_reg/CLKBWRCLK
Min Period        n/a     RAMB18E1/CLKBWRCLK  n/a            2.576         25.000      22.424     RAMB18_X4Y36     LENGTH_GENERATE_INST/LENGTH_BRAM/ram_name_reg/CLKBWRCLK
Min Period        n/a     RAMB36E1/CLKARDCLK  n/a            2.576         25.000      22.424     RAMB36_X3Y11     TEXT_FILE_INST/rom_data_out_reg_0/CLKARDCLK
Min Period        n/a     RAMB36E1/CLKARDCLK  n/a            2.576         25.000      22.424     RAMB36_X3Y12     TEXT_FILE_INST/rom_data_out_reg_1/CLKARDCLK
Max Period        n/a     MMCME2_ADV/CLKOUT0  n/a            213.360       25.000      188.360    MMCME2_ADV_X1Y2  CLOCK_WIZ_INST/inst/mmcm_adv_inst/CLKOUT0
Low Pulse Width   Slow    RAMD64E/CLK         n/a            1.250         12.500      11.250     SLICE_X104Y73    LENGTH_GENERATE_INST/fifo_addr_even_reg_r1_0_63_0_2/RAMA/CLK
Low Pulse Width   Fast    RAMD64E/CLK         n/a            1.250         12.500      11.250     SLICE_X104Y73    LENGTH_GENERATE_INST/fifo_addr_even_reg_r1_0_63_0_2/RAMA/CLK
Low Pulse Width   Slow    RAMD64E/CLK         n/a            1.250         12.500      11.250     SLICE_X104Y73    LENGTH_GENERATE_INST/fifo_addr_even_reg_r1_0_63_0_2/RAMB/CLK
Low Pulse Width   Fast    RAMD64E/CLK         n/a            1.250         12.500      11.250     SLICE_X104Y73    LENGTH_GENERATE_INST/fifo_addr_even_reg_r1_0_63_0_2/RAMB/CLK
Low Pulse Width   Slow    RAMD64E/CLK         n/a            1.250         12.500      11.250     SLICE_X104Y73    LENGTH_GENERATE_INST/fifo_addr_even_reg_r1_0_63_0_2/RAMC/CLK
Low Pulse Width   Fast    RAMD64E/CLK         n/a            1.250         12.500      11.250     SLICE_X104Y73    LENGTH_GENERATE_INST/fifo_addr_even_reg_r1_0_63_0_2/RAMC/CLK
Low Pulse Width   Slow    RAMD64E/CLK         n/a            1.250         12.500      11.250     SLICE_X104Y73    LENGTH_GENERATE_INST/fifo_addr_even_reg_r1_0_63_0_2/RAMD/CLK
Low Pulse Width   Fast    RAMD64E/CLK         n/a            1.250         12.500      11.250     SLICE_X104Y73    LENGTH_GENERATE_INST/fifo_addr_even_reg_r1_0_63_0_2/RAMD/CLK
Low Pulse Width   Slow    RAMD64E/CLK         n/a            1.250         12.500      11.250     SLICE_X104Y74    LENGTH_GENERATE_INST/fifo_addr_even_reg_r1_0_63_3_5/RAMA/CLK
Low Pulse Width   Fast    RAMD64E/CLK         n/a            1.250         12.500      11.250     SLICE_X104Y74    LENGTH_GENERATE_INST/fifo_addr_even_reg_r1_0_63_3_5/RAMA/CLK
High Pulse Width  Slow    RAMD64E/CLK         n/a            1.250         12.500      11.250     SLICE_X104Y73    LENGTH_GENERATE_INST/fifo_addr_even_reg_r1_0_63_0_2/RAMA/CLK
High Pulse Width  Fast    RAMD64E/CLK         n/a            1.250         12.500      11.250     SLICE_X104Y73    LENGTH_GENERATE_INST/fifo_addr_even_reg_r1_0_63_0_2/RAMA/CLK
High Pulse Width  Slow    RAMD64E/CLK         n/a            1.250         12.500      11.250     SLICE_X104Y73    LENGTH_GENERATE_INST/fifo_addr_even_reg_r1_0_63_0_2/RAMB/CLK
High Pulse Width  Fast    RAMD64E/CLK         n/a            1.250         12.500      11.250     SLICE_X104Y73    LENGTH_GENERATE_INST/fifo_addr_even_reg_r1_0_63_0_2/RAMB/CLK
High Pulse Width  Slow    RAMD64E/CLK         n/a            1.250         12.500      11.250     SLICE_X104Y73    LENGTH_GENERATE_INST/fifo_addr_even_reg_r1_0_63_0_2/RAMC/CLK
High Pulse Width  Fast    RAMD64E/CLK         n/a            1.250         12.500      11.250     SLICE_X104Y73    LENGTH_GENERATE_INST/fifo_addr_even_reg_r1_0_63_0_2/RAMC/CLK
High Pulse Width  Slow    RAMD64E/CLK         n/a            1.250         12.500      11.250     SLICE_X104Y73    LENGTH_GENERATE_INST/fifo_addr_even_reg_r1_0_63_0_2/RAMD/CLK
High Pulse Width  Fast    RAMD64E/CLK         n/a            1.250         12.500      11.250     SLICE_X104Y73    LENGTH_GENERATE_INST/fifo_addr_even_reg_r1_0_63_0_2/RAMD/CLK
High Pulse Width  Slow    RAMD64E/CLK         n/a            1.250         12.500      11.250     SLICE_X104Y74    LENGTH_GENERATE_INST/fifo_addr_even_reg_r1_0_63_3_5/RAMA/CLK
High Pulse Width  Fast    RAMD64E/CLK         n/a            1.250         12.500      11.250     SLICE_X104Y74    LENGTH_GENERATE_INST/fifo_addr_even_reg_r1_0_63_3_5/RAMA/CLK



---------------------------------------------------------------------------------------------------
From Clock:  clkfbout_clk_wiz_0
  To Clock:  clkfbout_clk_wiz_0

Setup :           NA  Failing Endpoints,  Worst Slack           NA  ,  Total Violation           NA
Hold  :           NA  Failing Endpoints,  Worst Slack           NA  ,  Total Violation           NA
PW    :            0  Failing Endpoints,  Worst Slack        5.845ns,  Total Violation        0.000ns
---------------------------------------------------------------------------------------------------


Pulse Width Checks
--------------------------------------------------------------------------------------
Clock Name:         clkfbout_clk_wiz_0
Waveform(ns):       { 0.000 4.000 }
Period(ns):         8.000
Sources:            { CLOCK_WIZ_INST/inst/mmcm_adv_inst/CLKFBOUT }

Check Type  Corner  Lib Pin              Reference Pin  Required(ns)  Actual(ns)  Slack(ns)  Location         Pin
Min Period  n/a     BUFG/I               n/a            2.155         8.000       5.845      BUFGCTRL_X0Y17   CLOCK_WIZ_INST/inst/clkf_buf/I
Min Period  n/a     MMCME2_ADV/CLKFBOUT  n/a            1.249         8.000       6.751      MMCME2_ADV_X1Y2  CLOCK_WIZ_INST/inst/mmcm_adv_inst/CLKFBOUT
Min Period  n/a     MMCME2_ADV/CLKFBIN   n/a            1.249         8.000       6.751      MMCME2_ADV_X1Y2  CLOCK_WIZ_INST/inst/mmcm_adv_inst/CLKFBIN
Max Period  n/a     MMCME2_ADV/CLKFBIN   n/a            100.000       8.000       92.000     MMCME2_ADV_X1Y2  CLOCK_WIZ_INST/inst/mmcm_adv_inst/CLKFBIN
Max Period  n/a     MMCME2_ADV/CLKFBOUT  n/a            213.360       8.000       205.360    MMCME2_ADV_X1Y2  CLOCK_WIZ_INST/inst/mmcm_adv_inst/CLKFBOUT



---------------------------------------------------------------------------------------------------
From Clock:  sys_clk_pin
  To Clock:  sys_clk_pin

Setup :           NA  Failing Endpoints,  Worst Slack           NA  ,  Total Violation           NA
Hold  :           NA  Failing Endpoints,  Worst Slack           NA  ,  Total Violation           NA
PW    :            0  Failing Endpoints,  Worst Slack        2.000ns,  Total Violation        0.000ns
---------------------------------------------------------------------------------------------------


Pulse Width Checks
--------------------------------------------------------------------------------------
Clock Name:         sys_clk_pin
Waveform(ns):       { 0.000 4.000 }
Period(ns):         8.000
Sources:            { clk }

Check Type        Corner  Lib Pin            Reference Pin  Required(ns)  Actual(ns)  Slack(ns)  Location         Pin
Min Period        n/a     MMCME2_ADV/CLKIN1  n/a            1.249         8.000       6.751      MMCME2_ADV_X1Y2  CLOCK_WIZ_INST/inst/mmcm_adv_inst/CLKIN1
Max Period        n/a     MMCME2_ADV/CLKIN1  n/a            100.000       8.000       92.000     MMCME2_ADV_X1Y2  CLOCK_WIZ_INST/inst/mmcm_adv_inst/CLKIN1
Low Pulse Width   Slow    MMCME2_ADV/CLKIN1  n/a            2.000         4.000       2.000      MMCME2_ADV_X1Y2  CLOCK_WIZ_INST/inst/mmcm_adv_inst/CLKIN1
Low Pulse Width   Fast    MMCME2_ADV/CLKIN1  n/a            2.000         4.000       2.000      MMCME2_ADV_X1Y2  CLOCK_WIZ_INST/inst/mmcm_adv_inst/CLKIN1
High Pulse Width  Slow    MMCME2_ADV/CLKIN1  n/a            2.000         4.000       2.000      MMCME2_ADV_X1Y2  CLOCK_WIZ_INST/inst/mmcm_adv_inst/CLKIN1
High Pulse Width  Fast    MMCME2_ADV/CLKIN1  n/a            2.000         4.000       2.000      MMCME2_ADV_X1Y2  CLOCK_WIZ_INST/inst/mmcm_adv_inst/CLKIN1



---------------------------------------------------------------------------------------------------
From Clock:  clk_out1_clk_wiz_0_1
  To Clock:  clk_out1_clk_wiz_0_1

Setup :            0  Failing Endpoints,  Worst Slack        0.354ns,  Total Violation        0.000ns
Hold  :            0  Failing Endpoints,  Worst Slack        0.107ns,  Total Violation        0.000ns
PW    :            0  Failing Endpoints,  Worst Slack       11.250ns,  Total Violation        0.000ns
---------------------------------------------------------------------------------------------------


Max Delay Paths
--------------------------------------------------------------------------------------
Slack (MET) :             0.354ns  (required time - arrival time)
  Source:                 TREE_GENERATE_INST/SORTER/CELL_ARRAY_GEN[254].MIDDLE_CELLS.cell_inst_mid_i_339_psbram_2/C
                            (rising edge-triggered cell FDRE clocked by clk_out1_clk_wiz_0_1  {rise@0.000ns fall@12.500ns period=25.000ns})
  Destination:            TREE_GENERATE_INST/SORTER/CELL_ARRAY_GEN[216].MIDDLE_CELLS.cell_inst_mid/r_freq_reg[8]/CE
                            (rising edge-triggered cell FDRE clocked by clk_out1_clk_wiz_0_1  {rise@0.000ns fall@12.500ns period=25.000ns})
  Path Group:             clk_out1_clk_wiz_0_1
  Path Type:              Setup (Max at Slow Process Corner)
  Requirement:            25.000ns  (clk_out1_clk_wiz_0_1 rise@25.000ns - clk_out1_clk_wiz_0_1 rise@0.000ns)
  Data Path Delay:        24.099ns  (logic 4.565ns (18.943%)  route 19.534ns (81.057%))
  Logic Levels:           19  (CARRY4=4 LUT2=1 LUT3=3 LUT4=1 LUT5=2 LUT6=7 MUXF7=1)
  Clock Path Skew:        -0.089ns (DCD - SCD + CPR)
    Destination Clock Delay (DCD):    -1.631ns = ( 23.369 - 25.000 ) 
    Source Clock Delay      (SCD):    -1.075ns
    Clock Pessimism Removal (CPR):    0.466ns
  Clock Uncertainty:      0.082ns  ((TSJ^2 + DJ^2)^1/2) / 2 + PE
    Total System Jitter     (TSJ):    0.071ns
    Discrete Jitter          (DJ):    0.147ns
    Phase Error              (PE):    0.000ns

    Location             Delay type                Incr(ns)  Path(ns)    Netlist Resource(s)
  -------------------------------------------------------------------    -------------------
                         (clock clk_out1_clk_wiz_0_1 rise edge)
                                                      0.000     0.000 r  
    H16                                               0.000     0.000 r  clk (IN)
                         net (fo=0)                   0.000     0.000    CLOCK_WIZ_INST/inst/clk_in1
    H16                  IBUF (Prop_ibuf_I_O)         1.451     1.451 r  CLOCK_WIZ_INST/inst/clkin1_ibufg/O
                         net (fo=1, routed)           1.285     2.736    CLOCK_WIZ_INST/inst/clk_in1_clk_wiz_0
    MMCME2_ADV_X1Y2      MMCME2_ADV (Prop_mmcme2_adv_CLKIN1_CLKOUT0)
                                                     -7.759    -5.023 r  CLOCK_WIZ_INST/inst/mmcm_adv_inst/CLKOUT0
                         net (fo=1, routed)           2.206    -2.817    CLOCK_WIZ_INST/inst/clk_out1_clk_wiz_0
    BUFGCTRL_X0Y16       BUFG (Prop_bufg_I_O)         0.101    -2.716 r  CLOCK_WIZ_INST/inst/clkout1_buf/O
                         net (fo=14289, routed)       1.641    -1.075    TREE_GENERATE_INST/SORTER/clk
    SLICE_X48Y67         FDRE                                         r  TREE_GENERATE_INST/SORTER/CELL_ARRAY_GEN[254].MIDDLE_CELLS.cell_inst_mid_i_339_psbram_2/C
  -------------------------------------------------------------------    -------------------
    SLICE_X48Y67         FDRE (Prop_fdre_C_Q)         0.456    -0.619 r  TREE_GENERATE_INST/SORTER/CELL_ARRAY_GEN[254].MIDDLE_CELLS.cell_inst_mid_i_339_psbram_2/Q
                         net (fo=255, routed)         1.759     1.140    TREE_GENERATE_INST/SORTER/input_symbol[0]
    SLICE_X53Y81         LUT6 (Prop_lut6_I1_O)        0.124     1.264 f  TREE_GENERATE_INST/SORTER/CELL_ARRAY_GEN[255].LAST_CELL.cell_inst_last_i_1856/O
                         net (fo=1, routed)           0.642     1.906    TREE_GENERATE_INST/SORTER/CELL_ARRAY_GEN[255].LAST_CELL.cell_inst_last_i_1856_n_0
    SLICE_X54Y80         LUT6 (Prop_lut6_I5_O)        0.124     2.030 f  TREE_GENERATE_INST/SORTER/CELL_ARRAY_GEN[255].LAST_CELL.cell_inst_last_i_1081/O
                         net (fo=3, routed)           1.266     3.296    TREE_GENERATE_INST/SORTER/match_idx_var180_out
    SLICE_X41Y81         LUT3 (Prop_lut3_I0_O)        0.124     3.420 f  TREE_GENERATE_INST/SORTER/CELL_ARRAY_GEN[255].LAST_CELL.cell_inst_last_i_417/O
                         net (fo=6, routed)           0.989     4.409    TREE_GENERATE_INST/SORTER/CELL_ARRAY_GEN[255].LAST_CELL.cell_inst_last_i_417_n_0
    SLICE_X40Y84         LUT5 (Prop_lut5_I2_O)        0.124     4.533 f  TREE_GENERATE_INST/SORTER/CELL_ARRAY_GEN[255].LAST_CELL.cell_inst_last_i_169/O
                         net (fo=8, routed)           0.802     5.335    TREE_GENERATE_INST/SORTER/CELL_ARRAY_GEN[255].LAST_CELL.cell_inst_last_i_169_n_0
    SLICE_X38Y82         LUT3 (Prop_lut3_I1_O)        0.124     5.459 f  TREE_GENERATE_INST/SORTER/CELL_ARRAY_GEN[255].LAST_CELL.cell_inst_last_i_148/O
                         net (fo=10, routed)          1.099     6.558    TREE_GENERATE_INST/SORTER/CELL_ARRAY_GEN[255].LAST_CELL.cell_inst_last_i_148_n_0
    SLICE_X58Y82         LUT6 (Prop_lut6_I5_O)        0.124     6.682 r  TREE_GENERATE_INST/SORTER/CELL_ARRAY_GEN[254].MIDDLE_CELLS.cell_inst_mid_i_42/O
                         net (fo=16, routed)          1.879     8.561    TREE_GENERATE_INST/SORTER/CELL_ARRAY_GEN[254].MIDDLE_CELLS.cell_inst_mid_i_42_n_0
    SLICE_X64Y56         LUT6 (Prop_lut6_I1_O)        0.124     8.685 r  TREE_GENERATE_INST/SORTER/CELL_ARRAY_GEN[255].LAST_CELL.cell_inst_last_i_1357/O
                         net (fo=118, routed)         2.078    10.763    TREE_GENERATE_INST/SORTER/CELL_ARRAY_GEN[255].LAST_CELL.cell_inst_last_i_1357_n_0
    SLICE_X104Y43        LUT6 (Prop_lut6_I2_O)        0.124    10.887 r  TREE_GENERATE_INST/SORTER/CELL_ARRAY_GEN[255].LAST_CELL.cell_inst_last_i_1392/O
                         net (fo=1, routed)           0.820    11.707    TREE_GENERATE_INST/SORTER/CELL_ARRAY_GEN[255].LAST_CELL.cell_inst_last_i_1392_n_0
    SLICE_X104Y42        LUT6 (Prop_lut6_I1_O)        0.124    11.831 r  TREE_GENERATE_INST/SORTER/CELL_ARRAY_GEN[255].LAST_CELL.cell_inst_last_i_799/O
                         net (fo=1, routed)           0.000    11.831    TREE_GENERATE_INST/SORTER/CELL_ARRAY_GEN[255].LAST_CELL.cell_inst_last_i_799_n_0
    SLICE_X104Y42        MUXF7 (Prop_muxf7_I0_O)      0.209    12.040 r  TREE_GENERATE_INST/SORTER/CELL_ARRAY_GEN[255].LAST_CELL.cell_inst_last_i_296/O
                         net (fo=1, routed)           0.759    12.799    TREE_GENERATE_INST/SORTER/CELL_ARRAY_GEN[255].LAST_CELL.cell_inst_last_i_296_n_0
    SLICE_X96Y42         LUT3 (Prop_lut3_I1_O)        0.297    13.096 r  TREE_GENERATE_INST/SORTER/CELL_ARRAY_GEN[255].LAST_CELL.cell_inst_last_i_122/O
                         net (fo=1, routed)           1.069    14.165    TREE_GENERATE_INST/SORTER/CELL_ARRAY_GEN[255].LAST_CELL.cell_inst_last_i_122_n_0
    SLICE_X89Y43         LUT6 (Prop_lut6_I3_O)        0.124    14.289 r  TREE_GENERATE_INST/SORTER/CELL_ARRAY_GEN[255].LAST_CELL.cell_inst_last_i_55/O
                         net (fo=515, routed)         0.860    15.149    TREE_GENERATE_INST/SORTER/freqs[0][0]
    SLICE_X80Y46         CARRY4 (Prop_carry4_CYINIT_CO[3])
                                                      0.580    15.729 r  TREE_GENERATE_INST/SORTER/CELL_ARRAY_GEN[255].LAST_CELL.cell_inst_last_i_54/CO[3]
                         net (fo=1, routed)           0.000    15.729    TREE_GENERATE_INST/SORTER/CELL_ARRAY_GEN[255].LAST_CELL.cell_inst_last_i_54_n_0
    SLICE_X80Y47         CARRY4 (Prop_carry4_CI_CO[3])
                                                      0.114    15.843 r  TREE_GENERATE_INST/SORTER/CELL_ARRAY_GEN[255].LAST_CELL.cell_inst_last_i_53/CO[3]
                         net (fo=1, routed)           0.000    15.843    TREE_GENERATE_INST/SORTER/CELL_ARRAY_GEN[255].LAST_CELL.cell_inst_last_i_53_n_0
    SLICE_X80Y48         CARRY4 (Prop_carry4_CI_O[1])
                                                      0.334    16.177 r  TREE_GENERATE_INST/SORTER/CELL_ARRAY_GEN[255].LAST_CELL.cell_inst_last_i_52/O[1]
                         net (fo=513, routed)         1.816    17.993    TREE_GENERATE_INST/SORTER/plusOp[10]
    SLICE_X53Y47         LUT4 (Prop_lut4_I3_O)        0.303    18.296 r  TREE_GENERATE_INST/SORTER/CELL_ARRAY_GEN[217].MIDDLE_CELLS.cell_inst_mid_i_10/O
                         net (fo=1, routed)           0.000    18.296    TREE_GENERATE_INST/SORTER/CELL_ARRAY_GEN[217].MIDDLE_CELLS.cell_inst_mid_i_10_n_0
    SLICE_X53Y47         CARRY4 (Prop_carry4_S[1]_CO[2])
                                                      0.570    18.866 f  TREE_GENERATE_INST/SORTER/CELL_ARRAY_GEN[217].MIDDLE_CELLS.cell_inst_mid_i_3/CO[2]
                         net (fo=3, routed)           0.663    19.529    TREE_GENERATE_INST/SORTER/CELL_ARRAY_GEN[217].MIDDLE_CELLS.cell_inst_mid_i_3_n_1
    SLICE_X51Y41         LUT5 (Prop_lut5_I2_O)        0.313    19.842 r  TREE_GENERATE_INST/SORTER/CELL_ARRAY_GEN[216].MIDDLE_CELLS.cell_inst_mid_i_1/O
                         net (fo=24, routed)          1.081    20.923    TREE_GENERATE_INST/SORTER/CELL_ARRAY_GEN[216].MIDDLE_CELLS.cell_inst_mid/write_en
    SLICE_X56Y42         LUT2 (Prop_lut2_I0_O)        0.149    21.072 r  TREE_GENERATE_INST/SORTER/CELL_ARRAY_GEN[216].MIDDLE_CELLS.cell_inst_mid/r_freq[13]_i_1/O
                         net (fo=14, routed)          1.951    23.023    TREE_GENERATE_INST/SORTER/CELL_ARRAY_GEN[216].MIDDLE_CELLS.cell_inst_mid/r_symbol
    SLICE_X82Y67         FDRE                                         r  TREE_GENERATE_INST/SORTER/CELL_ARRAY_GEN[216].MIDDLE_CELLS.cell_inst_mid/r_freq_reg[8]/CE
  -------------------------------------------------------------------    -------------------

                         (clock clk_out1_clk_wiz_0_1 rise edge)
                                                     25.000    25.000 r  
    H16                                               0.000    25.000 r  clk (IN)
                         net (fo=0)                   0.000    25.000    CLOCK_WIZ_INST/inst/clk_in1
    H16                  IBUF (Prop_ibuf_I_O)         1.380    26.380 r  CLOCK_WIZ_INST/inst/clkin1_ibufg/O
                         net (fo=1, routed)           1.162    27.542    CLOCK_WIZ_INST/inst/clk_in1_clk_wiz_0
    MMCME2_ADV_X1Y2      MMCME2_ADV (Prop_mmcme2_adv_CLKIN1_CLKOUT0)
                                                     -7.814    19.728 r  CLOCK_WIZ_INST/inst/mmcm_adv_inst/CLKOUT0
                         net (fo=1, routed)           2.012    21.740    CLOCK_WIZ_INST/inst/clk_out1_clk_wiz_0
    BUFGCTRL_X0Y16       BUFG (Prop_bufg_I_O)         0.091    21.831 r  CLOCK_WIZ_INST/inst/clkout1_buf/O
                         net (fo=14289, routed)       1.538    23.369    TREE_GENERATE_INST/SORTER/CELL_ARRAY_GEN[216].MIDDLE_CELLS.cell_inst_mid/clk
    SLICE_X82Y67         FDRE                                         r  TREE_GENERATE_INST/SORTER/CELL_ARRAY_GEN[216].MIDDLE_CELLS.cell_inst_mid/r_freq_reg[8]/C
                         clock pessimism              0.466    23.835    
                         clock uncertainty           -0.082    23.754    
    SLICE_X82Y67         FDRE (Setup_fdre_C_CE)      -0.377    23.377    TREE_GENERATE_INST/SORTER/CELL_ARRAY_GEN[216].MIDDLE_CELLS.cell_inst_mid/r_freq_reg[8]
  -------------------------------------------------------------------
                         required time                         23.377    
                         arrival time                         -23.023    
  -------------------------------------------------------------------
                         slack                                  0.354    

Slack (MET) :             0.354ns  (required time - arrival time)
  Source:                 TREE_GENERATE_INST/SORTER/CELL_ARRAY_GEN[254].MIDDLE_CELLS.cell_inst_mid_i_339_psbram_2/C
                            (rising edge-triggered cell FDRE clocked by clk_out1_clk_wiz_0_1  {rise@0.000ns fall@12.500ns period=25.000ns})
  Destination:            TREE_GENERATE_INST/SORTER/CELL_ARRAY_GEN[216].MIDDLE_CELLS.cell_inst_mid/r_freq_reg[9]/CE
                            (rising edge-triggered cell FDRE clocked by clk_out1_clk_wiz_0_1  {rise@0.000ns fall@12.500ns period=25.000ns})
  Path Group:             clk_out1_clk_wiz_0_1
  Path Type:              Setup (Max at Slow Process Corner)
  Requirement:            25.000ns  (clk_out1_clk_wiz_0_1 rise@25.000ns - clk_out1_clk_wiz_0_1 rise@0.000ns)
  Data Path Delay:        24.099ns  (logic 4.565ns (18.943%)  route 19.534ns (81.057%))
  Logic Levels:           19  (CARRY4=4 LUT2=1 LUT3=3 LUT4=1 LUT5=2 LUT6=7 MUXF7=1)
  Clock Path Skew:        -0.089ns (DCD - SCD + CPR)
    Destination Clock Delay (DCD):    -1.631ns = ( 23.369 - 25.000 ) 
    Source Clock Delay      (SCD):    -1.075ns
    Clock Pessimism Removal (CPR):    0.466ns
  Clock Uncertainty:      0.082ns  ((TSJ^2 + DJ^2)^1/2) / 2 + PE
    Total System Jitter     (TSJ):    0.071ns
    Discrete Jitter          (DJ):    0.147ns
    Phase Error              (PE):    0.000ns

    Location             Delay type                Incr(ns)  Path(ns)    Netlist Resource(s)
  -------------------------------------------------------------------    -------------------
                         (clock clk_out1_clk_wiz_0_1 rise edge)
                                                      0.000     0.000 r  
    H16                                               0.000     0.000 r  clk (IN)
                         net (fo=0)                   0.000     0.000    CLOCK_WIZ_INST/inst/clk_in1
    H16                  IBUF (Prop_ibuf_I_O)         1.451     1.451 r  CLOCK_WIZ_INST/inst/clkin1_ibufg/O
                         net (fo=1, routed)           1.285     2.736    CLOCK_WIZ_INST/inst/clk_in1_clk_wiz_0
    MMCME2_ADV_X1Y2      MMCME2_ADV (Prop_mmcme2_adv_CLKIN1_CLKOUT0)
                                                     -7.759    -5.023 r  CLOCK_WIZ_INST/inst/mmcm_adv_inst/CLKOUT0
                         net (fo=1, routed)           2.206    -2.817    CLOCK_WIZ_INST/inst/clk_out1_clk_wiz_0
    BUFGCTRL_X0Y16       BUFG (Prop_bufg_I_O)         0.101    -2.716 r  CLOCK_WIZ_INST/inst/clkout1_buf/O
                         net (fo=14289, routed)       1.641    -1.075    TREE_GENERATE_INST/SORTER/clk
    SLICE_X48Y67         FDRE                                         r  TREE_GENERATE_INST/SORTER/CELL_ARRAY_GEN[254].MIDDLE_CELLS.cell_inst_mid_i_339_psbram_2/C
  -------------------------------------------------------------------    -------------------
    SLICE_X48Y67         FDRE (Prop_fdre_C_Q)         0.456    -0.619 r  TREE_GENERATE_INST/SORTER/CELL_ARRAY_GEN[254].MIDDLE_CELLS.cell_inst_mid_i_339_psbram_2/Q
                         net (fo=255, routed)         1.759     1.140    TREE_GENERATE_INST/SORTER/input_symbol[0]
    SLICE_X53Y81         LUT6 (Prop_lut6_I1_O)        0.124     1.264 f  TREE_GENERATE_INST/SORTER/CELL_ARRAY_GEN[255].LAST_CELL.cell_inst_last_i_1856/O
                         net (fo=1, routed)           0.642     1.906    TREE_GENERATE_INST/SORTER/CELL_ARRAY_GEN[255].LAST_CELL.cell_inst_last_i_1856_n_0
    SLICE_X54Y80         LUT6 (Prop_lut6_I5_O)        0.124     2.030 f  TREE_GENERATE_INST/SORTER/CELL_ARRAY_GEN[255].LAST_CELL.cell_inst_last_i_1081/O
                         net (fo=3, routed)           1.266     3.296    TREE_GENERATE_INST/SORTER/match_idx_var180_out
    SLICE_X41Y81         LUT3 (Prop_lut3_I0_O)        0.124     3.420 f  TREE_GENERATE_INST/SORTER/CELL_ARRAY_GEN[255].LAST_CELL.cell_inst_last_i_417/O
                         net (fo=6, routed)           0.989     4.409    TREE_GENERATE_INST/SORTER/CELL_ARRAY_GEN[255].LAST_CELL.cell_inst_last_i_417_n_0
    SLICE_X40Y84         LUT5 (Prop_lut5_I2_O)        0.124     4.533 f  TREE_GENERATE_INST/SORTER/CELL_ARRAY_GEN[255].LAST_CELL.cell_inst_last_i_169/O
                         net (fo=8, routed)           0.802     5.335    TREE_GENERATE_INST/SORTER/CELL_ARRAY_GEN[255].LAST_CELL.cell_inst_last_i_169_n_0
    SLICE_X38Y82         LUT3 (Prop_lut3_I1_O)        0.124     5.459 f  TREE_GENERATE_INST/SORTER/CELL_ARRAY_GEN[255].LAST_CELL.cell_inst_last_i_148/O
                         net (fo=10, routed)          1.099     6.558    TREE_GENERATE_INST/SORTER/CELL_ARRAY_GEN[255].LAST_CELL.cell_inst_last_i_148_n_0
    SLICE_X58Y82         LUT6 (Prop_lut6_I5_O)        0.124     6.682 r  TREE_GENERATE_INST/SORTER/CELL_ARRAY_GEN[254].MIDDLE_CELLS.cell_inst_mid_i_42/O
                         net (fo=16, routed)          1.879     8.561    TREE_GENERATE_INST/SORTER/CELL_ARRAY_GEN[254].MIDDLE_CELLS.cell_inst_mid_i_42_n_0
    SLICE_X64Y56         LUT6 (Prop_lut6_I1_O)        0.124     8.685 r  TREE_GENERATE_INST/SORTER/CELL_ARRAY_GEN[255].LAST_CELL.cell_inst_last_i_1357/O
                         net (fo=118, routed)         2.078    10.763    TREE_GENERATE_INST/SORTER/CELL_ARRAY_GEN[255].LAST_CELL.cell_inst_last_i_1357_n_0
    SLICE_X104Y43        LUT6 (Prop_lut6_I2_O)        0.124    10.887 r  TREE_GENERATE_INST/SORTER/CELL_ARRAY_GEN[255].LAST_CELL.cell_inst_last_i_1392/O
                         net (fo=1, routed)           0.820    11.707    TREE_GENERATE_INST/SORTER/CELL_ARRAY_GEN[255].LAST_CELL.cell_inst_last_i_1392_n_0
    SLICE_X104Y42        LUT6 (Prop_lut6_I1_O)        0.124    11.831 r  TREE_GENERATE_INST/SORTER/CELL_ARRAY_GEN[255].LAST_CELL.cell_inst_last_i_799/O
                         net (fo=1, routed)           0.000    11.831    TREE_GENERATE_INST/SORTER/CELL_ARRAY_GEN[255].LAST_CELL.cell_inst_last_i_799_n_0
    SLICE_X104Y42        MUXF7 (Prop_muxf7_I0_O)      0.209    12.040 r  TREE_GENERATE_INST/SORTER/CELL_ARRAY_GEN[255].LAST_CELL.cell_inst_last_i_296/O
                         net (fo=1, routed)           0.759    12.799    TREE_GENERATE_INST/SORTER/CELL_ARRAY_GEN[255].LAST_CELL.cell_inst_last_i_296_n_0
    SLICE_X96Y42         LUT3 (Prop_lut3_I1_O)        0.297    13.096 r  TREE_GENERATE_INST/SORTER/CELL_ARRAY_GEN[255].LAST_CELL.cell_inst_last_i_122/O
                         net (fo=1, routed)           1.069    14.165    TREE_GENERATE_INST/SORTER/CELL_ARRAY_GEN[255].LAST_CELL.cell_inst_last_i_122_n_0
    SLICE_X89Y43         LUT6 (Prop_lut6_I3_O)        0.124    14.289 r  TREE_GENERATE_INST/SORTER/CELL_ARRAY_GEN[255].LAST_CELL.cell_inst_last_i_55/O
                         net (fo=515, routed)         0.860    15.149    TREE_GENERATE_INST/SORTER/freqs[0][0]
    SLICE_X80Y46         CARRY4 (Prop_carry4_CYINIT_CO[3])
                                                      0.580    15.729 r  TREE_GENERATE_INST/SORTER/CELL_ARRAY_GEN[255].LAST_CELL.cell_inst_last_i_54/CO[3]
                         net (fo=1, routed)           0.000    15.729    TREE_GENERATE_INST/SORTER/CELL_ARRAY_GEN[255].LAST_CELL.cell_inst_last_i_54_n_0
    SLICE_X80Y47         CARRY4 (Prop_carry4_CI_CO[3])
                                                      0.114    15.843 r  TREE_GENERATE_INST/SORTER/CELL_ARRAY_GEN[255].LAST_CELL.cell_inst_last_i_53/CO[3]
                         net (fo=1, routed)           0.000    15.843    TREE_GENERATE_INST/SORTER/CELL_ARRAY_GEN[255].LAST_CELL.cell_inst_last_i_53_n_0
    SLICE_X80Y48         CARRY4 (Prop_carry4_CI_O[1])
                                                      0.334    16.177 r  TREE_GENERATE_INST/SORTER/CELL_ARRAY_GEN[255].LAST_CELL.cell_inst_last_i_52/O[1]
                         net (fo=513, routed)         1.816    17.993    TREE_GENERATE_INST/SORTER/plusOp[10]
    SLICE_X53Y47         LUT4 (Prop_lut4_I3_O)        0.303    18.296 r  TREE_GENERATE_INST/SORTER/CELL_ARRAY_GEN[217].MIDDLE_CELLS.cell_inst_mid_i_10/O
                         net (fo=1, routed)           0.000    18.296    TREE_GENERATE_INST/SORTER/CELL_ARRAY_GEN[217].MIDDLE_CELLS.cell_inst_mid_i_10_n_0
    SLICE_X53Y47         CARRY4 (Prop_carry4_S[1]_CO[2])
                                                      0.570    18.866 f  TREE_GENERATE_INST/SORTER/CELL_ARRAY_GEN[217].MIDDLE_CELLS.cell_inst_mid_i_3/CO[2]
                         net (fo=3, routed)           0.663    19.529    TREE_GENERATE_INST/SORTER/CELL_ARRAY_GEN[217].MIDDLE_CELLS.cell_inst_mid_i_3_n_1
    SLICE_X51Y41         LUT5 (Prop_lut5_I2_O)        0.313    19.842 r  TREE_GENERATE_INST/SORTER/CELL_ARRAY_GEN[216].MIDDLE_CELLS.cell_inst_mid_i_1/O
                         net (fo=24, routed)          1.081    20.923    TREE_GENERATE_INST/SORTER/CELL_ARRAY_GEN[216].MIDDLE_CELLS.cell_inst_mid/write_en
    SLICE_X56Y42         LUT2 (Prop_lut2_I0_O)        0.149    21.072 r  TREE_GENERATE_INST/SORTER/CELL_ARRAY_GEN[216].MIDDLE_CELLS.cell_inst_mid/r_freq[13]_i_1/O
                         net (fo=14, routed)          1.951    23.023    TREE_GENERATE_INST/SORTER/CELL_ARRAY_GEN[216].MIDDLE_CELLS.cell_inst_mid/r_symbol
    SLICE_X82Y67         FDRE                                         r  TREE_GENERATE_INST/SORTER/CELL_ARRAY_GEN[216].MIDDLE_CELLS.cell_inst_mid/r_freq_reg[9]/CE
  -------------------------------------------------------------------    -------------------

                         (clock clk_out1_clk_wiz_0_1 rise edge)
                                                     25.000    25.000 r  
    H16                                               0.000    25.000 r  clk (IN)
                         net (fo=0)                   0.000    25.000    CLOCK_WIZ_INST/inst/clk_in1
    H16                  IBUF (Prop_ibuf_I_O)         1.380    26.380 r  CLOCK_WIZ_INST/inst/clkin1_ibufg/O
                         net (fo=1, routed)           1.162    27.542    CLOCK_WIZ_INST/inst/clk_in1_clk_wiz_0
    MMCME2_ADV_X1Y2      MMCME2_ADV (Prop_mmcme2_adv_CLKIN1_CLKOUT0)
                                                     -7.814    19.728 r  CLOCK_WIZ_INST/inst/mmcm_adv_inst/CLKOUT0
                         net (fo=1, routed)           2.012    21.740    CLOCK_WIZ_INST/inst/clk_out1_clk_wiz_0
    BUFGCTRL_X0Y16       BUFG (Prop_bufg_I_O)         0.091    21.831 r  CLOCK_WIZ_INST/inst/clkout1_buf/O
                         net (fo=14289, routed)       1.538    23.369    TREE_GENERATE_INST/SORTER/CELL_ARRAY_GEN[216].MIDDLE_CELLS.cell_inst_mid/clk
    SLICE_X82Y67         FDRE                                         r  TREE_GENERATE_INST/SORTER/CELL_ARRAY_GEN[216].MIDDLE_CELLS.cell_inst_mid/r_freq_reg[9]/C
                         clock pessimism              0.466    23.835    
                         clock uncertainty           -0.082    23.754    
    SLICE_X82Y67         FDRE (Setup_fdre_C_CE)      -0.377    23.377    TREE_GENERATE_INST/SORTER/CELL_ARRAY_GEN[216].MIDDLE_CELLS.cell_inst_mid/r_freq_reg[9]
  -------------------------------------------------------------------
                         required time                         23.377    
                         arrival time                         -23.023    
  -------------------------------------------------------------------
                         slack                                  0.354    

Slack (MET) :             0.381ns  (required time - arrival time)
  Source:                 TREE_GENERATE_INST/SORTER/CELL_ARRAY_GEN[254].MIDDLE_CELLS.cell_inst_mid_i_339_psbram_2/C
                            (rising edge-triggered cell FDRE clocked by clk_out1_clk_wiz_0_1  {rise@0.000ns fall@12.500ns period=25.000ns})
  Destination:            TREE_GENERATE_INST/SORTER/CELL_ARRAY_GEN[4].MIDDLE_CELLS.cell_inst_mid/r_freq_reg[0]/CE
                            (rising edge-triggered cell FDRE clocked by clk_out1_clk_wiz_0_1  {rise@0.000ns fall@12.500ns period=25.000ns})
  Path Group:             clk_out1_clk_wiz_0_1
  Path Type:              Setup (Max at Slow Process Corner)
  Requirement:            25.000ns  (clk_out1_clk_wiz_0_1 rise@25.000ns - clk_out1_clk_wiz_0_1 rise@0.000ns)
  Data Path Delay:        24.150ns  (logic 4.474ns (18.526%)  route 19.676ns (81.474%))
  Logic Levels:           19  (CARRY4=4 LUT2=1 LUT3=3 LUT4=1 LUT5=2 LUT6=7 MUXF7=1)
  Clock Path Skew:        -0.016ns (DCD - SCD + CPR)
    Destination Clock Delay (DCD):    -1.543ns = ( 23.457 - 25.000 ) 
    Source Clock Delay      (SCD):    -1.075ns
    Clock Pessimism Removal (CPR):    0.452ns
  Clock Uncertainty:      0.082ns  ((TSJ^2 + DJ^2)^1/2) / 2 + PE
    Total System Jitter     (TSJ):    0.071ns
    Discrete Jitter          (DJ):    0.147ns
    Phase Error              (PE):    0.000ns

    Location             Delay type                Incr(ns)  Path(ns)    Netlist Resource(s)
  -------------------------------------------------------------------    -------------------
                         (clock clk_out1_clk_wiz_0_1 rise edge)
                                                      0.000     0.000 r  
    H16                                               0.000     0.000 r  clk (IN)
                         net (fo=0)                   0.000     0.000    CLOCK_WIZ_INST/inst/clk_in1
    H16                  IBUF (Prop_ibuf_I_O)         1.451     1.451 r  CLOCK_WIZ_INST/inst/clkin1_ibufg/O
                         net (fo=1, routed)           1.285     2.736    CLOCK_WIZ_INST/inst/clk_in1_clk_wiz_0
    MMCME2_ADV_X1Y2      MMCME2_ADV (Prop_mmcme2_adv_CLKIN1_CLKOUT0)
                                                     -7.759    -5.023 r  CLOCK_WIZ_INST/inst/mmcm_adv_inst/CLKOUT0
                         net (fo=1, routed)           2.206    -2.817    CLOCK_WIZ_INST/inst/clk_out1_clk_wiz_0
    BUFGCTRL_X0Y16       BUFG (Prop_bufg_I_O)         0.101    -2.716 r  CLOCK_WIZ_INST/inst/clkout1_buf/O
                         net (fo=14289, routed)       1.641    -1.075    TREE_GENERATE_INST/SORTER/clk
    SLICE_X48Y67         FDRE                                         r  TREE_GENERATE_INST/SORTER/CELL_ARRAY_GEN[254].MIDDLE_CELLS.cell_inst_mid_i_339_psbram_2/C
  -------------------------------------------------------------------    -------------------
    SLICE_X48Y67         FDRE (Prop_fdre_C_Q)         0.456    -0.619 r  TREE_GENERATE_INST/SORTER/CELL_ARRAY_GEN[254].MIDDLE_CELLS.cell_inst_mid_i_339_psbram_2/Q
                         net (fo=255, routed)         1.759     1.140    TREE_GENERATE_INST/SORTER/input_symbol[0]
    SLICE_X53Y81         LUT6 (Prop_lut6_I1_O)        0.124     1.264 f  TREE_GENERATE_INST/SORTER/CELL_ARRAY_GEN[255].LAST_CELL.cell_inst_last_i_1856/O
                         net (fo=1, routed)           0.642     1.906    TREE_GENERATE_INST/SORTER/CELL_ARRAY_GEN[255].LAST_CELL.cell_inst_last_i_1856_n_0
    SLICE_X54Y80         LUT6 (Prop_lut6_I5_O)        0.124     2.030 f  TREE_GENERATE_INST/SORTER/CELL_ARRAY_GEN[255].LAST_CELL.cell_inst_last_i_1081/O
                         net (fo=3, routed)           1.266     3.296    TREE_GENERATE_INST/SORTER/match_idx_var180_out
    SLICE_X41Y81         LUT3 (Prop_lut3_I0_O)        0.124     3.420 f  TREE_GENERATE_INST/SORTER/CELL_ARRAY_GEN[255].LAST_CELL.cell_inst_last_i_417/O
                         net (fo=6, routed)           0.989     4.409    TREE_GENERATE_INST/SORTER/CELL_ARRAY_GEN[255].LAST_CELL.cell_inst_last_i_417_n_0
    SLICE_X40Y84         LUT5 (Prop_lut5_I2_O)        0.124     4.533 f  TREE_GENERATE_INST/SORTER/CELL_ARRAY_GEN[255].LAST_CELL.cell_inst_last_i_169/O
                         net (fo=8, routed)           0.802     5.335    TREE_GENERATE_INST/SORTER/CELL_ARRAY_GEN[255].LAST_CELL.cell_inst_last_i_169_n_0
    SLICE_X38Y82         LUT3 (Prop_lut3_I1_O)        0.124     5.459 f  TREE_GENERATE_INST/SORTER/CELL_ARRAY_GEN[255].LAST_CELL.cell_inst_last_i_148/O
                         net (fo=10, routed)          1.099     6.558    TREE_GENERATE_INST/SORTER/CELL_ARRAY_GEN[255].LAST_CELL.cell_inst_last_i_148_n_0
    SLICE_X58Y82         LUT6 (Prop_lut6_I5_O)        0.124     6.682 r  TREE_GENERATE_INST/SORTER/CELL_ARRAY_GEN[254].MIDDLE_CELLS.cell_inst_mid_i_42/O
                         net (fo=16, routed)          1.879     8.561    TREE_GENERATE_INST/SORTER/CELL_ARRAY_GEN[254].MIDDLE_CELLS.cell_inst_mid_i_42_n_0
    SLICE_X64Y56         LUT6 (Prop_lut6_I1_O)        0.124     8.685 r  TREE_GENERATE_INST/SORTER/CELL_ARRAY_GEN[255].LAST_CELL.cell_inst_last_i_1357/O
                         net (fo=118, routed)         2.078    10.763    TREE_GENERATE_INST/SORTER/CELL_ARRAY_GEN[255].LAST_CELL.cell_inst_last_i_1357_n_0
    SLICE_X104Y43        LUT6 (Prop_lut6_I2_O)        0.124    10.887 r  TREE_GENERATE_INST/SORTER/CELL_ARRAY_GEN[255].LAST_CELL.cell_inst_last_i_1392/O
                         net (fo=1, routed)           0.820    11.707    TREE_GENERATE_INST/SORTER/CELL_ARRAY_GEN[255].LAST_CELL.cell_inst_last_i_1392_n_0
    SLICE_X104Y42        LUT6 (Prop_lut6_I1_O)        0.124    11.831 r  TREE_GENERATE_INST/SORTER/CELL_ARRAY_GEN[255].LAST_CELL.cell_inst_last_i_799/O
                         net (fo=1, routed)           0.000    11.831    TREE_GENERATE_INST/SORTER/CELL_ARRAY_GEN[255].LAST_CELL.cell_inst_last_i_799_n_0
    SLICE_X104Y42        MUXF7 (Prop_muxf7_I0_O)      0.209    12.040 r  TREE_GENERATE_INST/SORTER/CELL_ARRAY_GEN[255].LAST_CELL.cell_inst_last_i_296/O
                         net (fo=1, routed)           0.759    12.799    TREE_GENERATE_INST/SORTER/CELL_ARRAY_GEN[255].LAST_CELL.cell_inst_last_i_296_n_0
    SLICE_X96Y42         LUT3 (Prop_lut3_I1_O)        0.297    13.096 r  TREE_GENERATE_INST/SORTER/CELL_ARRAY_GEN[255].LAST_CELL.cell_inst_last_i_122/O
                         net (fo=1, routed)           1.069    14.165    TREE_GENERATE_INST/SORTER/CELL_ARRAY_GEN[255].LAST_CELL.cell_inst_last_i_122_n_0
    SLICE_X89Y43         LUT6 (Prop_lut6_I3_O)        0.124    14.289 r  TREE_GENERATE_INST/SORTER/CELL_ARRAY_GEN[255].LAST_CELL.cell_inst_last_i_55/O
                         net (fo=515, routed)         0.860    15.149    TREE_GENERATE_INST/SORTER/freqs[0][0]
    SLICE_X80Y46         CARRY4 (Prop_carry4_CYINIT_CO[3])
                                                      0.580    15.729 r  TREE_GENERATE_INST/SORTER/CELL_ARRAY_GEN[255].LAST_CELL.cell_inst_last_i_54/CO[3]
                         net (fo=1, routed)           0.000    15.729    TREE_GENERATE_INST/SORTER/CELL_ARRAY_GEN[255].LAST_CELL.cell_inst_last_i_54_n_0
    SLICE_X80Y47         CARRY4 (Prop_carry4_CI_CO[3])
                                                      0.114    15.843 r  TREE_GENERATE_INST/SORTER/CELL_ARRAY_GEN[255].LAST_CELL.cell_inst_last_i_53/CO[3]
                         net (fo=1, routed)           0.000    15.843    TREE_GENERATE_INST/SORTER/CELL_ARRAY_GEN[255].LAST_CELL.cell_inst_last_i_53_n_0
    SLICE_X80Y48         CARRY4 (Prop_carry4_CI_O[2])
                                                      0.239    16.082 r  TREE_GENERATE_INST/SORTER/CELL_ARRAY_GEN[255].LAST_CELL.cell_inst_last_i_52/O[2]
                         net (fo=513, routed)         1.877    17.959    TREE_GENERATE_INST/SORTER/plusOp[11]
    SLICE_X53Y51         LUT4 (Prop_lut4_I1_O)        0.302    18.261 r  TREE_GENERATE_INST/SORTER/CELL_ARRAY_GEN[4].MIDDLE_CELLS.cell_inst_mid_i_14/O
                         net (fo=1, routed)           0.000    18.261    TREE_GENERATE_INST/SORTER/CELL_ARRAY_GEN[4].MIDDLE_CELLS.cell_inst_mid_i_14_n_0
    SLICE_X53Y51         CARRY4 (Prop_carry4_S[1]_CO[2])
                                                      0.570    18.831 r  TREE_GENERATE_INST/SORTER/CELL_ARRAY_GEN[4].MIDDLE_CELLS.cell_inst_mid_i_4/CO[2]
                         net (fo=3, routed)           0.910    19.741    TREE_GENERATE_INST/SORTER/CELL_ARRAY_GEN[4].MIDDLE_CELLS.cell_inst_mid_i_4_n_1
    SLICE_X55Y56         LUT5 (Prop_lut5_I4_O)        0.313    20.054 r  TREE_GENERATE_INST/SORTER/CELL_ARRAY_GEN[4].MIDDLE_CELLS.cell_inst_mid_i_1/O
                         net (fo=24, routed)          1.017    21.071    TREE_GENERATE_INST/SORTER/CELL_ARRAY_GEN[4].MIDDLE_CELLS.cell_inst_mid/write_en
    SLICE_X57Y58         LUT2 (Prop_lut2_I0_O)        0.154    21.225 r  TREE_GENERATE_INST/SORTER/CELL_ARRAY_GEN[4].MIDDLE_CELLS.cell_inst_mid/r_freq[13]_i_1/O
                         net (fo=14, routed)          1.850    23.074    TREE_GENERATE_INST/SORTER/CELL_ARRAY_GEN[4].MIDDLE_CELLS.cell_inst_mid/r_symbol
    SLICE_X100Y46        FDRE                                         r  TREE_GENERATE_INST/SORTER/CELL_ARRAY_GEN[4].MIDDLE_CELLS.cell_inst_mid/r_freq_reg[0]/CE
  -------------------------------------------------------------------    -------------------

                         (clock clk_out1_clk_wiz_0_1 rise edge)
                                                     25.000    25.000 r  
    H16                                               0.000    25.000 r  clk (IN)
                         net (fo=0)                   0.000    25.000    CLOCK_WIZ_INST/inst/clk_in1
    H16                  IBUF (Prop_ibuf_I_O)         1.380    26.380 r  CLOCK_WIZ_INST/inst/clkin1_ibufg/O
                         net (fo=1, routed)           1.162    27.542    CLOCK_WIZ_INST/inst/clk_in1_clk_wiz_0
    MMCME2_ADV_X1Y2      MMCME2_ADV (Prop_mmcme2_adv_CLKIN1_CLKOUT0)
                                                     -7.814    19.728 r  CLOCK_WIZ_INST/inst/mmcm_adv_inst/CLKOUT0
                         net (fo=1, routed)           2.012    21.740    CLOCK_WIZ_INST/inst/clk_out1_clk_wiz_0
    BUFGCTRL_X0Y16       BUFG (Prop_bufg_I_O)         0.091    21.831 r  CLOCK_WIZ_INST/inst/clkout1_buf/O
                         net (fo=14289, routed)       1.625    23.457    TREE_GENERATE_INST/SORTER/CELL_ARRAY_GEN[4].MIDDLE_CELLS.cell_inst_mid/clk
    SLICE_X100Y46        FDRE                                         r  TREE_GENERATE_INST/SORTER/CELL_ARRAY_GEN[4].MIDDLE_CELLS.cell_inst_mid/r_freq_reg[0]/C
                         clock pessimism              0.452    23.909    
                         clock uncertainty           -0.082    23.827    
    SLICE_X100Y46        FDRE (Setup_fdre_C_CE)      -0.372    23.455    TREE_GENERATE_INST/SORTER/CELL_ARRAY_GEN[4].MIDDLE_CELLS.cell_inst_mid/r_freq_reg[0]
  -------------------------------------------------------------------
                         required time                         23.455    
                         arrival time                         -23.074    
  -------------------------------------------------------------------
                         slack                                  0.381    

Slack (MET) :             0.381ns  (required time - arrival time)
  Source:                 TREE_GENERATE_INST/SORTER/CELL_ARRAY_GEN[254].MIDDLE_CELLS.cell_inst_mid_i_339_psbram_2/C
                            (rising edge-triggered cell FDRE clocked by clk_out1_clk_wiz_0_1  {rise@0.000ns fall@12.500ns period=25.000ns})
  Destination:            TREE_GENERATE_INST/SORTER/CELL_ARRAY_GEN[4].MIDDLE_CELLS.cell_inst_mid/r_freq_reg[1]/CE
                            (rising edge-triggered cell FDRE clocked by clk_out1_clk_wiz_0_1  {rise@0.000ns fall@12.500ns period=25.000ns})
  Path Group:             clk_out1_clk_wiz_0_1
  Path Type:              Setup (Max at Slow Process Corner)
  Requirement:            25.000ns  (clk_out1_clk_wiz_0_1 rise@25.000ns - clk_out1_clk_wiz_0_1 rise@0.000ns)
  Data Path Delay:        24.150ns  (logic 4.474ns (18.526%)  route 19.676ns (81.474%))
  Logic Levels:           19  (CARRY4=4 LUT2=1 LUT3=3 LUT4=1 LUT5=2 LUT6=7 MUXF7=1)
  Clock Path Skew:        -0.016ns (DCD - SCD + CPR)
    Destination Clock Delay (DCD):    -1.543ns = ( 23.457 - 25.000 ) 
    Source Clock Delay      (SCD):    -1.075ns
    Clock Pessimism Removal (CPR):    0.452ns
  Clock Uncertainty:      0.082ns  ((TSJ^2 + DJ^2)^1/2) / 2 + PE
    Total System Jitter     (TSJ):    0.071ns
    Discrete Jitter          (DJ):    0.147ns
    Phase Error              (PE):    0.000ns

    Location             Delay type                Incr(ns)  Path(ns)    Netlist Resource(s)
  -------------------------------------------------------------------    -------------------
                         (clock clk_out1_clk_wiz_0_1 rise edge)
                                                      0.000     0.000 r  
    H16                                               0.000     0.000 r  clk (IN)
                         net (fo=0)                   0.000     0.000    CLOCK_WIZ_INST/inst/clk_in1
    H16                  IBUF (Prop_ibuf_I_O)         1.451     1.451 r  CLOCK_WIZ_INST/inst/clkin1_ibufg/O
                         net (fo=1, routed)           1.285     2.736    CLOCK_WIZ_INST/inst/clk_in1_clk_wiz_0
    MMCME2_ADV_X1Y2      MMCME2_ADV (Prop_mmcme2_adv_CLKIN1_CLKOUT0)
                                                     -7.759    -5.023 r  CLOCK_WIZ_INST/inst/mmcm_adv_inst/CLKOUT0
                         net (fo=1, routed)           2.206    -2.817    CLOCK_WIZ_INST/inst/clk_out1_clk_wiz_0
    BUFGCTRL_X0Y16       BUFG (Prop_bufg_I_O)         0.101    -2.716 r  CLOCK_WIZ_INST/inst/clkout1_buf/O
                         net (fo=14289, routed)       1.641    -1.075    TREE_GENERATE_INST/SORTER/clk
    SLICE_X48Y67         FDRE                                         r  TREE_GENERATE_INST/SORTER/CELL_ARRAY_GEN[254].MIDDLE_CELLS.cell_inst_mid_i_339_psbram_2/C
  -------------------------------------------------------------------    -------------------
    SLICE_X48Y67         FDRE (Prop_fdre_C_Q)         0.456    -0.619 r  TREE_GENERATE_INST/SORTER/CELL_ARRAY_GEN[254].MIDDLE_CELLS.cell_inst_mid_i_339_psbram_2/Q
                         net (fo=255, routed)         1.759     1.140    TREE_GENERATE_INST/SORTER/input_symbol[0]
    SLICE_X53Y81         LUT6 (Prop_lut6_I1_O)        0.124     1.264 f  TREE_GENERATE_INST/SORTER/CELL_ARRAY_GEN[255].LAST_CELL.cell_inst_last_i_1856/O
                         net (fo=1, routed)           0.642     1.906    TREE_GENERATE_INST/SORTER/CELL_ARRAY_GEN[255].LAST_CELL.cell_inst_last_i_1856_n_0
    SLICE_X54Y80         LUT6 (Prop_lut6_I5_O)        0.124     2.030 f  TREE_GENERATE_INST/SORTER/CELL_ARRAY_GEN[255].LAST_CELL.cell_inst_last_i_1081/O
                         net (fo=3, routed)           1.266     3.296    TREE_GENERATE_INST/SORTER/match_idx_var180_out
    SLICE_X41Y81         LUT3 (Prop_lut3_I0_O)        0.124     3.420 f  TREE_GENERATE_INST/SORTER/CELL_ARRAY_GEN[255].LAST_CELL.cell_inst_last_i_417/O
                         net (fo=6, routed)           0.989     4.409    TREE_GENERATE_INST/SORTER/CELL_ARRAY_GEN[255].LAST_CELL.cell_inst_last_i_417_n_0
    SLICE_X40Y84         LUT5 (Prop_lut5_I2_O)        0.124     4.533 f  TREE_GENERATE_INST/SORTER/CELL_ARRAY_GEN[255].LAST_CELL.cell_inst_last_i_169/O
                         net (fo=8, routed)           0.802     5.335    TREE_GENERATE_INST/SORTER/CELL_ARRAY_GEN[255].LAST_CELL.cell_inst_last_i_169_n_0
    SLICE_X38Y82         LUT3 (Prop_lut3_I1_O)        0.124     5.459 f  TREE_GENERATE_INST/SORTER/CELL_ARRAY_GEN[255].LAST_CELL.cell_inst_last_i_148/O
                         net (fo=10, routed)          1.099     6.558    TREE_GENERATE_INST/SORTER/CELL_ARRAY_GEN[255].LAST_CELL.cell_inst_last_i_148_n_0
    SLICE_X58Y82         LUT6 (Prop_lut6_I5_O)        0.124     6.682 r  TREE_GENERATE_INST/SORTER/CELL_ARRAY_GEN[254].MIDDLE_CELLS.cell_inst_mid_i_42/O
                         net (fo=16, routed)          1.879     8.561    TREE_GENERATE_INST/SORTER/CELL_ARRAY_GEN[254].MIDDLE_CELLS.cell_inst_mid_i_42_n_0
    SLICE_X64Y56         LUT6 (Prop_lut6_I1_O)        0.124     8.685 r  TREE_GENERATE_INST/SORTER/CELL_ARRAY_GEN[255].LAST_CELL.cell_inst_last_i_1357/O
                         net (fo=118, routed)         2.078    10.763    TREE_GENERATE_INST/SORTER/CELL_ARRAY_GEN[255].LAST_CELL.cell_inst_last_i_1357_n_0
    SLICE_X104Y43        LUT6 (Prop_lut6_I2_O)        0.124    10.887 r  TREE_GENERATE_INST/SORTER/CELL_ARRAY_GEN[255].LAST_CELL.cell_inst_last_i_1392/O
                         net (fo=1, routed)           0.820    11.707    TREE_GENERATE_INST/SORTER/CELL_ARRAY_GEN[255].LAST_CELL.cell_inst_last_i_1392_n_0
    SLICE_X104Y42        LUT6 (Prop_lut6_I1_O)        0.124    11.831 r  TREE_GENERATE_INST/SORTER/CELL_ARRAY_GEN[255].LAST_CELL.cell_inst_last_i_799/O
                         net (fo=1, routed)           0.000    11.831    TREE_GENERATE_INST/SORTER/CELL_ARRAY_GEN[255].LAST_CELL.cell_inst_last_i_799_n_0
    SLICE_X104Y42        MUXF7 (Prop_muxf7_I0_O)      0.209    12.040 r  TREE_GENERATE_INST/SORTER/CELL_ARRAY_GEN[255].LAST_CELL.cell_inst_last_i_296/O
                         net (fo=1, routed)           0.759    12.799    TREE_GENERATE_INST/SORTER/CELL_ARRAY_GEN[255].LAST_CELL.cell_inst_last_i_296_n_0
    SLICE_X96Y42         LUT3 (Prop_lut3_I1_O)        0.297    13.096 r  TREE_GENERATE_INST/SORTER/CELL_ARRAY_GEN[255].LAST_CELL.cell_inst_last_i_122/O
                         net (fo=1, routed)           1.069    14.165    TREE_GENERATE_INST/SORTER/CELL_ARRAY_GEN[255].LAST_CELL.cell_inst_last_i_122_n_0
    SLICE_X89Y43         LUT6 (Prop_lut6_I3_O)        0.124    14.289 r  TREE_GENERATE_INST/SORTER/CELL_ARRAY_GEN[255].LAST_CELL.cell_inst_last_i_55/O
                         net (fo=515, routed)         0.860    15.149    TREE_GENERATE_INST/SORTER/freqs[0][0]
    SLICE_X80Y46         CARRY4 (Prop_carry4_CYINIT_CO[3])
                                                      0.580    15.729 r  TREE_GENERATE_INST/SORTER/CELL_ARRAY_GEN[255].LAST_CELL.cell_inst_last_i_54/CO[3]
                         net (fo=1, routed)           0.000    15.729    TREE_GENERATE_INST/SORTER/CELL_ARRAY_GEN[255].LAST_CELL.cell_inst_last_i_54_n_0
    SLICE_X80Y47         CARRY4 (Prop_carry4_CI_CO[3])
                                                      0.114    15.843 r  TREE_GENERATE_INST/SORTER/CELL_ARRAY_GEN[255].LAST_CELL.cell_inst_last_i_53/CO[3]
                         net (fo=1, routed)           0.000    15.843    TREE_GENERATE_INST/SORTER/CELL_ARRAY_GEN[255].LAST_CELL.cell_inst_last_i_53_n_0
    SLICE_X80Y48         CARRY4 (Prop_carry4_CI_O[2])
                                                      0.239    16.082 r  TREE_GENERATE_INST/SORTER/CELL_ARRAY_GEN[255].LAST_CELL.cell_inst_last_i_52/O[2]
                         net (fo=513, routed)         1.877    17.959    TREE_GENERATE_INST/SORTER/plusOp[11]
    SLICE_X53Y51         LUT4 (Prop_lut4_I1_O)        0.302    18.261 r  TREE_GENERATE_INST/SORTER/CELL_ARRAY_GEN[4].MIDDLE_CELLS.cell_inst_mid_i_14/O
                         net (fo=1, routed)           0.000    18.261    TREE_GENERATE_INST/SORTER/CELL_ARRAY_GEN[4].MIDDLE_CELLS.cell_inst_mid_i_14_n_0
    SLICE_X53Y51         CARRY4 (Prop_carry4_S[1]_CO[2])
                                                      0.570    18.831 r  TREE_GENERATE_INST/SORTER/CELL_ARRAY_GEN[4].MIDDLE_CELLS.cell_inst_mid_i_4/CO[2]
                         net (fo=3, routed)           0.910    19.741    TREE_GENERATE_INST/SORTER/CELL_ARRAY_GEN[4].MIDDLE_CELLS.cell_inst_mid_i_4_n_1
    SLICE_X55Y56         LUT5 (Prop_lut5_I4_O)        0.313    20.054 r  TREE_GENERATE_INST/SORTER/CELL_ARRAY_GEN[4].MIDDLE_CELLS.cell_inst_mid_i_1/O
                         net (fo=24, routed)          1.017    21.071    TREE_GENERATE_INST/SORTER/CELL_ARRAY_GEN[4].MIDDLE_CELLS.cell_inst_mid/write_en
    SLICE_X57Y58         LUT2 (Prop_lut2_I0_O)        0.154    21.225 r  TREE_GENERATE_INST/SORTER/CELL_ARRAY_GEN[4].MIDDLE_CELLS.cell_inst_mid/r_freq[13]_i_1/O
                         net (fo=14, routed)          1.850    23.074    TREE_GENERATE_INST/SORTER/CELL_ARRAY_GEN[4].MIDDLE_CELLS.cell_inst_mid/r_symbol
    SLICE_X100Y46        FDRE                                         r  TREE_GENERATE_INST/SORTER/CELL_ARRAY_GEN[4].MIDDLE_CELLS.cell_inst_mid/r_freq_reg[1]/CE
  -------------------------------------------------------------------    -------------------

                         (clock clk_out1_clk_wiz_0_1 rise edge)
                                                     25.000    25.000 r  
    H16                                               0.000    25.000 r  clk (IN)
                         net (fo=0)                   0.000    25.000    CLOCK_WIZ_INST/inst/clk_in1
    H16                  IBUF (Prop_ibuf_I_O)         1.380    26.380 r  CLOCK_WIZ_INST/inst/clkin1_ibufg/O
                         net (fo=1, routed)           1.162    27.542    CLOCK_WIZ_INST/inst/clk_in1_clk_wiz_0
    MMCME2_ADV_X1Y2      MMCME2_ADV (Prop_mmcme2_adv_CLKIN1_CLKOUT0)
                                                     -7.814    19.728 r  CLOCK_WIZ_INST/inst/mmcm_adv_inst/CLKOUT0
                         net (fo=1, routed)           2.012    21.740    CLOCK_WIZ_INST/inst/clk_out1_clk_wiz_0
    BUFGCTRL_X0Y16       BUFG (Prop_bufg_I_O)         0.091    21.831 r  CLOCK_WIZ_INST/inst/clkout1_buf/O
                         net (fo=14289, routed)       1.625    23.457    TREE_GENERATE_INST/SORTER/CELL_ARRAY_GEN[4].MIDDLE_CELLS.cell_inst_mid/clk
    SLICE_X100Y46        FDRE                                         r  TREE_GENERATE_INST/SORTER/CELL_ARRAY_GEN[4].MIDDLE_CELLS.cell_inst_mid/r_freq_reg[1]/C
                         clock pessimism              0.452    23.909    
                         clock uncertainty           -0.082    23.827    
    SLICE_X100Y46        FDRE (Setup_fdre_C_CE)      -0.372    23.455    TREE_GENERATE_INST/SORTER/CELL_ARRAY_GEN[4].MIDDLE_CELLS.cell_inst_mid/r_freq_reg[1]
  -------------------------------------------------------------------
                         required time                         23.455    
                         arrival time                         -23.074    
  -------------------------------------------------------------------
                         slack                                  0.381    

Slack (MET) :             0.432ns  (required time - arrival time)
  Source:                 TREE_GENERATE_INST/SORTER/CELL_ARRAY_GEN[254].MIDDLE_CELLS.cell_inst_mid_i_339_psbram_2/C
                            (rising edge-triggered cell FDRE clocked by clk_out1_clk_wiz_0_1  {rise@0.000ns fall@12.500ns period=25.000ns})
  Destination:            TREE_GENERATE_INST/SORTER/CELL_ARRAY_GEN[218].MIDDLE_CELLS.cell_inst_mid/r_freq_reg[10]/CE
                            (rising edge-triggered cell FDRE clocked by clk_out1_clk_wiz_0_1  {rise@0.000ns fall@12.500ns period=25.000ns})
  Path Group:             clk_out1_clk_wiz_0_1
  Path Type:              Setup (Max at Slow Process Corner)
  Requirement:            25.000ns  (clk_out1_clk_wiz_0_1 rise@25.000ns - clk_out1_clk_wiz_0_1 rise@0.000ns)
  Data Path Delay:        24.090ns  (logic 4.566ns (18.954%)  route 19.524ns (81.046%))
  Logic Levels:           19  (CARRY4=4 LUT2=1 LUT3=3 LUT4=1 LUT5=2 LUT6=7 MUXF7=1)
  Clock Path Skew:        -0.019ns (DCD - SCD + CPR)
    Destination Clock Delay (DCD):    -1.546ns = ( 23.454 - 25.000 ) 
    Source Clock Delay      (SCD):    -1.075ns
    Clock Pessimism Removal (CPR):    0.452ns
  Clock Uncertainty:      0.082ns  ((TSJ^2 + DJ^2)^1/2) / 2 + PE
    Total System Jitter     (TSJ):    0.071ns
    Discrete Jitter          (DJ):    0.147ns
    Phase Error              (PE):    0.000ns

    Location             Delay type                Incr(ns)  Path(ns)    Netlist Resource(s)
  -------------------------------------------------------------------    -------------------
                         (clock clk_out1_clk_wiz_0_1 rise edge)
                                                      0.000     0.000 r  
    H16                                               0.000     0.000 r  clk (IN)
                         net (fo=0)                   0.000     0.000    CLOCK_WIZ_INST/inst/clk_in1
    H16                  IBUF (Prop_ibuf_I_O)         1.451     1.451 r  CLOCK_WIZ_INST/inst/clkin1_ibufg/O
                         net (fo=1, routed)           1.285     2.736    CLOCK_WIZ_INST/inst/clk_in1_clk_wiz_0
    MMCME2_ADV_X1Y2      MMCME2_ADV (Prop_mmcme2_adv_CLKIN1_CLKOUT0)
                                                     -7.759    -5.023 r  CLOCK_WIZ_INST/inst/mmcm_adv_inst/CLKOUT0
                         net (fo=1, routed)           2.206    -2.817    CLOCK_WIZ_INST/inst/clk_out1_clk_wiz_0
    BUFGCTRL_X0Y16       BUFG (Prop_bufg_I_O)         0.101    -2.716 r  CLOCK_WIZ_INST/inst/clkout1_buf/O
                         net (fo=14289, routed)       1.641    -1.075    TREE_GENERATE_INST/SORTER/clk
    SLICE_X48Y67         FDRE                                         r  TREE_GENERATE_INST/SORTER/CELL_ARRAY_GEN[254].MIDDLE_CELLS.cell_inst_mid_i_339_psbram_2/C
  -------------------------------------------------------------------    -------------------
    SLICE_X48Y67         FDRE (Prop_fdre_C_Q)         0.456    -0.619 r  TREE_GENERATE_INST/SORTER/CELL_ARRAY_GEN[254].MIDDLE_CELLS.cell_inst_mid_i_339_psbram_2/Q
                         net (fo=255, routed)         1.759     1.140    TREE_GENERATE_INST/SORTER/input_symbol[0]
    SLICE_X53Y81         LUT6 (Prop_lut6_I1_O)        0.124     1.264 f  TREE_GENERATE_INST/SORTER/CELL_ARRAY_GEN[255].LAST_CELL.cell_inst_last_i_1856/O
                         net (fo=1, routed)           0.642     1.906    TREE_GENERATE_INST/SORTER/CELL_ARRAY_GEN[255].LAST_CELL.cell_inst_last_i_1856_n_0
    SLICE_X54Y80         LUT6 (Prop_lut6_I5_O)        0.124     2.030 f  TREE_GENERATE_INST/SORTER/CELL_ARRAY_GEN[255].LAST_CELL.cell_inst_last_i_1081/O
                         net (fo=3, routed)           1.266     3.296    TREE_GENERATE_INST/SORTER/match_idx_var180_out
    SLICE_X41Y81         LUT3 (Prop_lut3_I0_O)        0.124     3.420 f  TREE_GENERATE_INST/SORTER/CELL_ARRAY_GEN[255].LAST_CELL.cell_inst_last_i_417/O
                         net (fo=6, routed)           0.989     4.409    TREE_GENERATE_INST/SORTER/CELL_ARRAY_GEN[255].LAST_CELL.cell_inst_last_i_417_n_0
    SLICE_X40Y84         LUT5 (Prop_lut5_I2_O)        0.124     4.533 f  TREE_GENERATE_INST/SORTER/CELL_ARRAY_GEN[255].LAST_CELL.cell_inst_last_i_169/O
                         net (fo=8, routed)           0.802     5.335    TREE_GENERATE_INST/SORTER/CELL_ARRAY_GEN[255].LAST_CELL.cell_inst_last_i_169_n_0
    SLICE_X38Y82         LUT3 (Prop_lut3_I1_O)        0.124     5.459 f  TREE_GENERATE_INST/SORTER/CELL_ARRAY_GEN[255].LAST_CELL.cell_inst_last_i_148/O
                         net (fo=10, routed)          1.099     6.558    TREE_GENERATE_INST/SORTER/CELL_ARRAY_GEN[255].LAST_CELL.cell_inst_last_i_148_n_0
    SLICE_X58Y82         LUT6 (Prop_lut6_I5_O)        0.124     6.682 r  TREE_GENERATE_INST/SORTER/CELL_ARRAY_GEN[254].MIDDLE_CELLS.cell_inst_mid_i_42/O
                         net (fo=16, routed)          1.879     8.561    TREE_GENERATE_INST/SORTER/CELL_ARRAY_GEN[254].MIDDLE_CELLS.cell_inst_mid_i_42_n_0
    SLICE_X64Y56         LUT6 (Prop_lut6_I1_O)        0.124     8.685 r  TREE_GENERATE_INST/SORTER/CELL_ARRAY_GEN[255].LAST_CELL.cell_inst_last_i_1357/O
                         net (fo=118, routed)         2.078    10.763    TREE_GENERATE_INST/SORTER/CELL_ARRAY_GEN[255].LAST_CELL.cell_inst_last_i_1357_n_0
    SLICE_X104Y43        LUT6 (Prop_lut6_I2_O)        0.124    10.887 r  TREE_GENERATE_INST/SORTER/CELL_ARRAY_GEN[255].LAST_CELL.cell_inst_last_i_1392/O
                         net (fo=1, routed)           0.820    11.707    TREE_GENERATE_INST/SORTER/CELL_ARRAY_GEN[255].LAST_CELL.cell_inst_last_i_1392_n_0
    SLICE_X104Y42        LUT6 (Prop_lut6_I1_O)        0.124    11.831 r  TREE_GENERATE_INST/SORTER/CELL_ARRAY_GEN[255].LAST_CELL.cell_inst_last_i_799/O
                         net (fo=1, routed)           0.000    11.831    TREE_GENERATE_INST/SORTER/CELL_ARRAY_GEN[255].LAST_CELL.cell_inst_last_i_799_n_0
    SLICE_X104Y42        MUXF7 (Prop_muxf7_I0_O)      0.209    12.040 r  TREE_GENERATE_INST/SORTER/CELL_ARRAY_GEN[255].LAST_CELL.cell_inst_last_i_296/O
                         net (fo=1, routed)           0.759    12.799    TREE_GENERATE_INST/SORTER/CELL_ARRAY_GEN[255].LAST_CELL.cell_inst_last_i_296_n_0
    SLICE_X96Y42         LUT3 (Prop_lut3_I1_O)        0.297    13.096 r  TREE_GENERATE_INST/SORTER/CELL_ARRAY_GEN[255].LAST_CELL.cell_inst_last_i_122/O
                         net (fo=1, routed)           1.069    14.165    TREE_GENERATE_INST/SORTER/CELL_ARRAY_GEN[255].LAST_CELL.cell_inst_last_i_122_n_0
    SLICE_X89Y43         LUT6 (Prop_lut6_I3_O)        0.124    14.289 r  TREE_GENERATE_INST/SORTER/CELL_ARRAY_GEN[255].LAST_CELL.cell_inst_last_i_55/O
                         net (fo=515, routed)         0.860    15.149    TREE_GENERATE_INST/SORTER/freqs[0][0]
    SLICE_X80Y46         CARRY4 (Prop_carry4_CYINIT_CO[3])
                                                      0.580    15.729 r  TREE_GENERATE_INST/SORTER/CELL_ARRAY_GEN[255].LAST_CELL.cell_inst_last_i_54/CO[3]
                         net (fo=1, routed)           0.000    15.729    TREE_GENERATE_INST/SORTER/CELL_ARRAY_GEN[255].LAST_CELL.cell_inst_last_i_54_n_0
    SLICE_X80Y47         CARRY4 (Prop_carry4_CI_CO[3])
                                                      0.114    15.843 r  TREE_GENERATE_INST/SORTER/CELL_ARRAY_GEN[255].LAST_CELL.cell_inst_last_i_53/CO[3]
                         net (fo=1, routed)           0.000    15.843    TREE_GENERATE_INST/SORTER/CELL_ARRAY_GEN[255].LAST_CELL.cell_inst_last_i_53_n_0
    SLICE_X80Y48         CARRY4 (Prop_carry4_CI_O[1])
                                                      0.334    16.177 r  TREE_GENERATE_INST/SORTER/CELL_ARRAY_GEN[255].LAST_CELL.cell_inst_last_i_52/O[1]
                         net (fo=513, routed)         1.862    18.039    TREE_GENERATE_INST/SORTER/plusOp[10]
    SLICE_X54Y46         LUT4 (Prop_lut4_I0_O)        0.303    18.342 r  TREE_GENERATE_INST/SORTER/CELL_ARRAY_GEN[218].MIDDLE_CELLS.cell_inst_mid_i_18/O
                         net (fo=1, routed)           0.000    18.342    TREE_GENERATE_INST/SORTER/CELL_ARRAY_GEN[218].MIDDLE_CELLS.cell_inst_mid_i_18_n_0
    SLICE_X54Y46         CARRY4 (Prop_carry4_S[1]_CO[2])
                                                      0.574    18.916 r  TREE_GENERATE_INST/SORTER/CELL_ARRAY_GEN[218].MIDDLE_CELLS.cell_inst_mid_i_4/CO[2]
                         net (fo=3, routed)           0.673    19.588    TREE_GENERATE_INST/SORTER/CELL_ARRAY_GEN[218].MIDDLE_CELLS.cell_inst_mid_i_4_n_1
    SLICE_X54Y41         LUT5 (Prop_lut5_I4_O)        0.310    19.898 r  TREE_GENERATE_INST/SORTER/CELL_ARRAY_GEN[218].MIDDLE_CELLS.cell_inst_mid_i_1/O
                         net (fo=24, routed)          1.148    21.046    TREE_GENERATE_INST/SORTER/CELL_ARRAY_GEN[218].MIDDLE_CELLS.cell_inst_mid/write_en
    SLICE_X52Y39         LUT2 (Prop_lut2_I0_O)        0.149    21.195 r  TREE_GENERATE_INST/SORTER/CELL_ARRAY_GEN[218].MIDDLE_CELLS.cell_inst_mid/r_freq[13]_i_1/O
                         net (fo=14, routed)          1.820    23.015    TREE_GENERATE_INST/SORTER/CELL_ARRAY_GEN[218].MIDDLE_CELLS.cell_inst_mid/r_symbol
    SLICE_X90Y46         FDRE                                         r  TREE_GENERATE_INST/SORTER/CELL_ARRAY_GEN[218].MIDDLE_CELLS.cell_inst_mid/r_freq_reg[10]/CE
  -------------------------------------------------------------------    -------------------

                         (clock clk_out1_clk_wiz_0_1 rise edge)
                                                     25.000    25.000 r  
    H16                                               0.000    25.000 r  clk (IN)
                         net (fo=0)                   0.000    25.000    CLOCK_WIZ_INST/inst/clk_in1
    H16                  IBUF (Prop_ibuf_I_O)         1.380    26.380 r  CLOCK_WIZ_INST/inst/clkin1_ibufg/O
                         net (fo=1, routed)           1.162    27.542    CLOCK_WIZ_INST/inst/clk_in1_clk_wiz_0
    MMCME2_ADV_X1Y2      MMCME2_ADV (Prop_mmcme2_adv_CLKIN1_CLKOUT0)
                                                     -7.814    19.728 r  CLOCK_WIZ_INST/inst/mmcm_adv_inst/CLKOUT0
                         net (fo=1, routed)           2.012    21.740    CLOCK_WIZ_INST/inst/clk_out1_clk_wiz_0
    BUFGCTRL_X0Y16       BUFG (Prop_bufg_I_O)         0.091    21.831 r  CLOCK_WIZ_INST/inst/clkout1_buf/O
                         net (fo=14289, routed)       1.622    23.454    TREE_GENERATE_INST/SORTER/CELL_ARRAY_GEN[218].MIDDLE_CELLS.cell_inst_mid/clk
    SLICE_X90Y46         FDRE                                         r  TREE_GENERATE_INST/SORTER/CELL_ARRAY_GEN[218].MIDDLE_CELLS.cell_inst_mid/r_freq_reg[10]/C
                         clock pessimism              0.452    23.906    
                         clock uncertainty           -0.082    23.824    
    SLICE_X90Y46         FDRE (Setup_fdre_C_CE)      -0.377    23.447    TREE_GENERATE_INST/SORTER/CELL_ARRAY_GEN[218].MIDDLE_CELLS.cell_inst_mid/r_freq_reg[10]
  -------------------------------------------------------------------
                         required time                         23.447    
                         arrival time                         -23.015    
  -------------------------------------------------------------------
                         slack                                  0.432    

Slack (MET) :             0.432ns  (required time - arrival time)
  Source:                 TREE_GENERATE_INST/SORTER/CELL_ARRAY_GEN[254].MIDDLE_CELLS.cell_inst_mid_i_339_psbram_2/C
                            (rising edge-triggered cell FDRE clocked by clk_out1_clk_wiz_0_1  {rise@0.000ns fall@12.500ns period=25.000ns})
  Destination:            TREE_GENERATE_INST/SORTER/CELL_ARRAY_GEN[218].MIDDLE_CELLS.cell_inst_mid/r_freq_reg[11]/CE
                            (rising edge-triggered cell FDRE clocked by clk_out1_clk_wiz_0_1  {rise@0.000ns fall@12.500ns period=25.000ns})
  Path Group:             clk_out1_clk_wiz_0_1
  Path Type:              Setup (Max at Slow Process Corner)
  Requirement:            25.000ns  (clk_out1_clk_wiz_0_1 rise@25.000ns - clk_out1_clk_wiz_0_1 rise@0.000ns)
  Data Path Delay:        24.090ns  (logic 4.566ns (18.954%)  route 19.524ns (81.046%))
  Logic Levels:           19  (CARRY4=4 LUT2=1 LUT3=3 LUT4=1 LUT5=2 LUT6=7 MUXF7=1)
  Clock Path Skew:        -0.019ns (DCD - SCD + CPR)
    Destination Clock Delay (DCD):    -1.546ns = ( 23.454 - 25.000 ) 
    Source Clock Delay      (SCD):    -1.075ns
    Clock Pessimism Removal (CPR):    0.452ns
  Clock Uncertainty:      0.082ns  ((TSJ^2 + DJ^2)^1/2) / 2 + PE
    Total System Jitter     (TSJ):    0.071ns
    Discrete Jitter          (DJ):    0.147ns
    Phase Error              (PE):    0.000ns

    Location             Delay type                Incr(ns)  Path(ns)    Netlist Resource(s)
  -------------------------------------------------------------------    -------------------
                         (clock clk_out1_clk_wiz_0_1 rise edge)
                                                      0.000     0.000 r  
    H16                                               0.000     0.000 r  clk (IN)
                         net (fo=0)                   0.000     0.000    CLOCK_WIZ_INST/inst/clk_in1
    H16                  IBUF (Prop_ibuf_I_O)         1.451     1.451 r  CLOCK_WIZ_INST/inst/clkin1_ibufg/O
                         net (fo=1, routed)           1.285     2.736    CLOCK_WIZ_INST/inst/clk_in1_clk_wiz_0
    MMCME2_ADV_X1Y2      MMCME2_ADV (Prop_mmcme2_adv_CLKIN1_CLKOUT0)
                                                     -7.759    -5.023 r  CLOCK_WIZ_INST/inst/mmcm_adv_inst/CLKOUT0
                         net (fo=1, routed)           2.206    -2.817    CLOCK_WIZ_INST/inst/clk_out1_clk_wiz_0
    BUFGCTRL_X0Y16       BUFG (Prop_bufg_I_O)         0.101    -2.716 r  CLOCK_WIZ_INST/inst/clkout1_buf/O
                         net (fo=14289, routed)       1.641    -1.075    TREE_GENERATE_INST/SORTER/clk
    SLICE_X48Y67         FDRE                                         r  TREE_GENERATE_INST/SORTER/CELL_ARRAY_GEN[254].MIDDLE_CELLS.cell_inst_mid_i_339_psbram_2/C
  -------------------------------------------------------------------    -------------------
    SLICE_X48Y67         FDRE (Prop_fdre_C_Q)         0.456    -0.619 r  TREE_GENERATE_INST/SORTER/CELL_ARRAY_GEN[254].MIDDLE_CELLS.cell_inst_mid_i_339_psbram_2/Q
                         net (fo=255, routed)         1.759     1.140    TREE_GENERATE_INST/SORTER/input_symbol[0]
    SLICE_X53Y81         LUT6 (Prop_lut6_I1_O)        0.124     1.264 f  TREE_GENERATE_INST/SORTER/CELL_ARRAY_GEN[255].LAST_CELL.cell_inst_last_i_1856/O
                         net (fo=1, routed)           0.642     1.906    TREE_GENERATE_INST/SORTER/CELL_ARRAY_GEN[255].LAST_CELL.cell_inst_last_i_1856_n_0
    SLICE_X54Y80         LUT6 (Prop_lut6_I5_O)        0.124     2.030 f  TREE_GENERATE_INST/SORTER/CELL_ARRAY_GEN[255].LAST_CELL.cell_inst_last_i_1081/O
                         net (fo=3, routed)           1.266     3.296    TREE_GENERATE_INST/SORTER/match_idx_var180_out
    SLICE_X41Y81         LUT3 (Prop_lut3_I0_O)        0.124     3.420 f  TREE_GENERATE_INST/SORTER/CELL_ARRAY_GEN[255].LAST_CELL.cell_inst_last_i_417/O
                         net (fo=6, routed)           0.989     4.409    TREE_GENERATE_INST/SORTER/CELL_ARRAY_GEN[255].LAST_CELL.cell_inst_last_i_417_n_0
    SLICE_X40Y84         LUT5 (Prop_lut5_I2_O)        0.124     4.533 f  TREE_GENERATE_INST/SORTER/CELL_ARRAY_GEN[255].LAST_CELL.cell_inst_last_i_169/O
                         net (fo=8, routed)           0.802     5.335    TREE_GENERATE_INST/SORTER/CELL_ARRAY_GEN[255].LAST_CELL.cell_inst_last_i_169_n_0
    SLICE_X38Y82         LUT3 (Prop_lut3_I1_O)        0.124     5.459 f  TREE_GENERATE_INST/SORTER/CELL_ARRAY_GEN[255].LAST_CELL.cell_inst_last_i_148/O
                         net (fo=10, routed)          1.099     6.558    TREE_GENERATE_INST/SORTER/CELL_ARRAY_GEN[255].LAST_CELL.cell_inst_last_i_148_n_0
    SLICE_X58Y82         LUT6 (Prop_lut6_I5_O)        0.124     6.682 r  TREE_GENERATE_INST/SORTER/CELL_ARRAY_GEN[254].MIDDLE_CELLS.cell_inst_mid_i_42/O
                         net (fo=16, routed)          1.879     8.561    TREE_GENERATE_INST/SORTER/CELL_ARRAY_GEN[254].MIDDLE_CELLS.cell_inst_mid_i_42_n_0
    SLICE_X64Y56         LUT6 (Prop_lut6_I1_O)        0.124     8.685 r  TREE_GENERATE_INST/SORTER/CELL_ARRAY_GEN[255].LAST_CELL.cell_inst_last_i_1357/O
                         net (fo=118, routed)         2.078    10.763    TREE_GENERATE_INST/SORTER/CELL_ARRAY_GEN[255].LAST_CELL.cell_inst_last_i_1357_n_0
    SLICE_X104Y43        LUT6 (Prop_lut6_I2_O)        0.124    10.887 r  TREE_GENERATE_INST/SORTER/CELL_ARRAY_GEN[255].LAST_CELL.cell_inst_last_i_1392/O
                         net (fo=1, routed)           0.820    11.707    TREE_GENERATE_INST/SORTER/CELL_ARRAY_GEN[255].LAST_CELL.cell_inst_last_i_1392_n_0
    SLICE_X104Y42        LUT6 (Prop_lut6_I1_O)        0.124    11.831 r  TREE_GENERATE_INST/SORTER/CELL_ARRAY_GEN[255].LAST_CELL.cell_inst_last_i_799/O
                         net (fo=1, routed)           0.000    11.831    TREE_GENERATE_INST/SORTER/CELL_ARRAY_GEN[255].LAST_CELL.cell_inst_last_i_799_n_0
    SLICE_X104Y42        MUXF7 (Prop_muxf7_I0_O)      0.209    12.040 r  TREE_GENERATE_INST/SORTER/CELL_ARRAY_GEN[255].LAST_CELL.cell_inst_last_i_296/O
                         net (fo=1, routed)           0.759    12.799    TREE_GENERATE_INST/SORTER/CELL_ARRAY_GEN[255].LAST_CELL.cell_inst_last_i_296_n_0
    SLICE_X96Y42         LUT3 (Prop_lut3_I1_O)        0.297    13.096 r  TREE_GENERATE_INST/SORTER/CELL_ARRAY_GEN[255].LAST_CELL.cell_inst_last_i_122/O
                         net (fo=1, routed)           1.069    14.165    TREE_GENERATE_INST/SORTER/CELL_ARRAY_GEN[255].LAST_CELL.cell_inst_last_i_122_n_0
    SLICE_X89Y43         LUT6 (Prop_lut6_I3_O)        0.124    14.289 r  TREE_GENERATE_INST/SORTER/CELL_ARRAY_GEN[255].LAST_CELL.cell_inst_last_i_55/O
                         net (fo=515, routed)         0.860    15.149    TREE_GENERATE_INST/SORTER/freqs[0][0]
    SLICE_X80Y46         CARRY4 (Prop_carry4_CYINIT_CO[3])
                                                      0.580    15.729 r  TREE_GENERATE_INST/SORTER/CELL_ARRAY_GEN[255].LAST_CELL.cell_inst_last_i_54/CO[3]
                         net (fo=1, routed)           0.000    15.729    TREE_GENERATE_INST/SORTER/CELL_ARRAY_GEN[255].LAST_CELL.cell_inst_last_i_54_n_0
    SLICE_X80Y47         CARRY4 (Prop_carry4_CI_CO[3])
                                                      0.114    15.843 r  TREE_GENERATE_INST/SORTER/CELL_ARRAY_GEN[255].LAST_CELL.cell_inst_last_i_53/CO[3]
                         net (fo=1, routed)           0.000    15.843    TREE_GENERATE_INST/SORTER/CELL_ARRAY_GEN[255].LAST_CELL.cell_inst_last_i_53_n_0
    SLICE_X80Y48         CARRY4 (Prop_carry4_CI_O[1])
                                                      0.334    16.177 r  TREE_GENERATE_INST/SORTER/CELL_ARRAY_GEN[255].LAST_CELL.cell_inst_last_i_52/O[1]
                         net (fo=513, routed)         1.862    18.039    TREE_GENERATE_INST/SORTER/plusOp[10]
    SLICE_X54Y46         LUT4 (Prop_lut4_I0_O)        0.303    18.342 r  TREE_GENERATE_INST/SORTER/CELL_ARRAY_GEN[218].MIDDLE_CELLS.cell_inst_mid_i_18/O
                         net (fo=1, routed)           0.000    18.342    TREE_GENERATE_INST/SORTER/CELL_ARRAY_GEN[218].MIDDLE_CELLS.cell_inst_mid_i_18_n_0
    SLICE_X54Y46         CARRY4 (Prop_carry4_S[1]_CO[2])
                                                      0.574    18.916 r  TREE_GENERATE_INST/SORTER/CELL_ARRAY_GEN[218].MIDDLE_CELLS.cell_inst_mid_i_4/CO[2]
                         net (fo=3, routed)           0.673    19.588    TREE_GENERATE_INST/SORTER/CELL_ARRAY_GEN[218].MIDDLE_CELLS.cell_inst_mid_i_4_n_1
    SLICE_X54Y41         LUT5 (Prop_lut5_I4_O)        0.310    19.898 r  TREE_GENERATE_INST/SORTER/CELL_ARRAY_GEN[218].MIDDLE_CELLS.cell_inst_mid_i_1/O
                         net (fo=24, routed)          1.148    21.046    TREE_GENERATE_INST/SORTER/CELL_ARRAY_GEN[218].MIDDLE_CELLS.cell_inst_mid/write_en
    SLICE_X52Y39         LUT2 (Prop_lut2_I0_O)        0.149    21.195 r  TREE_GENERATE_INST/SORTER/CELL_ARRAY_GEN[218].MIDDLE_CELLS.cell_inst_mid/r_freq[13]_i_1/O
                         net (fo=14, routed)          1.820    23.015    TREE_GENERATE_INST/SORTER/CELL_ARRAY_GEN[218].MIDDLE_CELLS.cell_inst_mid/r_symbol
    SLICE_X90Y46         FDRE                                         r  TREE_GENERATE_INST/SORTER/CELL_ARRAY_GEN[218].MIDDLE_CELLS.cell_inst_mid/r_freq_reg[11]/CE
  -------------------------------------------------------------------    -------------------

                         (clock clk_out1_clk_wiz_0_1 rise edge)
                                                     25.000    25.000 r  
    H16                                               0.000    25.000 r  clk (IN)
                         net (fo=0)                   0.000    25.000    CLOCK_WIZ_INST/inst/clk_in1
    H16                  IBUF (Prop_ibuf_I_O)         1.380    26.380 r  CLOCK_WIZ_INST/inst/clkin1_ibufg/O
                         net (fo=1, routed)           1.162    27.542    CLOCK_WIZ_INST/inst/clk_in1_clk_wiz_0
    MMCME2_ADV_X1Y2      MMCME2_ADV (Prop_mmcme2_adv_CLKIN1_CLKOUT0)
                                                     -7.814    19.728 r  CLOCK_WIZ_INST/inst/mmcm_adv_inst/CLKOUT0
                         net (fo=1, routed)           2.012    21.740    CLOCK_WIZ_INST/inst/clk_out1_clk_wiz_0
    BUFGCTRL_X0Y16       BUFG (Prop_bufg_I_O)         0.091    21.831 r  CLOCK_WIZ_INST/inst/clkout1_buf/O
                         net (fo=14289, routed)       1.622    23.454    TREE_GENERATE_INST/SORTER/CELL_ARRAY_GEN[218].MIDDLE_CELLS.cell_inst_mid/clk
    SLICE_X90Y46         FDRE                                         r  TREE_GENERATE_INST/SORTER/CELL_ARRAY_GEN[218].MIDDLE_CELLS.cell_inst_mid/r_freq_reg[11]/C
                         clock pessimism              0.452    23.906    
                         clock uncertainty           -0.082    23.824    
    SLICE_X90Y46         FDRE (Setup_fdre_C_CE)      -0.377    23.447    TREE_GENERATE_INST/SORTER/CELL_ARRAY_GEN[218].MIDDLE_CELLS.cell_inst_mid/r_freq_reg[11]
  -------------------------------------------------------------------
                         required time                         23.447    
                         arrival time                         -23.015    
  -------------------------------------------------------------------
                         slack                                  0.432    

Slack (MET) :             0.432ns  (required time - arrival time)
  Source:                 TREE_GENERATE_INST/SORTER/CELL_ARRAY_GEN[254].MIDDLE_CELLS.cell_inst_mid_i_339_psbram_2/C
                            (rising edge-triggered cell FDRE clocked by clk_out1_clk_wiz_0_1  {rise@0.000ns fall@12.500ns period=25.000ns})
  Destination:            TREE_GENERATE_INST/SORTER/CELL_ARRAY_GEN[218].MIDDLE_CELLS.cell_inst_mid/r_freq_reg[2]/CE
                            (rising edge-triggered cell FDRE clocked by clk_out1_clk_wiz_0_1  {rise@0.000ns fall@12.500ns period=25.000ns})
  Path Group:             clk_out1_clk_wiz_0_1
  Path Type:              Setup (Max at Slow Process Corner)
  Requirement:            25.000ns  (clk_out1_clk_wiz_0_1 rise@25.000ns - clk_out1_clk_wiz_0_1 rise@0.000ns)
  Data Path Delay:        24.090ns  (logic 4.566ns (18.954%)  route 19.524ns (81.046%))
  Logic Levels:           19  (CARRY4=4 LUT2=1 LUT3=3 LUT4=1 LUT5=2 LUT6=7 MUXF7=1)
  Clock Path Skew:        -0.019ns (DCD - SCD + CPR)
    Destination Clock Delay (DCD):    -1.546ns = ( 23.454 - 25.000 ) 
    Source Clock Delay      (SCD):    -1.075ns
    Clock Pessimism Removal (CPR):    0.452ns
  Clock Uncertainty:      0.082ns  ((TSJ^2 + DJ^2)^1/2) / 2 + PE
    Total System Jitter     (TSJ):    0.071ns
    Discrete Jitter          (DJ):    0.147ns
    Phase Error              (PE):    0.000ns

    Location             Delay type                Incr(ns)  Path(ns)    Netlist Resource(s)
  -------------------------------------------------------------------    -------------------
                         (clock clk_out1_clk_wiz_0_1 rise edge)
                                                      0.000     0.000 r  
    H16                                               0.000     0.000 r  clk (IN)
                         net (fo=0)                   0.000     0.000    CLOCK_WIZ_INST/inst/clk_in1
    H16                  IBUF (Prop_ibuf_I_O)         1.451     1.451 r  CLOCK_WIZ_INST/inst/clkin1_ibufg/O
                         net (fo=1, routed)           1.285     2.736    CLOCK_WIZ_INST/inst/clk_in1_clk_wiz_0
    MMCME2_ADV_X1Y2      MMCME2_ADV (Prop_mmcme2_adv_CLKIN1_CLKOUT0)
                                                     -7.759    -5.023 r  CLOCK_WIZ_INST/inst/mmcm_adv_inst/CLKOUT0
                         net (fo=1, routed)           2.206    -2.817    CLOCK_WIZ_INST/inst/clk_out1_clk_wiz_0
    BUFGCTRL_X0Y16       BUFG (Prop_bufg_I_O)         0.101    -2.716 r  CLOCK_WIZ_INST/inst/clkout1_buf/O
                         net (fo=14289, routed)       1.641    -1.075    TREE_GENERATE_INST/SORTER/clk
    SLICE_X48Y67         FDRE                                         r  TREE_GENERATE_INST/SORTER/CELL_ARRAY_GEN[254].MIDDLE_CELLS.cell_inst_mid_i_339_psbram_2/C
  -------------------------------------------------------------------    -------------------
    SLICE_X48Y67         FDRE (Prop_fdre_C_Q)         0.456    -0.619 r  TREE_GENERATE_INST/SORTER/CELL_ARRAY_GEN[254].MIDDLE_CELLS.cell_inst_mid_i_339_psbram_2/Q
                         net (fo=255, routed)         1.759     1.140    TREE_GENERATE_INST/SORTER/input_symbol[0]
    SLICE_X53Y81         LUT6 (Prop_lut6_I1_O)        0.124     1.264 f  TREE_GENERATE_INST/SORTER/CELL_ARRAY_GEN[255].LAST_CELL.cell_inst_last_i_1856/O
                         net (fo=1, routed)           0.642     1.906    TREE_GENERATE_INST/SORTER/CELL_ARRAY_GEN[255].LAST_CELL.cell_inst_last_i_1856_n_0
    SLICE_X54Y80         LUT6 (Prop_lut6_I5_O)        0.124     2.030 f  TREE_GENERATE_INST/SORTER/CELL_ARRAY_GEN[255].LAST_CELL.cell_inst_last_i_1081/O
                         net (fo=3, routed)           1.266     3.296    TREE_GENERATE_INST/SORTER/match_idx_var180_out
    SLICE_X41Y81         LUT3 (Prop_lut3_I0_O)        0.124     3.420 f  TREE_GENERATE_INST/SORTER/CELL_ARRAY_GEN[255].LAST_CELL.cell_inst_last_i_417/O
                         net (fo=6, routed)           0.989     4.409    TREE_GENERATE_INST/SORTER/CELL_ARRAY_GEN[255].LAST_CELL.cell_inst_last_i_417_n_0
    SLICE_X40Y84         LUT5 (Prop_lut5_I2_O)        0.124     4.533 f  TREE_GENERATE_INST/SORTER/CELL_ARRAY_GEN[255].LAST_CELL.cell_inst_last_i_169/O
                         net (fo=8, routed)           0.802     5.335    TREE_GENERATE_INST/SORTER/CELL_ARRAY_GEN[255].LAST_CELL.cell_inst_last_i_169_n_0
    SLICE_X38Y82         LUT3 (Prop_lut3_I1_O)        0.124     5.459 f  TREE_GENERATE_INST/SORTER/CELL_ARRAY_GEN[255].LAST_CELL.cell_inst_last_i_148/O
                         net (fo=10, routed)          1.099     6.558    TREE_GENERATE_INST/SORTER/CELL_ARRAY_GEN[255].LAST_CELL.cell_inst_last_i_148_n_0
    SLICE_X58Y82         LUT6 (Prop_lut6_I5_O)        0.124     6.682 r  TREE_GENERATE_INST/SORTER/CELL_ARRAY_GEN[254].MIDDLE_CELLS.cell_inst_mid_i_42/O
                         net (fo=16, routed)          1.879     8.561    TREE_GENERATE_INST/SORTER/CELL_ARRAY_GEN[254].MIDDLE_CELLS.cell_inst_mid_i_42_n_0
    SLICE_X64Y56         LUT6 (Prop_lut6_I1_O)        0.124     8.685 r  TREE_GENERATE_INST/SORTER/CELL_ARRAY_GEN[255].LAST_CELL.cell_inst_last_i_1357/O
                         net (fo=118, routed)         2.078    10.763    TREE_GENERATE_INST/SORTER/CELL_ARRAY_GEN[255].LAST_CELL.cell_inst_last_i_1357_n_0
    SLICE_X104Y43        LUT6 (Prop_lut6_I2_O)        0.124    10.887 r  TREE_GENERATE_INST/SORTER/CELL_ARRAY_GEN[255].LAST_CELL.cell_inst_last_i_1392/O
                         net (fo=1, routed)           0.820    11.707    TREE_GENERATE_INST/SORTER/CELL_ARRAY_GEN[255].LAST_CELL.cell_inst_last_i_1392_n_0
    SLICE_X104Y42        LUT6 (Prop_lut6_I1_O)        0.124    11.831 r  TREE_GENERATE_INST/SORTER/CELL_ARRAY_GEN[255].LAST_CELL.cell_inst_last_i_799/O
                         net (fo=1, routed)           0.000    11.831    TREE_GENERATE_INST/SORTER/CELL_ARRAY_GEN[255].LAST_CELL.cell_inst_last_i_799_n_0
    SLICE_X104Y42        MUXF7 (Prop_muxf7_I0_O)      0.209    12.040 r  TREE_GENERATE_INST/SORTER/CELL_ARRAY_GEN[255].LAST_CELL.cell_inst_last_i_296/O
                         net (fo=1, routed)           0.759    12.799    TREE_GENERATE_INST/SORTER/CELL_ARRAY_GEN[255].LAST_CELL.cell_inst_last_i_296_n_0
    SLICE_X96Y42         LUT3 (Prop_lut3_I1_O)        0.297    13.096 r  TREE_GENERATE_INST/SORTER/CELL_ARRAY_GEN[255].LAST_CELL.cell_inst_last_i_122/O
                         net (fo=1, routed)           1.069    14.165    TREE_GENERATE_INST/SORTER/CELL_ARRAY_GEN[255].LAST_CELL.cell_inst_last_i_122_n_0
    SLICE_X89Y43         LUT6 (Prop_lut6_I3_O)        0.124    14.289 r  TREE_GENERATE_INST/SORTER/CELL_ARRAY_GEN[255].LAST_CELL.cell_inst_last_i_55/O
                         net (fo=515, routed)         0.860    15.149    TREE_GENERATE_INST/SORTER/freqs[0][0]
    SLICE_X80Y46         CARRY4 (Prop_carry4_CYINIT_CO[3])
                                                      0.580    15.729 r  TREE_GENERATE_INST/SORTER/CELL_ARRAY_GEN[255].LAST_CELL.cell_inst_last_i_54/CO[3]
                         net (fo=1, routed)           0.000    15.729    TREE_GENERATE_INST/SORTER/CELL_ARRAY_GEN[255].LAST_CELL.cell_inst_last_i_54_n_0
    SLICE_X80Y47         CARRY4 (Prop_carry4_CI_CO[3])
                                                      0.114    15.843 r  TREE_GENERATE_INST/SORTER/CELL_ARRAY_GEN[255].LAST_CELL.cell_inst_last_i_53/CO[3]
                         net (fo=1, routed)           0.000    15.843    TREE_GENERATE_INST/SORTER/CELL_ARRAY_GEN[255].LAST_CELL.cell_inst_last_i_53_n_0
    SLICE_X80Y48         CARRY4 (Prop_carry4_CI_O[1])
                                                      0.334    16.177 r  TREE_GENERATE_INST/SORTER/CELL_ARRAY_GEN[255].LAST_CELL.cell_inst_last_i_52/O[1]
                         net (fo=513, routed)         1.862    18.039    TREE_GENERATE_INST/SORTER/plusOp[10]
    SLICE_X54Y46         LUT4 (Prop_lut4_I0_O)        0.303    18.342 r  TREE_GENERATE_INST/SORTER/CELL_ARRAY_GEN[218].MIDDLE_CELLS.cell_inst_mid_i_18/O
                         net (fo=1, routed)           0.000    18.342    TREE_GENERATE_INST/SORTER/CELL_ARRAY_GEN[218].MIDDLE_CELLS.cell_inst_mid_i_18_n_0
    SLICE_X54Y46         CARRY4 (Prop_carry4_S[1]_CO[2])
                                                      0.574    18.916 r  TREE_GENERATE_INST/SORTER/CELL_ARRAY_GEN[218].MIDDLE_CELLS.cell_inst_mid_i_4/CO[2]
                         net (fo=3, routed)           0.673    19.588    TREE_GENERATE_INST/SORTER/CELL_ARRAY_GEN[218].MIDDLE_CELLS.cell_inst_mid_i_4_n_1
    SLICE_X54Y41         LUT5 (Prop_lut5_I4_O)        0.310    19.898 r  TREE_GENERATE_INST/SORTER/CELL_ARRAY_GEN[218].MIDDLE_CELLS.cell_inst_mid_i_1/O
                         net (fo=24, routed)          1.148    21.046    TREE_GENERATE_INST/SORTER/CELL_ARRAY_GEN[218].MIDDLE_CELLS.cell_inst_mid/write_en
    SLICE_X52Y39         LUT2 (Prop_lut2_I0_O)        0.149    21.195 r  TREE_GENERATE_INST/SORTER/CELL_ARRAY_GEN[218].MIDDLE_CELLS.cell_inst_mid/r_freq[13]_i_1/O
                         net (fo=14, routed)          1.820    23.015    TREE_GENERATE_INST/SORTER/CELL_ARRAY_GEN[218].MIDDLE_CELLS.cell_inst_mid/r_symbol
    SLICE_X90Y46         FDRE                                         r  TREE_GENERATE_INST/SORTER/CELL_ARRAY_GEN[218].MIDDLE_CELLS.cell_inst_mid/r_freq_reg[2]/CE
  -------------------------------------------------------------------    -------------------

                         (clock clk_out1_clk_wiz_0_1 rise edge)
                                                     25.000    25.000 r  
    H16                                               0.000    25.000 r  clk (IN)
                         net (fo=0)                   0.000    25.000    CLOCK_WIZ_INST/inst/clk_in1
    H16                  IBUF (Prop_ibuf_I_O)         1.380    26.380 r  CLOCK_WIZ_INST/inst/clkin1_ibufg/O
                         net (fo=1, routed)           1.162    27.542    CLOCK_WIZ_INST/inst/clk_in1_clk_wiz_0
    MMCME2_ADV_X1Y2      MMCME2_ADV (Prop_mmcme2_adv_CLKIN1_CLKOUT0)
                                                     -7.814    19.728 r  CLOCK_WIZ_INST/inst/mmcm_adv_inst/CLKOUT0
                         net (fo=1, routed)           2.012    21.740    CLOCK_WIZ_INST/inst/clk_out1_clk_wiz_0
    BUFGCTRL_X0Y16       BUFG (Prop_bufg_I_O)         0.091    21.831 r  CLOCK_WIZ_INST/inst/clkout1_buf/O
                         net (fo=14289, routed)       1.622    23.454    TREE_GENERATE_INST/SORTER/CELL_ARRAY_GEN[218].MIDDLE_CELLS.cell_inst_mid/clk
    SLICE_X90Y46         FDRE                                         r  TREE_GENERATE_INST/SORTER/CELL_ARRAY_GEN[218].MIDDLE_CELLS.cell_inst_mid/r_freq_reg[2]/C
                         clock pessimism              0.452    23.906    
                         clock uncertainty           -0.082    23.824    
    SLICE_X90Y46         FDRE (Setup_fdre_C_CE)      -0.377    23.447    TREE_GENERATE_INST/SORTER/CELL_ARRAY_GEN[218].MIDDLE_CELLS.cell_inst_mid/r_freq_reg[2]
  -------------------------------------------------------------------
                         required time                         23.447    
                         arrival time                         -23.015    
  -------------------------------------------------------------------
                         slack                                  0.432    

Slack (MET) :             0.432ns  (required time - arrival time)
  Source:                 TREE_GENERATE_INST/SORTER/CELL_ARRAY_GEN[254].MIDDLE_CELLS.cell_inst_mid_i_339_psbram_2/C
                            (rising edge-triggered cell FDRE clocked by clk_out1_clk_wiz_0_1  {rise@0.000ns fall@12.500ns period=25.000ns})
  Destination:            TREE_GENERATE_INST/SORTER/CELL_ARRAY_GEN[218].MIDDLE_CELLS.cell_inst_mid/r_freq_reg[3]/CE
                            (rising edge-triggered cell FDRE clocked by clk_out1_clk_wiz_0_1  {rise@0.000ns fall@12.500ns period=25.000ns})
  Path Group:             clk_out1_clk_wiz_0_1
  Path Type:              Setup (Max at Slow Process Corner)
  Requirement:            25.000ns  (clk_out1_clk_wiz_0_1 rise@25.000ns - clk_out1_clk_wiz_0_1 rise@0.000ns)
  Data Path Delay:        24.090ns  (logic 4.566ns (18.954%)  route 19.524ns (81.046%))
  Logic Levels:           19  (CARRY4=4 LUT2=1 LUT3=3 LUT4=1 LUT5=2 LUT6=7 MUXF7=1)
  Clock Path Skew:        -0.019ns (DCD - SCD + CPR)
    Destination Clock Delay (DCD):    -1.546ns = ( 23.454 - 25.000 ) 
    Source Clock Delay      (SCD):    -1.075ns
    Clock Pessimism Removal (CPR):    0.452ns
  Clock Uncertainty:      0.082ns  ((TSJ^2 + DJ^2)^1/2) / 2 + PE
    Total System Jitter     (TSJ):    0.071ns
    Discrete Jitter          (DJ):    0.147ns
    Phase Error              (PE):    0.000ns

    Location             Delay type                Incr(ns)  Path(ns)    Netlist Resource(s)
  -------------------------------------------------------------------    -------------------
                         (clock clk_out1_clk_wiz_0_1 rise edge)
                                                      0.000     0.000 r  
    H16                                               0.000     0.000 r  clk (IN)
                         net (fo=0)                   0.000     0.000    CLOCK_WIZ_INST/inst/clk_in1
    H16                  IBUF (Prop_ibuf_I_O)         1.451     1.451 r  CLOCK_WIZ_INST/inst/clkin1_ibufg/O
                         net (fo=1, routed)           1.285     2.736    CLOCK_WIZ_INST/inst/clk_in1_clk_wiz_0
    MMCME2_ADV_X1Y2      MMCME2_ADV (Prop_mmcme2_adv_CLKIN1_CLKOUT0)
                                                     -7.759    -5.023 r  CLOCK_WIZ_INST/inst/mmcm_adv_inst/CLKOUT0
                         net (fo=1, routed)           2.206    -2.817    CLOCK_WIZ_INST/inst/clk_out1_clk_wiz_0
    BUFGCTRL_X0Y16       BUFG (Prop_bufg_I_O)         0.101    -2.716 r  CLOCK_WIZ_INST/inst/clkout1_buf/O
                         net (fo=14289, routed)       1.641    -1.075    TREE_GENERATE_INST/SORTER/clk
    SLICE_X48Y67         FDRE                                         r  TREE_GENERATE_INST/SORTER/CELL_ARRAY_GEN[254].MIDDLE_CELLS.cell_inst_mid_i_339_psbram_2/C
  -------------------------------------------------------------------    -------------------
    SLICE_X48Y67         FDRE (Prop_fdre_C_Q)         0.456    -0.619 r  TREE_GENERATE_INST/SORTER/CELL_ARRAY_GEN[254].MIDDLE_CELLS.cell_inst_mid_i_339_psbram_2/Q
                         net (fo=255, routed)         1.759     1.140    TREE_GENERATE_INST/SORTER/input_symbol[0]
    SLICE_X53Y81         LUT6 (Prop_lut6_I1_O)        0.124     1.264 f  TREE_GENERATE_INST/SORTER/CELL_ARRAY_GEN[255].LAST_CELL.cell_inst_last_i_1856/O
                         net (fo=1, routed)           0.642     1.906    TREE_GENERATE_INST/SORTER/CELL_ARRAY_GEN[255].LAST_CELL.cell_inst_last_i_1856_n_0
    SLICE_X54Y80         LUT6 (Prop_lut6_I5_O)        0.124     2.030 f  TREE_GENERATE_INST/SORTER/CELL_ARRAY_GEN[255].LAST_CELL.cell_inst_last_i_1081/O
                         net (fo=3, routed)           1.266     3.296    TREE_GENERATE_INST/SORTER/match_idx_var180_out
    SLICE_X41Y81         LUT3 (Prop_lut3_I0_O)        0.124     3.420 f  TREE_GENERATE_INST/SORTER/CELL_ARRAY_GEN[255].LAST_CELL.cell_inst_last_i_417/O
                         net (fo=6, routed)           0.989     4.409    TREE_GENERATE_INST/SORTER/CELL_ARRAY_GEN[255].LAST_CELL.cell_inst_last_i_417_n_0
    SLICE_X40Y84         LUT5 (Prop_lut5_I2_O)        0.124     4.533 f  TREE_GENERATE_INST/SORTER/CELL_ARRAY_GEN[255].LAST_CELL.cell_inst_last_i_169/O
                         net (fo=8, routed)           0.802     5.335    TREE_GENERATE_INST/SORTER/CELL_ARRAY_GEN[255].LAST_CELL.cell_inst_last_i_169_n_0
    SLICE_X38Y82         LUT3 (Prop_lut3_I1_O)        0.124     5.459 f  TREE_GENERATE_INST/SORTER/CELL_ARRAY_GEN[255].LAST_CELL.cell_inst_last_i_148/O
                         net (fo=10, routed)          1.099     6.558    TREE_GENERATE_INST/SORTER/CELL_ARRAY_GEN[255].LAST_CELL.cell_inst_last_i_148_n_0
    SLICE_X58Y82         LUT6 (Prop_lut6_I5_O)        0.124     6.682 r  TREE_GENERATE_INST/SORTER/CELL_ARRAY_GEN[254].MIDDLE_CELLS.cell_inst_mid_i_42/O
                         net (fo=16, routed)          1.879     8.561    TREE_GENERATE_INST/SORTER/CELL_ARRAY_GEN[254].MIDDLE_CELLS.cell_inst_mid_i_42_n_0
    SLICE_X64Y56         LUT6 (Prop_lut6_I1_O)        0.124     8.685 r  TREE_GENERATE_INST/SORTER/CELL_ARRAY_GEN[255].LAST_CELL.cell_inst_last_i_1357/O
                         net (fo=118, routed)         2.078    10.763    TREE_GENERATE_INST/SORTER/CELL_ARRAY_GEN[255].LAST_CELL.cell_inst_last_i_1357_n_0
    SLICE_X104Y43        LUT6 (Prop_lut6_I2_O)        0.124    10.887 r  TREE_GENERATE_INST/SORTER/CELL_ARRAY_GEN[255].LAST_CELL.cell_inst_last_i_1392/O
                         net (fo=1, routed)           0.820    11.707    TREE_GENERATE_INST/SORTER/CELL_ARRAY_GEN[255].LAST_CELL.cell_inst_last_i_1392_n_0
    SLICE_X104Y42        LUT6 (Prop_lut6_I1_O)        0.124    11.831 r  TREE_GENERATE_INST/SORTER/CELL_ARRAY_GEN[255].LAST_CELL.cell_inst_last_i_799/O
                         net (fo=1, routed)           0.000    11.831    TREE_GENERATE_INST/SORTER/CELL_ARRAY_GEN[255].LAST_CELL.cell_inst_last_i_799_n_0
    SLICE_X104Y42        MUXF7 (Prop_muxf7_I0_O)      0.209    12.040 r  TREE_GENERATE_INST/SORTER/CELL_ARRAY_GEN[255].LAST_CELL.cell_inst_last_i_296/O
                         net (fo=1, routed)           0.759    12.799    TREE_GENERATE_INST/SORTER/CELL_ARRAY_GEN[255].LAST_CELL.cell_inst_last_i_296_n_0
    SLICE_X96Y42         LUT3 (Prop_lut3_I1_O)        0.297    13.096 r  TREE_GENERATE_INST/SORTER/CELL_ARRAY_GEN[255].LAST_CELL.cell_inst_last_i_122/O
                         net (fo=1, routed)           1.069    14.165    TREE_GENERATE_INST/SORTER/CELL_ARRAY_GEN[255].LAST_CELL.cell_inst_last_i_122_n_0
    SLICE_X89Y43         LUT6 (Prop_lut6_I3_O)        0.124    14.289 r  TREE_GENERATE_INST/SORTER/CELL_ARRAY_GEN[255].LAST_CELL.cell_inst_last_i_55/O
                         net (fo=515, routed)         0.860    15.149    TREE_GENERATE_INST/SORTER/freqs[0][0]
    SLICE_X80Y46         CARRY4 (Prop_carry4_CYINIT_CO[3])
                                                      0.580    15.729 r  TREE_GENERATE_INST/SORTER/CELL_ARRAY_GEN[255].LAST_CELL.cell_inst_last_i_54/CO[3]
                         net (fo=1, routed)           0.000    15.729    TREE_GENERATE_INST/SORTER/CELL_ARRAY_GEN[255].LAST_CELL.cell_inst_last_i_54_n_0
    SLICE_X80Y47         CARRY4 (Prop_carry4_CI_CO[3])
                                                      0.114    15.843 r  TREE_GENERATE_INST/SORTER/CELL_ARRAY_GEN[255].LAST_CELL.cell_inst_last_i_53/CO[3]
                         net (fo=1, routed)           0.000    15.843    TREE_GENERATE_INST/SORTER/CELL_ARRAY_GEN[255].LAST_CELL.cell_inst_last_i_53_n_0
    SLICE_X80Y48         CARRY4 (Prop_carry4_CI_O[1])
                                                      0.334    16.177 r  TREE_GENERATE_INST/SORTER/CELL_ARRAY_GEN[255].LAST_CELL.cell_inst_last_i_52/O[1]
                         net (fo=513, routed)         1.862    18.039    TREE_GENERATE_INST/SORTER/plusOp[10]
    SLICE_X54Y46         LUT4 (Prop_lut4_I0_O)        0.303    18.342 r  TREE_GENERATE_INST/SORTER/CELL_ARRAY_GEN[218].MIDDLE_CELLS.cell_inst_mid_i_18/O
                         net (fo=1, routed)           0.000    18.342    TREE_GENERATE_INST/SORTER/CELL_ARRAY_GEN[218].MIDDLE_CELLS.cell_inst_mid_i_18_n_0
    SLICE_X54Y46         CARRY4 (Prop_carry4_S[1]_CO[2])
                                                      0.574    18.916 r  TREE_GENERATE_INST/SORTER/CELL_ARRAY_GEN[218].MIDDLE_CELLS.cell_inst_mid_i_4/CO[2]
                         net (fo=3, routed)           0.673    19.588    TREE_GENERATE_INST/SORTER/CELL_ARRAY_GEN[218].MIDDLE_CELLS.cell_inst_mid_i_4_n_1
    SLICE_X54Y41         LUT5 (Prop_lut5_I4_O)        0.310    19.898 r  TREE_GENERATE_INST/SORTER/CELL_ARRAY_GEN[218].MIDDLE_CELLS.cell_inst_mid_i_1/O
                         net (fo=24, routed)          1.148    21.046    TREE_GENERATE_INST/SORTER/CELL_ARRAY_GEN[218].MIDDLE_CELLS.cell_inst_mid/write_en
    SLICE_X52Y39         LUT2 (Prop_lut2_I0_O)        0.149    21.195 r  TREE_GENERATE_INST/SORTER/CELL_ARRAY_GEN[218].MIDDLE_CELLS.cell_inst_mid/r_freq[13]_i_1/O
                         net (fo=14, routed)          1.820    23.015    TREE_GENERATE_INST/SORTER/CELL_ARRAY_GEN[218].MIDDLE_CELLS.cell_inst_mid/r_symbol
    SLICE_X90Y46         FDRE                                         r  TREE_GENERATE_INST/SORTER/CELL_ARRAY_GEN[218].MIDDLE_CELLS.cell_inst_mid/r_freq_reg[3]/CE
  -------------------------------------------------------------------    -------------------

                         (clock clk_out1_clk_wiz_0_1 rise edge)
                                                     25.000    25.000 r  
    H16                                               0.000    25.000 r  clk (IN)
                         net (fo=0)                   0.000    25.000    CLOCK_WIZ_INST/inst/clk_in1
    H16                  IBUF (Prop_ibuf_I_O)         1.380    26.380 r  CLOCK_WIZ_INST/inst/clkin1_ibufg/O
                         net (fo=1, routed)           1.162    27.542    CLOCK_WIZ_INST/inst/clk_in1_clk_wiz_0
    MMCME2_ADV_X1Y2      MMCME2_ADV (Prop_mmcme2_adv_CLKIN1_CLKOUT0)
                                                     -7.814    19.728 r  CLOCK_WIZ_INST/inst/mmcm_adv_inst/CLKOUT0
                         net (fo=1, routed)           2.012    21.740    CLOCK_WIZ_INST/inst/clk_out1_clk_wiz_0
    BUFGCTRL_X0Y16       BUFG (Prop_bufg_I_O)         0.091    21.831 r  CLOCK_WIZ_INST/inst/clkout1_buf/O
                         net (fo=14289, routed)       1.622    23.454    TREE_GENERATE_INST/SORTER/CELL_ARRAY_GEN[218].MIDDLE_CELLS.cell_inst_mid/clk
    SLICE_X90Y46         FDRE                                         r  TREE_GENERATE_INST/SORTER/CELL_ARRAY_GEN[218].MIDDLE_CELLS.cell_inst_mid/r_freq_reg[3]/C
                         clock pessimism              0.452    23.906    
                         clock uncertainty           -0.082    23.824    
    SLICE_X90Y46         FDRE (Setup_fdre_C_CE)      -0.377    23.447    TREE_GENERATE_INST/SORTER/CELL_ARRAY_GEN[218].MIDDLE_CELLS.cell_inst_mid/r_freq_reg[3]
  -------------------------------------------------------------------
                         required time                         23.447    
                         arrival time                         -23.015    
  -------------------------------------------------------------------
                         slack                                  0.432    

Slack (MET) :             0.437ns  (required time - arrival time)
  Source:                 TREE_GENERATE_INST/SORTER/CELL_ARRAY_GEN[254].MIDDLE_CELLS.cell_inst_mid_i_339_psbram_2/C
                            (rising edge-triggered cell FDRE clocked by clk_out1_clk_wiz_0_1  {rise@0.000ns fall@12.500ns period=25.000ns})
  Destination:            TREE_GENERATE_INST/SORTER/CELL_ARRAY_GEN[4].MIDDLE_CELLS.cell_inst_mid/r_freq_reg[8]/CE
                            (rising edge-triggered cell FDRE clocked by clk_out1_clk_wiz_0_1  {rise@0.000ns fall@12.500ns period=25.000ns})
  Path Group:             clk_out1_clk_wiz_0_1
  Path Type:              Setup (Max at Slow Process Corner)
  Requirement:            25.000ns  (clk_out1_clk_wiz_0_1 rise@25.000ns - clk_out1_clk_wiz_0_1 rise@0.000ns)
  Data Path Delay:        23.981ns  (logic 4.474ns (18.656%)  route 19.507ns (81.344%))
  Logic Levels:           19  (CARRY4=4 LUT2=1 LUT3=3 LUT4=1 LUT5=2 LUT6=7 MUXF7=1)
  Clock Path Skew:        -0.092ns (DCD - SCD + CPR)
    Destination Clock Delay (DCD):    -1.634ns = ( 23.366 - 25.000 ) 
    Source Clock Delay      (SCD):    -1.075ns
    Clock Pessimism Removal (CPR):    0.466ns
  Clock Uncertainty:      0.082ns  ((TSJ^2 + DJ^2)^1/2) / 2 + PE
    Total System Jitter     (TSJ):    0.071ns
    Discrete Jitter          (DJ):    0.147ns
    Phase Error              (PE):    0.000ns

    Location             Delay type                Incr(ns)  Path(ns)    Netlist Resource(s)
  -------------------------------------------------------------------    -------------------
                         (clock clk_out1_clk_wiz_0_1 rise edge)
                                                      0.000     0.000 r  
    H16                                               0.000     0.000 r  clk (IN)
                         net (fo=0)                   0.000     0.000    CLOCK_WIZ_INST/inst/clk_in1
    H16                  IBUF (Prop_ibuf_I_O)         1.451     1.451 r  CLOCK_WIZ_INST/inst/clkin1_ibufg/O
                         net (fo=1, routed)           1.285     2.736    CLOCK_WIZ_INST/inst/clk_in1_clk_wiz_0
    MMCME2_ADV_X1Y2      MMCME2_ADV (Prop_mmcme2_adv_CLKIN1_CLKOUT0)
                                                     -7.759    -5.023 r  CLOCK_WIZ_INST/inst/mmcm_adv_inst/CLKOUT0
                         net (fo=1, routed)           2.206    -2.817    CLOCK_WIZ_INST/inst/clk_out1_clk_wiz_0
    BUFGCTRL_X0Y16       BUFG (Prop_bufg_I_O)         0.101    -2.716 r  CLOCK_WIZ_INST/inst/clkout1_buf/O
                         net (fo=14289, routed)       1.641    -1.075    TREE_GENERATE_INST/SORTER/clk
    SLICE_X48Y67         FDRE                                         r  TREE_GENERATE_INST/SORTER/CELL_ARRAY_GEN[254].MIDDLE_CELLS.cell_inst_mid_i_339_psbram_2/C
  -------------------------------------------------------------------    -------------------
    SLICE_X48Y67         FDRE (Prop_fdre_C_Q)         0.456    -0.619 r  TREE_GENERATE_INST/SORTER/CELL_ARRAY_GEN[254].MIDDLE_CELLS.cell_inst_mid_i_339_psbram_2/Q
                         net (fo=255, routed)         1.759     1.140    TREE_GENERATE_INST/SORTER/input_symbol[0]
    SLICE_X53Y81         LUT6 (Prop_lut6_I1_O)        0.124     1.264 f  TREE_GENERATE_INST/SORTER/CELL_ARRAY_GEN[255].LAST_CELL.cell_inst_last_i_1856/O
                         net (fo=1, routed)           0.642     1.906    TREE_GENERATE_INST/SORTER/CELL_ARRAY_GEN[255].LAST_CELL.cell_inst_last_i_1856_n_0
    SLICE_X54Y80         LUT6 (Prop_lut6_I5_O)        0.124     2.030 f  TREE_GENERATE_INST/SORTER/CELL_ARRAY_GEN[255].LAST_CELL.cell_inst_last_i_1081/O
                         net (fo=3, routed)           1.266     3.296    TREE_GENERATE_INST/SORTER/match_idx_var180_out
    SLICE_X41Y81         LUT3 (Prop_lut3_I0_O)        0.124     3.420 f  TREE_GENERATE_INST/SORTER/CELL_ARRAY_GEN[255].LAST_CELL.cell_inst_last_i_417/O
                         net (fo=6, routed)           0.989     4.409    TREE_GENERATE_INST/SORTER/CELL_ARRAY_GEN[255].LAST_CELL.cell_inst_last_i_417_n_0
    SLICE_X40Y84         LUT5 (Prop_lut5_I2_O)        0.124     4.533 f  TREE_GENERATE_INST/SORTER/CELL_ARRAY_GEN[255].LAST_CELL.cell_inst_last_i_169/O
                         net (fo=8, routed)           0.802     5.335    TREE_GENERATE_INST/SORTER/CELL_ARRAY_GEN[255].LAST_CELL.cell_inst_last_i_169_n_0
    SLICE_X38Y82         LUT3 (Prop_lut3_I1_O)        0.124     5.459 f  TREE_GENERATE_INST/SORTER/CELL_ARRAY_GEN[255].LAST_CELL.cell_inst_last_i_148/O
                         net (fo=10, routed)          1.099     6.558    TREE_GENERATE_INST/SORTER/CELL_ARRAY_GEN[255].LAST_CELL.cell_inst_last_i_148_n_0
    SLICE_X58Y82         LUT6 (Prop_lut6_I5_O)        0.124     6.682 r  TREE_GENERATE_INST/SORTER/CELL_ARRAY_GEN[254].MIDDLE_CELLS.cell_inst_mid_i_42/O
                         net (fo=16, routed)          1.879     8.561    TREE_GENERATE_INST/SORTER/CELL_ARRAY_GEN[254].MIDDLE_CELLS.cell_inst_mid_i_42_n_0
    SLICE_X64Y56         LUT6 (Prop_lut6_I1_O)        0.124     8.685 r  TREE_GENERATE_INST/SORTER/CELL_ARRAY_GEN[255].LAST_CELL.cell_inst_last_i_1357/O
                         net (fo=118, routed)         2.078    10.763    TREE_GENERATE_INST/SORTER/CELL_ARRAY_GEN[255].LAST_CELL.cell_inst_last_i_1357_n_0
    SLICE_X104Y43        LUT6 (Prop_lut6_I2_O)        0.124    10.887 r  TREE_GENERATE_INST/SORTER/CELL_ARRAY_GEN[255].LAST_CELL.cell_inst_last_i_1392/O
                         net (fo=1, routed)           0.820    11.707    TREE_GENERATE_INST/SORTER/CELL_ARRAY_GEN[255].LAST_CELL.cell_inst_last_i_1392_n_0
    SLICE_X104Y42        LUT6 (Prop_lut6_I1_O)        0.124    11.831 r  TREE_GENERATE_INST/SORTER/CELL_ARRAY_GEN[255].LAST_CELL.cell_inst_last_i_799/O
                         net (fo=1, routed)           0.000    11.831    TREE_GENERATE_INST/SORTER/CELL_ARRAY_GEN[255].LAST_CELL.cell_inst_last_i_799_n_0
    SLICE_X104Y42        MUXF7 (Prop_muxf7_I0_O)      0.209    12.040 r  TREE_GENERATE_INST/SORTER/CELL_ARRAY_GEN[255].LAST_CELL.cell_inst_last_i_296/O
                         net (fo=1, routed)           0.759    12.799    TREE_GENERATE_INST/SORTER/CELL_ARRAY_GEN[255].LAST_CELL.cell_inst_last_i_296_n_0
    SLICE_X96Y42         LUT3 (Prop_lut3_I1_O)        0.297    13.096 r  TREE_GENERATE_INST/SORTER/CELL_ARRAY_GEN[255].LAST_CELL.cell_inst_last_i_122/O
                         net (fo=1, routed)           1.069    14.165    TREE_GENERATE_INST/SORTER/CELL_ARRAY_GEN[255].LAST_CELL.cell_inst_last_i_122_n_0
    SLICE_X89Y43         LUT6 (Prop_lut6_I3_O)        0.124    14.289 r  TREE_GENERATE_INST/SORTER/CELL_ARRAY_GEN[255].LAST_CELL.cell_inst_last_i_55/O
                         net (fo=515, routed)         0.860    15.149    TREE_GENERATE_INST/SORTER/freqs[0][0]
    SLICE_X80Y46         CARRY4 (Prop_carry4_CYINIT_CO[3])
                                                      0.580    15.729 r  TREE_GENERATE_INST/SORTER/CELL_ARRAY_GEN[255].LAST_CELL.cell_inst_last_i_54/CO[3]
                         net (fo=1, routed)           0.000    15.729    TREE_GENERATE_INST/SORTER/CELL_ARRAY_GEN[255].LAST_CELL.cell_inst_last_i_54_n_0
    SLICE_X80Y47         CARRY4 (Prop_carry4_CI_CO[3])
                                                      0.114    15.843 r  TREE_GENERATE_INST/SORTER/CELL_ARRAY_GEN[255].LAST_CELL.cell_inst_last_i_53/CO[3]
                         net (fo=1, routed)           0.000    15.843    TREE_GENERATE_INST/SORTER/CELL_ARRAY_GEN[255].LAST_CELL.cell_inst_last_i_53_n_0
    SLICE_X80Y48         CARRY4 (Prop_carry4_CI_O[2])
                                                      0.239    16.082 r  TREE_GENERATE_INST/SORTER/CELL_ARRAY_GEN[255].LAST_CELL.cell_inst_last_i_52/O[2]
                         net (fo=513, routed)         1.877    17.959    TREE_GENERATE_INST/SORTER/plusOp[11]
    SLICE_X53Y51         LUT4 (Prop_lut4_I1_O)        0.302    18.261 r  TREE_GENERATE_INST/SORTER/CELL_ARRAY_GEN[4].MIDDLE_CELLS.cell_inst_mid_i_14/O
                         net (fo=1, routed)           0.000    18.261    TREE_GENERATE_INST/SORTER/CELL_ARRAY_GEN[4].MIDDLE_CELLS.cell_inst_mid_i_14_n_0
    SLICE_X53Y51         CARRY4 (Prop_carry4_S[1]_CO[2])
                                                      0.570    18.831 r  TREE_GENERATE_INST/SORTER/CELL_ARRAY_GEN[4].MIDDLE_CELLS.cell_inst_mid_i_4/CO[2]
                         net (fo=3, routed)           0.910    19.741    TREE_GENERATE_INST/SORTER/CELL_ARRAY_GEN[4].MIDDLE_CELLS.cell_inst_mid_i_4_n_1
    SLICE_X55Y56         LUT5 (Prop_lut5_I4_O)        0.313    20.054 r  TREE_GENERATE_INST/SORTER/CELL_ARRAY_GEN[4].MIDDLE_CELLS.cell_inst_mid_i_1/O
                         net (fo=24, routed)          1.017    21.071    TREE_GENERATE_INST/SORTER/CELL_ARRAY_GEN[4].MIDDLE_CELLS.cell_inst_mid/write_en
    SLICE_X57Y58         LUT2 (Prop_lut2_I0_O)        0.154    21.225 r  TREE_GENERATE_INST/SORTER/CELL_ARRAY_GEN[4].MIDDLE_CELLS.cell_inst_mid/r_freq[13]_i_1/O
                         net (fo=14, routed)          1.681    22.906    TREE_GENERATE_INST/SORTER/CELL_ARRAY_GEN[4].MIDDLE_CELLS.cell_inst_mid/r_symbol
    SLICE_X88Y80         FDRE                                         r  TREE_GENERATE_INST/SORTER/CELL_ARRAY_GEN[4].MIDDLE_CELLS.cell_inst_mid/r_freq_reg[8]/CE
  -------------------------------------------------------------------    -------------------

                         (clock clk_out1_clk_wiz_0_1 rise edge)
                                                     25.000    25.000 r  
    H16                                               0.000    25.000 r  clk (IN)
                         net (fo=0)                   0.000    25.000    CLOCK_WIZ_INST/inst/clk_in1
    H16                  IBUF (Prop_ibuf_I_O)         1.380    26.380 r  CLOCK_WIZ_INST/inst/clkin1_ibufg/O
                         net (fo=1, routed)           1.162    27.542    CLOCK_WIZ_INST/inst/clk_in1_clk_wiz_0
    MMCME2_ADV_X1Y2      MMCME2_ADV (Prop_mmcme2_adv_CLKIN1_CLKOUT0)
                                                     -7.814    19.728 r  CLOCK_WIZ_INST/inst/mmcm_adv_inst/CLKOUT0
                         net (fo=1, routed)           2.012    21.740    CLOCK_WIZ_INST/inst/clk_out1_clk_wiz_0
    BUFGCTRL_X0Y16       BUFG (Prop_bufg_I_O)         0.091    21.831 r  CLOCK_WIZ_INST/inst/clkout1_buf/O
                         net (fo=14289, routed)       1.535    23.366    TREE_GENERATE_INST/SORTER/CELL_ARRAY_GEN[4].MIDDLE_CELLS.cell_inst_mid/clk
    SLICE_X88Y80         FDRE                                         r  TREE_GENERATE_INST/SORTER/CELL_ARRAY_GEN[4].MIDDLE_CELLS.cell_inst_mid/r_freq_reg[8]/C
                         clock pessimism              0.466    23.832    
                         clock uncertainty           -0.082    23.751    
    SLICE_X88Y80         FDRE (Setup_fdre_C_CE)      -0.408    23.343    TREE_GENERATE_INST/SORTER/CELL_ARRAY_GEN[4].MIDDLE_CELLS.cell_inst_mid/r_freq_reg[8]
  -------------------------------------------------------------------
                         required time                         23.343    
                         arrival time                         -22.906    
  -------------------------------------------------------------------
                         slack                                  0.437    

Slack (MET) :             0.437ns  (required time - arrival time)
  Source:                 TREE_GENERATE_INST/SORTER/CELL_ARRAY_GEN[254].MIDDLE_CELLS.cell_inst_mid_i_339_psbram_2/C
                            (rising edge-triggered cell FDRE clocked by clk_out1_clk_wiz_0_1  {rise@0.000ns fall@12.500ns period=25.000ns})
  Destination:            TREE_GENERATE_INST/SORTER/CELL_ARRAY_GEN[4].MIDDLE_CELLS.cell_inst_mid/r_freq_reg[9]/CE
                            (rising edge-triggered cell FDRE clocked by clk_out1_clk_wiz_0_1  {rise@0.000ns fall@12.500ns period=25.000ns})
  Path Group:             clk_out1_clk_wiz_0_1
  Path Type:              Setup (Max at Slow Process Corner)
  Requirement:            25.000ns  (clk_out1_clk_wiz_0_1 rise@25.000ns - clk_out1_clk_wiz_0_1 rise@0.000ns)
  Data Path Delay:        23.981ns  (logic 4.474ns (18.656%)  route 19.507ns (81.344%))
  Logic Levels:           19  (CARRY4=4 LUT2=1 LUT3=3 LUT4=1 LUT5=2 LUT6=7 MUXF7=1)
  Clock Path Skew:        -0.092ns (DCD - SCD + CPR)
    Destination Clock Delay (DCD):    -1.634ns = ( 23.366 - 25.000 ) 
    Source Clock Delay      (SCD):    -1.075ns
    Clock Pessimism Removal (CPR):    0.466ns
  Clock Uncertainty:      0.082ns  ((TSJ^2 + DJ^2)^1/2) / 2 + PE
    Total System Jitter     (TSJ):    0.071ns
    Discrete Jitter          (DJ):    0.147ns
    Phase Error              (PE):    0.000ns

    Location             Delay type                Incr(ns)  Path(ns)    Netlist Resource(s)
  -------------------------------------------------------------------    -------------------
                         (clock clk_out1_clk_wiz_0_1 rise edge)
                                                      0.000     0.000 r  
    H16                                               0.000     0.000 r  clk (IN)
                         net (fo=0)                   0.000     0.000    CLOCK_WIZ_INST/inst/clk_in1
    H16                  IBUF (Prop_ibuf_I_O)         1.451     1.451 r  CLOCK_WIZ_INST/inst/clkin1_ibufg/O
                         net (fo=1, routed)           1.285     2.736    CLOCK_WIZ_INST/inst/clk_in1_clk_wiz_0
    MMCME2_ADV_X1Y2      MMCME2_ADV (Prop_mmcme2_adv_CLKIN1_CLKOUT0)
                                                     -7.759    -5.023 r  CLOCK_WIZ_INST/inst/mmcm_adv_inst/CLKOUT0
                         net (fo=1, routed)           2.206    -2.817    CLOCK_WIZ_INST/inst/clk_out1_clk_wiz_0
    BUFGCTRL_X0Y16       BUFG (Prop_bufg_I_O)         0.101    -2.716 r  CLOCK_WIZ_INST/inst/clkout1_buf/O
                         net (fo=14289, routed)       1.641    -1.075    TREE_GENERATE_INST/SORTER/clk
    SLICE_X48Y67         FDRE                                         r  TREE_GENERATE_INST/SORTER/CELL_ARRAY_GEN[254].MIDDLE_CELLS.cell_inst_mid_i_339_psbram_2/C
  -------------------------------------------------------------------    -------------------
    SLICE_X48Y67         FDRE (Prop_fdre_C_Q)         0.456    -0.619 r  TREE_GENERATE_INST/SORTER/CELL_ARRAY_GEN[254].MIDDLE_CELLS.cell_inst_mid_i_339_psbram_2/Q
                         net (fo=255, routed)         1.759     1.140    TREE_GENERATE_INST/SORTER/input_symbol[0]
    SLICE_X53Y81         LUT6 (Prop_lut6_I1_O)        0.124     1.264 f  TREE_GENERATE_INST/SORTER/CELL_ARRAY_GEN[255].LAST_CELL.cell_inst_last_i_1856/O
                         net (fo=1, routed)           0.642     1.906    TREE_GENERATE_INST/SORTER/CELL_ARRAY_GEN[255].LAST_CELL.cell_inst_last_i_1856_n_0
    SLICE_X54Y80         LUT6 (Prop_lut6_I5_O)        0.124     2.030 f  TREE_GENERATE_INST/SORTER/CELL_ARRAY_GEN[255].LAST_CELL.cell_inst_last_i_1081/O
                         net (fo=3, routed)           1.266     3.296    TREE_GENERATE_INST/SORTER/match_idx_var180_out
    SLICE_X41Y81         LUT3 (Prop_lut3_I0_O)        0.124     3.420 f  TREE_GENERATE_INST/SORTER/CELL_ARRAY_GEN[255].LAST_CELL.cell_inst_last_i_417/O
                         net (fo=6, routed)           0.989     4.409    TREE_GENERATE_INST/SORTER/CELL_ARRAY_GEN[255].LAST_CELL.cell_inst_last_i_417_n_0
    SLICE_X40Y84         LUT5 (Prop_lut5_I2_O)        0.124     4.533 f  TREE_GENERATE_INST/SORTER/CELL_ARRAY_GEN[255].LAST_CELL.cell_inst_last_i_169/O
                         net (fo=8, routed)           0.802     5.335    TREE_GENERATE_INST/SORTER/CELL_ARRAY_GEN[255].LAST_CELL.cell_inst_last_i_169_n_0
    SLICE_X38Y82         LUT3 (Prop_lut3_I1_O)        0.124     5.459 f  TREE_GENERATE_INST/SORTER/CELL_ARRAY_GEN[255].LAST_CELL.cell_inst_last_i_148/O
                         net (fo=10, routed)          1.099     6.558    TREE_GENERATE_INST/SORTER/CELL_ARRAY_GEN[255].LAST_CELL.cell_inst_last_i_148_n_0
    SLICE_X58Y82         LUT6 (Prop_lut6_I5_O)        0.124     6.682 r  TREE_GENERATE_INST/SORTER/CELL_ARRAY_GEN[254].MIDDLE_CELLS.cell_inst_mid_i_42/O
                         net (fo=16, routed)          1.879     8.561    TREE_GENERATE_INST/SORTER/CELL_ARRAY_GEN[254].MIDDLE_CELLS.cell_inst_mid_i_42_n_0
    SLICE_X64Y56         LUT6 (Prop_lut6_I1_O)        0.124     8.685 r  TREE_GENERATE_INST/SORTER/CELL_ARRAY_GEN[255].LAST_CELL.cell_inst_last_i_1357/O
                         net (fo=118, routed)         2.078    10.763    TREE_GENERATE_INST/SORTER/CELL_ARRAY_GEN[255].LAST_CELL.cell_inst_last_i_1357_n_0
    SLICE_X104Y43        LUT6 (Prop_lut6_I2_O)        0.124    10.887 r  TREE_GENERATE_INST/SORTER/CELL_ARRAY_GEN[255].LAST_CELL.cell_inst_last_i_1392/O
                         net (fo=1, routed)           0.820    11.707    TREE_GENERATE_INST/SORTER/CELL_ARRAY_GEN[255].LAST_CELL.cell_inst_last_i_1392_n_0
    SLICE_X104Y42        LUT6 (Prop_lut6_I1_O)        0.124    11.831 r  TREE_GENERATE_INST/SORTER/CELL_ARRAY_GEN[255].LAST_CELL.cell_inst_last_i_799/O
                         net (fo=1, routed)           0.000    11.831    TREE_GENERATE_INST/SORTER/CELL_ARRAY_GEN[255].LAST_CELL.cell_inst_last_i_799_n_0
    SLICE_X104Y42        MUXF7 (Prop_muxf7_I0_O)      0.209    12.040 r  TREE_GENERATE_INST/SORTER/CELL_ARRAY_GEN[255].LAST_CELL.cell_inst_last_i_296/O
                         net (fo=1, routed)           0.759    12.799    TREE_GENERATE_INST/SORTER/CELL_ARRAY_GEN[255].LAST_CELL.cell_inst_last_i_296_n_0
    SLICE_X96Y42         LUT3 (Prop_lut3_I1_O)        0.297    13.096 r  TREE_GENERATE_INST/SORTER/CELL_ARRAY_GEN[255].LAST_CELL.cell_inst_last_i_122/O
                         net (fo=1, routed)           1.069    14.165    TREE_GENERATE_INST/SORTER/CELL_ARRAY_GEN[255].LAST_CELL.cell_inst_last_i_122_n_0
    SLICE_X89Y43         LUT6 (Prop_lut6_I3_O)        0.124    14.289 r  TREE_GENERATE_INST/SORTER/CELL_ARRAY_GEN[255].LAST_CELL.cell_inst_last_i_55/O
                         net (fo=515, routed)         0.860    15.149    TREE_GENERATE_INST/SORTER/freqs[0][0]
    SLICE_X80Y46         CARRY4 (Prop_carry4_CYINIT_CO[3])
                                                      0.580    15.729 r  TREE_GENERATE_INST/SORTER/CELL_ARRAY_GEN[255].LAST_CELL.cell_inst_last_i_54/CO[3]
                         net (fo=1, routed)           0.000    15.729    TREE_GENERATE_INST/SORTER/CELL_ARRAY_GEN[255].LAST_CELL.cell_inst_last_i_54_n_0
    SLICE_X80Y47         CARRY4 (Prop_carry4_CI_CO[3])
                                                      0.114    15.843 r  TREE_GENERATE_INST/SORTER/CELL_ARRAY_GEN[255].LAST_CELL.cell_inst_last_i_53/CO[3]
                         net (fo=1, routed)           0.000    15.843    TREE_GENERATE_INST/SORTER/CELL_ARRAY_GEN[255].LAST_CELL.cell_inst_last_i_53_n_0
    SLICE_X80Y48         CARRY4 (Prop_carry4_CI_O[2])
                                                      0.239    16.082 r  TREE_GENERATE_INST/SORTER/CELL_ARRAY_GEN[255].LAST_CELL.cell_inst_last_i_52/O[2]
                         net (fo=513, routed)         1.877    17.959    TREE_GENERATE_INST/SORTER/plusOp[11]
    SLICE_X53Y51         LUT4 (Prop_lut4_I1_O)        0.302    18.261 r  TREE_GENERATE_INST/SORTER/CELL_ARRAY_GEN[4].MIDDLE_CELLS.cell_inst_mid_i_14/O
                         net (fo=1, routed)           0.000    18.261    TREE_GENERATE_INST/SORTER/CELL_ARRAY_GEN[4].MIDDLE_CELLS.cell_inst_mid_i_14_n_0
    SLICE_X53Y51         CARRY4 (Prop_carry4_S[1]_CO[2])
                                                      0.570    18.831 r  TREE_GENERATE_INST/SORTER/CELL_ARRAY_GEN[4].MIDDLE_CELLS.cell_inst_mid_i_4/CO[2]
                         net (fo=3, routed)           0.910    19.741    TREE_GENERATE_INST/SORTER/CELL_ARRAY_GEN[4].MIDDLE_CELLS.cell_inst_mid_i_4_n_1
    SLICE_X55Y56         LUT5 (Prop_lut5_I4_O)        0.313    20.054 r  TREE_GENERATE_INST/SORTER/CELL_ARRAY_GEN[4].MIDDLE_CELLS.cell_inst_mid_i_1/O
                         net (fo=24, routed)          1.017    21.071    TREE_GENERATE_INST/SORTER/CELL_ARRAY_GEN[4].MIDDLE_CELLS.cell_inst_mid/write_en
    SLICE_X57Y58         LUT2 (Prop_lut2_I0_O)        0.154    21.225 r  TREE_GENERATE_INST/SORTER/CELL_ARRAY_GEN[4].MIDDLE_CELLS.cell_inst_mid/r_freq[13]_i_1/O
                         net (fo=14, routed)          1.681    22.906    TREE_GENERATE_INST/SORTER/CELL_ARRAY_GEN[4].MIDDLE_CELLS.cell_inst_mid/r_symbol
    SLICE_X88Y80         FDRE                                         r  TREE_GENERATE_INST/SORTER/CELL_ARRAY_GEN[4].MIDDLE_CELLS.cell_inst_mid/r_freq_reg[9]/CE
  -------------------------------------------------------------------    -------------------

                         (clock clk_out1_clk_wiz_0_1 rise edge)
                                                     25.000    25.000 r  
    H16                                               0.000    25.000 r  clk (IN)
                         net (fo=0)                   0.000    25.000    CLOCK_WIZ_INST/inst/clk_in1
    H16                  IBUF (Prop_ibuf_I_O)         1.380    26.380 r  CLOCK_WIZ_INST/inst/clkin1_ibufg/O
                         net (fo=1, routed)           1.162    27.542    CLOCK_WIZ_INST/inst/clk_in1_clk_wiz_0
    MMCME2_ADV_X1Y2      MMCME2_ADV (Prop_mmcme2_adv_CLKIN1_CLKOUT0)
                                                     -7.814    19.728 r  CLOCK_WIZ_INST/inst/mmcm_adv_inst/CLKOUT0
                         net (fo=1, routed)           2.012    21.740    CLOCK_WIZ_INST/inst/clk_out1_clk_wiz_0
    BUFGCTRL_X0Y16       BUFG (Prop_bufg_I_O)         0.091    21.831 r  CLOCK_WIZ_INST/inst/clkout1_buf/O
                         net (fo=14289, routed)       1.535    23.366    TREE_GENERATE_INST/SORTER/CELL_ARRAY_GEN[4].MIDDLE_CELLS.cell_inst_mid/clk
    SLICE_X88Y80         FDRE                                         r  TREE_GENERATE_INST/SORTER/CELL_ARRAY_GEN[4].MIDDLE_CELLS.cell_inst_mid/r_freq_reg[9]/C
                         clock pessimism              0.466    23.832    
                         clock uncertainty           -0.082    23.751    
    SLICE_X88Y80         FDRE (Setup_fdre_C_CE)      -0.408    23.343    TREE_GENERATE_INST/SORTER/CELL_ARRAY_GEN[4].MIDDLE_CELLS.cell_inst_mid/r_freq_reg[9]
  -------------------------------------------------------------------
                         required time                         23.343    
                         arrival time                         -22.906    
  -------------------------------------------------------------------
                         slack                                  0.437    





Min Delay Paths
--------------------------------------------------------------------------------------
Slack (MET) :             0.107ns  (arrival time - required time)
  Source:                 CANONICAL_CODE_GENERATE_INST/dict_wr_addr_reg[2]/C
                            (rising edge-triggered cell FDRE clocked by clk_out1_clk_wiz_0_1  {rise@0.000ns fall@12.500ns period=25.000ns})
  Destination:            CANONICAL_CODE_GENERATE_INST/DICTIONARY_BRAM/ram_name_reg/ADDRBWRADDR[7]
                            (rising edge-triggered cell RAMB18E1 clocked by clk_out1_clk_wiz_0_1  {rise@0.000ns fall@12.500ns period=25.000ns})
  Path Group:             clk_out1_clk_wiz_0_1
  Path Type:              Hold (Min at Fast Process Corner)
  Requirement:            0.000ns  (clk_out1_clk_wiz_0_1 rise@0.000ns - clk_out1_clk_wiz_0_1 rise@0.000ns)
  Data Path Delay:        0.348ns  (logic 0.141ns (40.491%)  route 0.207ns (59.509%))
  Logic Levels:           0  
  Clock Path Skew:        0.058ns (DCD - SCD - CPR)
    Destination Clock Delay (DCD):    -0.732ns
    Source Clock Delay      (SCD):    -0.541ns
    Clock Pessimism Removal (CPR):    -0.250ns

    Location             Delay type                Incr(ns)  Path(ns)    Netlist Resource(s)
  -------------------------------------------------------------------    -------------------
                         (clock clk_out1_clk_wiz_0_1 rise edge)
                                                      0.000     0.000 r  
    H16                                               0.000     0.000 r  clk (IN)
                         net (fo=0)                   0.000     0.000    CLOCK_WIZ_INST/inst/clk_in1
    H16                  IBUF (Prop_ibuf_I_O)         0.219     0.219 r  CLOCK_WIZ_INST/inst/clkin1_ibufg/O
                         net (fo=1, routed)           0.440     0.659    CLOCK_WIZ_INST/inst/clk_in1_clk_wiz_0
    MMCME2_ADV_X1Y2      MMCME2_ADV (Prop_mmcme2_adv_CLKIN1_CLKOUT0)
                                                     -2.613    -1.954 r  CLOCK_WIZ_INST/inst/mmcm_adv_inst/CLKOUT0
                         net (fo=1, routed)           0.696    -1.257    CLOCK_WIZ_INST/inst/clk_out1_clk_wiz_0
    BUFGCTRL_X0Y16       BUFG (Prop_bufg_I_O)         0.026    -1.231 r  CLOCK_WIZ_INST/inst/clkout1_buf/O
                         net (fo=14289, routed)       0.690    -0.541    CANONICAL_CODE_GENERATE_INST/clk
    SLICE_X105Y105       FDRE                                         r  CANONICAL_CODE_GENERATE_INST/dict_wr_addr_reg[2]/C
  -------------------------------------------------------------------    -------------------
    SLICE_X105Y105       FDRE (Prop_fdre_C_Q)         0.141    -0.400 r  CANONICAL_CODE_GENERATE_INST/dict_wr_addr_reg[2]/Q
                         net (fo=1, routed)           0.207    -0.193    CANONICAL_CODE_GENERATE_INST/DICTIONARY_BRAM/addra[2]
    RAMB18_X5Y42         RAMB18E1                                     r  CANONICAL_CODE_GENERATE_INST/DICTIONARY_BRAM/ram_name_reg/ADDRBWRADDR[7]
  -------------------------------------------------------------------    -------------------

                         (clock clk_out1_clk_wiz_0_1 rise edge)
                                                      0.000     0.000 r  
    H16                                               0.000     0.000 r  clk (IN)
                         net (fo=0)                   0.000     0.000    CLOCK_WIZ_INST/inst/clk_in1
    H16                  IBUF (Prop_ibuf_I_O)         0.406     0.406 r  CLOCK_WIZ_INST/inst/clkin1_ibufg/O
                         net (fo=1, routed)           0.480     0.886    CLOCK_WIZ_INST/inst/clk_in1_clk_wiz_0
    MMCME2_ADV_X1Y2      MMCME2_ADV (Prop_mmcme2_adv_CLKIN1_CLKOUT0)
                                                     -3.407    -2.521 r  CLOCK_WIZ_INST/inst/mmcm_adv_inst/CLKOUT0
                         net (fo=1, routed)           0.752    -1.769    CLOCK_WIZ_INST/inst/clk_out1_clk_wiz_0
    BUFGCTRL_X0Y16       BUFG (Prop_bufg_I_O)         0.029    -1.740 r  CLOCK_WIZ_INST/inst/clkout1_buf/O
                         net (fo=14289, routed)       1.007    -0.732    CANONICAL_CODE_GENERATE_INST/DICTIONARY_BRAM/clka
    RAMB18_X5Y42         RAMB18E1                                     r  CANONICAL_CODE_GENERATE_INST/DICTIONARY_BRAM/ram_name_reg/CLKBWRCLK
                         clock pessimism              0.250    -0.483    
    RAMB18_X5Y42         RAMB18E1 (Hold_ramb18e1_CLKBWRCLK_ADDRBWRADDR[7])
                                                      0.183    -0.300    CANONICAL_CODE_GENERATE_INST/DICTIONARY_BRAM/ram_name_reg
  -------------------------------------------------------------------
                         required time                          0.300    
                         arrival time                          -0.193    
  -------------------------------------------------------------------
                         slack                                  0.107    

Slack (MET) :             0.128ns  (arrival time - required time)
  Source:                 TREE_GENERATE_INST/SORTER/CELL_ARRAY_GEN[220].MIDDLE_CELLS.cell_inst_mid/r_symbol_reg[2]/C
                            (rising edge-triggered cell FDSE clocked by clk_out1_clk_wiz_0_1  {rise@0.000ns fall@12.500ns period=25.000ns})
  Destination:            TREE_GENERATE_INST/SORTER/CELL_ARRAY_GEN[219].MIDDLE_CELLS.cell_inst_mid/r_symbol_reg[2]/D
                            (rising edge-triggered cell FDRE clocked by clk_out1_clk_wiz_0_1  {rise@0.000ns fall@12.500ns period=25.000ns})
  Path Group:             clk_out1_clk_wiz_0_1
  Path Type:              Hold (Min at Fast Process Corner)
  Requirement:            0.000ns  (clk_out1_clk_wiz_0_1 rise@0.000ns - clk_out1_clk_wiz_0_1 rise@0.000ns)
  Data Path Delay:        0.501ns  (logic 0.186ns (37.124%)  route 0.315ns (62.876%))
  Logic Levels:           1  (LUT6=1)
  Clock Path Skew:        0.281ns (DCD - SCD - CPR)
    Destination Clock Delay (DCD):    -0.882ns
    Source Clock Delay      (SCD):    -0.654ns
    Clock Pessimism Removal (CPR):    -0.509ns

    Location             Delay type                Incr(ns)  Path(ns)    Netlist Resource(s)
  -------------------------------------------------------------------    -------------------
                         (clock clk_out1_clk_wiz_0_1 rise edge)
                                                      0.000     0.000 r  
    H16                                               0.000     0.000 r  clk (IN)
                         net (fo=0)                   0.000     0.000    CLOCK_WIZ_INST/inst/clk_in1
    H16                  IBUF (Prop_ibuf_I_O)         0.219     0.219 r  CLOCK_WIZ_INST/inst/clkin1_ibufg/O
                         net (fo=1, routed)           0.440     0.659    CLOCK_WIZ_INST/inst/clk_in1_clk_wiz_0
    MMCME2_ADV_X1Y2      MMCME2_ADV (Prop_mmcme2_adv_CLKIN1_CLKOUT0)
                                                     -2.613    -1.954 r  CLOCK_WIZ_INST/inst/mmcm_adv_inst/CLKOUT0
                         net (fo=1, routed)           0.696    -1.257    CLOCK_WIZ_INST/inst/clk_out1_clk_wiz_0
    BUFGCTRL_X0Y16       BUFG (Prop_bufg_I_O)         0.026    -1.231 r  CLOCK_WIZ_INST/inst/clkout1_buf/O
                         net (fo=14289, routed)       0.577    -0.654    TREE_GENERATE_INST/SORTER/CELL_ARRAY_GEN[220].MIDDLE_CELLS.cell_inst_mid/clk
    SLICE_X28Y50         FDSE                                         r  TREE_GENERATE_INST/SORTER/CELL_ARRAY_GEN[220].MIDDLE_CELLS.cell_inst_mid/r_symbol_reg[2]/C
  -------------------------------------------------------------------    -------------------
    SLICE_X28Y50         FDSE (Prop_fdse_C_Q)         0.141    -0.513 r  TREE_GENERATE_INST/SORTER/CELL_ARRAY_GEN[220].MIDDLE_CELLS.cell_inst_mid/r_symbol_reg[2]/Q
                         net (fo=5, routed)           0.315    -0.198    TREE_GENERATE_INST/SORTER/CELL_ARRAY_GEN[219].MIDDLE_CELLS.cell_inst_mid/right_symbol[2]
    SLICE_X28Y45         LUT6 (Prop_lut6_I0_O)        0.045    -0.153 r  TREE_GENERATE_INST/SORTER/CELL_ARRAY_GEN[219].MIDDLE_CELLS.cell_inst_mid/r_symbol[2]_i_1/O
                         net (fo=1, routed)           0.000    -0.153    TREE_GENERATE_INST/SORTER/CELL_ARRAY_GEN[219].MIDDLE_CELLS.cell_inst_mid/r_symbol[2]_i_1_n_0
    SLICE_X28Y45         FDRE                                         r  TREE_GENERATE_INST/SORTER/CELL_ARRAY_GEN[219].MIDDLE_CELLS.cell_inst_mid/r_symbol_reg[2]/D
  -------------------------------------------------------------------    -------------------

                         (clock clk_out1_clk_wiz_0_1 rise edge)
                                                      0.000     0.000 r  
    H16                                               0.000     0.000 r  clk (IN)
                         net (fo=0)                   0.000     0.000    CLOCK_WIZ_INST/inst/clk_in1
    H16                  IBUF (Prop_ibuf_I_O)         0.406     0.406 r  CLOCK_WIZ_INST/inst/clkin1_ibufg/O
                         net (fo=1, routed)           0.480     0.886    CLOCK_WIZ_INST/inst/clk_in1_clk_wiz_0
    MMCME2_ADV_X1Y2      MMCME2_ADV (Prop_mmcme2_adv_CLKIN1_CLKOUT0)
                                                     -3.407    -2.521 r  CLOCK_WIZ_INST/inst/mmcm_adv_inst/CLKOUT0
                         net (fo=1, routed)           0.752    -1.769    CLOCK_WIZ_INST/inst/clk_out1_clk_wiz_0
    BUFGCTRL_X0Y16       BUFG (Prop_bufg_I_O)         0.029    -1.740 r  CLOCK_WIZ_INST/inst/clkout1_buf/O
                         net (fo=14289, routed)       0.858    -0.882    TREE_GENERATE_INST/SORTER/CELL_ARRAY_GEN[219].MIDDLE_CELLS.cell_inst_mid/clk
    SLICE_X28Y45         FDRE                                         r  TREE_GENERATE_INST/SORTER/CELL_ARRAY_GEN[219].MIDDLE_CELLS.cell_inst_mid/r_symbol_reg[2]/C
                         clock pessimism              0.509    -0.373    
    SLICE_X28Y45         FDRE (Hold_fdre_C_D)         0.092    -0.281    TREE_GENERATE_INST/SORTER/CELL_ARRAY_GEN[219].MIDDLE_CELLS.cell_inst_mid/r_symbol_reg[2]
  -------------------------------------------------------------------
                         required time                          0.281    
                         arrival time                          -0.153    
  -------------------------------------------------------------------
                         slack                                  0.128    

Slack (MET) :             0.143ns  (arrival time - required time)
  Source:                 TREE_GENERATE_INST/SORTER/CELL_ARRAY_GEN[217].MIDDLE_CELLS.cell_inst_mid/r_freq_reg[7]/C
                            (rising edge-triggered cell FDRE clocked by clk_out1_clk_wiz_0_1  {rise@0.000ns fall@12.500ns period=25.000ns})
  Destination:            TREE_GENERATE_INST/SORTER/CELL_ARRAY_GEN[216].MIDDLE_CELLS.cell_inst_mid/r_freq_reg[7]/D
                            (rising edge-triggered cell FDRE clocked by clk_out1_clk_wiz_0_1  {rise@0.000ns fall@12.500ns period=25.000ns})
  Path Group:             clk_out1_clk_wiz_0_1
  Path Type:              Hold (Min at Fast Process Corner)
  Requirement:            0.000ns  (clk_out1_clk_wiz_0_1 rise@0.000ns - clk_out1_clk_wiz_0_1 rise@0.000ns)
  Data Path Delay:        0.533ns  (logic 0.247ns (46.376%)  route 0.286ns (53.624%))
  Logic Levels:           1  (LUT3=1)
  Clock Path Skew:        0.258ns (DCD - SCD - CPR)
    Destination Clock Delay (DCD):    -0.916ns
    Source Clock Delay      (SCD):    -0.671ns
    Clock Pessimism Removal (CPR):    -0.504ns

    Location             Delay type                Incr(ns)  Path(ns)    Netlist Resource(s)
  -------------------------------------------------------------------    -------------------
                         (clock clk_out1_clk_wiz_0_1 rise edge)
                                                      0.000     0.000 r  
    H16                                               0.000     0.000 r  clk (IN)
                         net (fo=0)                   0.000     0.000    CLOCK_WIZ_INST/inst/clk_in1
    H16                  IBUF (Prop_ibuf_I_O)         0.219     0.219 r  CLOCK_WIZ_INST/inst/clkin1_ibufg/O
                         net (fo=1, routed)           0.440     0.659    CLOCK_WIZ_INST/inst/clk_in1_clk_wiz_0
    MMCME2_ADV_X1Y2      MMCME2_ADV (Prop_mmcme2_adv_CLKIN1_CLKOUT0)
                                                     -2.613    -1.954 r  CLOCK_WIZ_INST/inst/mmcm_adv_inst/CLKOUT0
                         net (fo=1, routed)           0.696    -1.257    CLOCK_WIZ_INST/inst/clk_out1_clk_wiz_0
    BUFGCTRL_X0Y16       BUFG (Prop_bufg_I_O)         0.026    -1.231 r  CLOCK_WIZ_INST/inst/clkout1_buf/O
                         net (fo=14289, routed)       0.561    -0.671    TREE_GENERATE_INST/SORTER/CELL_ARRAY_GEN[217].MIDDLE_CELLS.cell_inst_mid/clk
    SLICE_X42Y41         FDRE                                         r  TREE_GENERATE_INST/SORTER/CELL_ARRAY_GEN[217].MIDDLE_CELLS.cell_inst_mid/r_freq_reg[7]/C
  -------------------------------------------------------------------    -------------------
    SLICE_X42Y41         FDRE (Prop_fdre_C_Q)         0.148    -0.523 r  TREE_GENERATE_INST/SORTER/CELL_ARRAY_GEN[217].MIDDLE_CELLS.cell_inst_mid/r_freq_reg[7]/Q
                         net (fo=6, routed)           0.286    -0.237    TREE_GENERATE_INST/SORTER/CELL_ARRAY_GEN[216].MIDDLE_CELLS.cell_inst_mid/right_freq[7]
    SLICE_X50Y41         LUT3 (Prop_lut3_I2_O)        0.099    -0.138 r  TREE_GENERATE_INST/SORTER/CELL_ARRAY_GEN[216].MIDDLE_CELLS.cell_inst_mid/r_freq[7]_i_1/O
                         net (fo=1, routed)           0.000    -0.138    TREE_GENERATE_INST/SORTER/CELL_ARRAY_GEN[216].MIDDLE_CELLS.cell_inst_mid/r_freq[7]_i_1_n_0
    SLICE_X50Y41         FDRE                                         r  TREE_GENERATE_INST/SORTER/CELL_ARRAY_GEN[216].MIDDLE_CELLS.cell_inst_mid/r_freq_reg[7]/D
  -------------------------------------------------------------------    -------------------

                         (clock clk_out1_clk_wiz_0_1 rise edge)
                                                      0.000     0.000 r  
    H16                                               0.000     0.000 r  clk (IN)
                         net (fo=0)                   0.000     0.000    CLOCK_WIZ_INST/inst/clk_in1
    H16                  IBUF (Prop_ibuf_I_O)         0.406     0.406 r  CLOCK_WIZ_INST/inst/clkin1_ibufg/O
                         net (fo=1, routed)           0.480     0.886    CLOCK_WIZ_INST/inst/clk_in1_clk_wiz_0
    MMCME2_ADV_X1Y2      MMCME2_ADV (Prop_mmcme2_adv_CLKIN1_CLKOUT0)
                                                     -3.407    -2.521 r  CLOCK_WIZ_INST/inst/mmcm_adv_inst/CLKOUT0
                         net (fo=1, routed)           0.752    -1.769    CLOCK_WIZ_INST/inst/clk_out1_clk_wiz_0
    BUFGCTRL_X0Y16       BUFG (Prop_bufg_I_O)         0.029    -1.740 r  CLOCK_WIZ_INST/inst/clkout1_buf/O
                         net (fo=14289, routed)       0.824    -0.916    TREE_GENERATE_INST/SORTER/CELL_ARRAY_GEN[216].MIDDLE_CELLS.cell_inst_mid/clk
    SLICE_X50Y41         FDRE                                         r  TREE_GENERATE_INST/SORTER/CELL_ARRAY_GEN[216].MIDDLE_CELLS.cell_inst_mid/r_freq_reg[7]/C
                         clock pessimism              0.504    -0.412    
    SLICE_X50Y41         FDRE (Hold_fdre_C_D)         0.131    -0.281    TREE_GENERATE_INST/SORTER/CELL_ARRAY_GEN[216].MIDDLE_CELLS.cell_inst_mid/r_freq_reg[7]
  -------------------------------------------------------------------
                         required time                          0.281    
                         arrival time                          -0.138    
  -------------------------------------------------------------------
                         slack                                  0.143    

Slack (MET) :             0.145ns  (arrival time - required time)
  Source:                 TREE_GENERATE_INST/SORTER/CELL_ARRAY_GEN[134].MIDDLE_CELLS.cell_inst_mid/r_symbol_reg[6]/C
                            (rising edge-triggered cell FDRE clocked by clk_out1_clk_wiz_0_1  {rise@0.000ns fall@12.500ns period=25.000ns})
  Destination:            TREE_GENERATE_INST/SORTER/CELL_ARRAY_GEN[133].MIDDLE_CELLS.cell_inst_mid/r_symbol_reg[6]/D
                            (rising edge-triggered cell FDRE clocked by clk_out1_clk_wiz_0_1  {rise@0.000ns fall@12.500ns period=25.000ns})
  Path Group:             clk_out1_clk_wiz_0_1
  Path Type:              Hold (Min at Fast Process Corner)
  Requirement:            0.000ns  (clk_out1_clk_wiz_0_1 rise@0.000ns - clk_out1_clk_wiz_0_1 rise@0.000ns)
  Data Path Delay:        0.507ns  (logic 0.209ns (41.215%)  route 0.298ns (58.785%))
  Logic Levels:           1  (LUT3=1)
  Clock Path Skew:        0.270ns (DCD - SCD - CPR)
    Destination Clock Delay (DCD):    -0.920ns
    Source Clock Delay      (SCD):    -0.686ns
    Clock Pessimism Removal (CPR):    -0.504ns

    Location             Delay type                Incr(ns)  Path(ns)    Netlist Resource(s)
  -------------------------------------------------------------------    -------------------
                         (clock clk_out1_clk_wiz_0_1 rise edge)
                                                      0.000     0.000 r  
    H16                                               0.000     0.000 r  clk (IN)
                         net (fo=0)                   0.000     0.000    CLOCK_WIZ_INST/inst/clk_in1
    H16                  IBUF (Prop_ibuf_I_O)         0.219     0.219 r  CLOCK_WIZ_INST/inst/clkin1_ibufg/O
                         net (fo=1, routed)           0.440     0.659    CLOCK_WIZ_INST/inst/clk_in1_clk_wiz_0
    MMCME2_ADV_X1Y2      MMCME2_ADV (Prop_mmcme2_adv_CLKIN1_CLKOUT0)
                                                     -2.613    -1.954 r  CLOCK_WIZ_INST/inst/mmcm_adv_inst/CLKOUT0
                         net (fo=1, routed)           0.696    -1.257    CLOCK_WIZ_INST/inst/clk_out1_clk_wiz_0
    BUFGCTRL_X0Y16       BUFG (Prop_bufg_I_O)         0.026    -1.231 r  CLOCK_WIZ_INST/inst/clkout1_buf/O
                         net (fo=14289, routed)       0.545    -0.686    TREE_GENERATE_INST/SORTER/CELL_ARRAY_GEN[134].MIDDLE_CELLS.cell_inst_mid/clk
    SLICE_X50Y68         FDRE                                         r  TREE_GENERATE_INST/SORTER/CELL_ARRAY_GEN[134].MIDDLE_CELLS.cell_inst_mid/r_symbol_reg[6]/C
  -------------------------------------------------------------------    -------------------
    SLICE_X50Y68         FDRE (Prop_fdre_C_Q)         0.164    -0.522 r  TREE_GENERATE_INST/SORTER/CELL_ARRAY_GEN[134].MIDDLE_CELLS.cell_inst_mid/r_symbol_reg[6]/Q
                         net (fo=5, routed)           0.298    -0.224    TREE_GENERATE_INST/SORTER/CELL_ARRAY_GEN[133].MIDDLE_CELLS.cell_inst_mid/right_symbol[6]
    SLICE_X40Y62         LUT3 (Prop_lut3_I2_O)        0.045    -0.179 r  TREE_GENERATE_INST/SORTER/CELL_ARRAY_GEN[133].MIDDLE_CELLS.cell_inst_mid/r_symbol[6]_i_2/O
                         net (fo=1, routed)           0.000    -0.179    TREE_GENERATE_INST/SORTER/CELL_ARRAY_GEN[133].MIDDLE_CELLS.cell_inst_mid/r_symbol[6]_i_2_n_0
    SLICE_X40Y62         FDRE                                         r  TREE_GENERATE_INST/SORTER/CELL_ARRAY_GEN[133].MIDDLE_CELLS.cell_inst_mid/r_symbol_reg[6]/D
  -------------------------------------------------------------------    -------------------

                         (clock clk_out1_clk_wiz_0_1 rise edge)
                                                      0.000     0.000 r  
    H16                                               0.000     0.000 r  clk (IN)
                         net (fo=0)                   0.000     0.000    CLOCK_WIZ_INST/inst/clk_in1
    H16                  IBUF (Prop_ibuf_I_O)         0.406     0.406 r  CLOCK_WIZ_INST/inst/clkin1_ibufg/O
                         net (fo=1, routed)           0.480     0.886    CLOCK_WIZ_INST/inst/clk_in1_clk_wiz_0
    MMCME2_ADV_X1Y2      MMCME2_ADV (Prop_mmcme2_adv_CLKIN1_CLKOUT0)
                                                     -3.407    -2.521 r  CLOCK_WIZ_INST/inst/mmcm_adv_inst/CLKOUT0
                         net (fo=1, routed)           0.752    -1.769    CLOCK_WIZ_INST/inst/clk_out1_clk_wiz_0
    BUFGCTRL_X0Y16       BUFG (Prop_bufg_I_O)         0.029    -1.740 r  CLOCK_WIZ_INST/inst/clkout1_buf/O
                         net (fo=14289, routed)       0.820    -0.920    TREE_GENERATE_INST/SORTER/CELL_ARRAY_GEN[133].MIDDLE_CELLS.cell_inst_mid/clk
    SLICE_X40Y62         FDRE                                         r  TREE_GENERATE_INST/SORTER/CELL_ARRAY_GEN[133].MIDDLE_CELLS.cell_inst_mid/r_symbol_reg[6]/C
                         clock pessimism              0.504    -0.416    
    SLICE_X40Y62         FDRE (Hold_fdre_C_D)         0.092    -0.324    TREE_GENERATE_INST/SORTER/CELL_ARRAY_GEN[133].MIDDLE_CELLS.cell_inst_mid/r_symbol_reg[6]
  -------------------------------------------------------------------
                         required time                          0.324    
                         arrival time                          -0.179    
  -------------------------------------------------------------------
                         slack                                  0.145    

Slack (MET) :             0.151ns  (arrival time - required time)
  Source:                 UART_TX_INST/tx_par_bit_reg/C
                            (rising edge-triggered cell FDRE clocked by clk_out1_clk_wiz_0_1  {rise@0.000ns fall@12.500ns period=25.000ns})
  Destination:            UART_TX_INST/tx_reg/D
                            (rising edge-triggered cell FDRE clocked by clk_out1_clk_wiz_0_1  {rise@0.000ns fall@12.500ns period=25.000ns})
  Path Group:             clk_out1_clk_wiz_0_1
  Path Type:              Hold (Min at Fast Process Corner)
  Requirement:            0.000ns  (clk_out1_clk_wiz_0_1 rise@0.000ns - clk_out1_clk_wiz_0_1 rise@0.000ns)
  Data Path Delay:        0.284ns  (logic 0.186ns (65.445%)  route 0.098ns (34.555%))
  Logic Levels:           1  (LUT6=1)
  Clock Path Skew:        0.013ns (DCD - SCD - CPR)
    Destination Clock Delay (DCD):    -0.775ns
    Source Clock Delay      (SCD):    -0.541ns
    Clock Pessimism Removal (CPR):    -0.247ns

    Location             Delay type                Incr(ns)  Path(ns)    Netlist Resource(s)
  -------------------------------------------------------------------    -------------------
                         (clock clk_out1_clk_wiz_0_1 rise edge)
                                                      0.000     0.000 r  
    H16                                               0.000     0.000 r  clk (IN)
                         net (fo=0)                   0.000     0.000    CLOCK_WIZ_INST/inst/clk_in1
    H16                  IBUF (Prop_ibuf_I_O)         0.219     0.219 r  CLOCK_WIZ_INST/inst/clkin1_ibufg/O
                         net (fo=1, routed)           0.440     0.659    CLOCK_WIZ_INST/inst/clk_in1_clk_wiz_0
    MMCME2_ADV_X1Y2      MMCME2_ADV (Prop_mmcme2_adv_CLKIN1_CLKOUT0)
                                                     -2.613    -1.954 r  CLOCK_WIZ_INST/inst/mmcm_adv_inst/CLKOUT0
                         net (fo=1, routed)           0.696    -1.257    CLOCK_WIZ_INST/inst/clk_out1_clk_wiz_0
    BUFGCTRL_X0Y16       BUFG (Prop_bufg_I_O)         0.026    -1.231 r  CLOCK_WIZ_INST/inst/clkout1_buf/O
                         net (fo=14289, routed)       0.690    -0.541    UART_TX_INST/clk
    SLICE_X105Y103       FDRE                                         r  UART_TX_INST/tx_par_bit_reg/C
  -------------------------------------------------------------------    -------------------
    SLICE_X105Y103       FDRE (Prop_fdre_C_Q)         0.141    -0.400 r  UART_TX_INST/tx_par_bit_reg/Q
                         net (fo=2, routed)           0.098    -0.302    UART_TX_INST/tx_par_bit_reg_n_0
    SLICE_X104Y103       LUT6 (Prop_lut6_I5_O)        0.045    -0.257 r  UART_TX_INST/tx_i_1/O
                         net (fo=1, routed)           0.000    -0.257    UART_TX_INST/tx_i_1_n_0
    SLICE_X104Y103       FDRE                                         r  UART_TX_INST/tx_reg/D
  -------------------------------------------------------------------    -------------------

                         (clock clk_out1_clk_wiz_0_1 rise edge)
                                                      0.000     0.000 r  
    H16                                               0.000     0.000 r  clk (IN)
                         net (fo=0)                   0.000     0.000    CLOCK_WIZ_INST/inst/clk_in1
    H16                  IBUF (Prop_ibuf_I_O)         0.406     0.406 r  CLOCK_WIZ_INST/inst/clkin1_ibufg/O
                         net (fo=1, routed)           0.480     0.886    CLOCK_WIZ_INST/inst/clk_in1_clk_wiz_0
    MMCME2_ADV_X1Y2      MMCME2_ADV (Prop_mmcme2_adv_CLKIN1_CLKOUT0)
                                                     -3.407    -2.521 r  CLOCK_WIZ_INST/inst/mmcm_adv_inst/CLKOUT0
                         net (fo=1, routed)           0.752    -1.769    CLOCK_WIZ_INST/inst/clk_out1_clk_wiz_0
    BUFGCTRL_X0Y16       BUFG (Prop_bufg_I_O)         0.029    -1.740 r  CLOCK_WIZ_INST/inst/clkout1_buf/O
                         net (fo=14289, routed)       0.965    -0.775    UART_TX_INST/clk
    SLICE_X104Y103       FDRE                                         r  UART_TX_INST/tx_reg/C
                         clock pessimism              0.247    -0.528    
    SLICE_X104Y103       FDRE (Hold_fdre_C_D)         0.120    -0.408    UART_TX_INST/tx_reg
  -------------------------------------------------------------------
                         required time                          0.408    
                         arrival time                          -0.257    
  -------------------------------------------------------------------
                         slack                                  0.151    

Slack (MET) :             0.155ns  (arrival time - required time)
  Source:                 TREE_GENERATE_INST/SORTER/CELL_ARRAY_GEN[156].MIDDLE_CELLS.cell_inst_mid/r_symbol_reg[6]/C
                            (rising edge-triggered cell FDRE clocked by clk_out1_clk_wiz_0_1  {rise@0.000ns fall@12.500ns period=25.000ns})
  Destination:            TREE_GENERATE_INST/SORTER/CELL_ARRAY_GEN[155].MIDDLE_CELLS.cell_inst_mid/r_symbol_reg[6]/D
                            (rising edge-triggered cell FDRE clocked by clk_out1_clk_wiz_0_1  {rise@0.000ns fall@12.500ns period=25.000ns})
  Path Group:             clk_out1_clk_wiz_0_1
  Path Type:              Hold (Min at Fast Process Corner)
  Requirement:            0.000ns  (clk_out1_clk_wiz_0_1 rise@0.000ns - clk_out1_clk_wiz_0_1 rise@0.000ns)
  Data Path Delay:        0.506ns  (logic 0.226ns (44.630%)  route 0.280ns (55.370%))
  Logic Levels:           1  (LUT6=1)
  Clock Path Skew:        0.259ns (DCD - SCD - CPR)
    Destination Clock Delay (DCD):    -0.922ns
    Source Clock Delay      (SCD):    -0.677ns
    Clock Pessimism Removal (CPR):    -0.504ns

    Location             Delay type                Incr(ns)  Path(ns)    Netlist Resource(s)
  -------------------------------------------------------------------    -------------------
                         (clock clk_out1_clk_wiz_0_1 rise edge)
                                                      0.000     0.000 r  
    H16                                               0.000     0.000 r  clk (IN)
                         net (fo=0)                   0.000     0.000    CLOCK_WIZ_INST/inst/clk_in1
    H16                  IBUF (Prop_ibuf_I_O)         0.219     0.219 r  CLOCK_WIZ_INST/inst/clkin1_ibufg/O
                         net (fo=1, routed)           0.440     0.659    CLOCK_WIZ_INST/inst/clk_in1_clk_wiz_0
    MMCME2_ADV_X1Y2      MMCME2_ADV (Prop_mmcme2_adv_CLKIN1_CLKOUT0)
                                                     -2.613    -1.954 r  CLOCK_WIZ_INST/inst/mmcm_adv_inst/CLKOUT0
                         net (fo=1, routed)           0.696    -1.257    CLOCK_WIZ_INST/inst/clk_out1_clk_wiz_0
    BUFGCTRL_X0Y16       BUFG (Prop_bufg_I_O)         0.026    -1.231 r  CLOCK_WIZ_INST/inst/clkout1_buf/O
                         net (fo=14289, routed)       0.554    -0.677    TREE_GENERATE_INST/SORTER/CELL_ARRAY_GEN[156].MIDDLE_CELLS.cell_inst_mid/clk
    SLICE_X48Y59         FDRE                                         r  TREE_GENERATE_INST/SORTER/CELL_ARRAY_GEN[156].MIDDLE_CELLS.cell_inst_mid/r_symbol_reg[6]/C
  -------------------------------------------------------------------    -------------------
    SLICE_X48Y59         FDRE (Prop_fdre_C_Q)         0.128    -0.549 r  TREE_GENERATE_INST/SORTER/CELL_ARRAY_GEN[156].MIDDLE_CELLS.cell_inst_mid/r_symbol_reg[6]/Q
                         net (fo=5, routed)           0.280    -0.269    TREE_GENERATE_INST/SORTER/CELL_ARRAY_GEN[155].MIDDLE_CELLS.cell_inst_mid/right_symbol[6]
    SLICE_X51Y60         LUT6 (Prop_lut6_I0_O)        0.098    -0.171 r  TREE_GENERATE_INST/SORTER/CELL_ARRAY_GEN[155].MIDDLE_CELLS.cell_inst_mid/r_symbol[6]_i_1/O
                         net (fo=1, routed)           0.000    -0.171    TREE_GENERATE_INST/SORTER/CELL_ARRAY_GEN[155].MIDDLE_CELLS.cell_inst_mid/r_symbol[6]_i_1_n_0
    SLICE_X51Y60         FDRE                                         r  TREE_GENERATE_INST/SORTER/CELL_ARRAY_GEN[155].MIDDLE_CELLS.cell_inst_mid/r_symbol_reg[6]/D
  -------------------------------------------------------------------    -------------------

                         (clock clk_out1_clk_wiz_0_1 rise edge)
                                                      0.000     0.000 r  
    H16                                               0.000     0.000 r  clk (IN)
                         net (fo=0)                   0.000     0.000    CLOCK_WIZ_INST/inst/clk_in1
    H16                  IBUF (Prop_ibuf_I_O)         0.406     0.406 r  CLOCK_WIZ_INST/inst/clkin1_ibufg/O
                         net (fo=1, routed)           0.480     0.886    CLOCK_WIZ_INST/inst/clk_in1_clk_wiz_0
    MMCME2_ADV_X1Y2      MMCME2_ADV (Prop_mmcme2_adv_CLKIN1_CLKOUT0)
                                                     -3.407    -2.521 r  CLOCK_WIZ_INST/inst/mmcm_adv_inst/CLKOUT0
                         net (fo=1, routed)           0.752    -1.769    CLOCK_WIZ_INST/inst/clk_out1_clk_wiz_0
    BUFGCTRL_X0Y16       BUFG (Prop_bufg_I_O)         0.029    -1.740 r  CLOCK_WIZ_INST/inst/clkout1_buf/O
                         net (fo=14289, routed)       0.818    -0.922    TREE_GENERATE_INST/SORTER/CELL_ARRAY_GEN[155].MIDDLE_CELLS.cell_inst_mid/clk
    SLICE_X51Y60         FDRE                                         r  TREE_GENERATE_INST/SORTER/CELL_ARRAY_GEN[155].MIDDLE_CELLS.cell_inst_mid/r_symbol_reg[6]/C
                         clock pessimism              0.504    -0.418    
    SLICE_X51Y60         FDRE (Hold_fdre_C_D)         0.092    -0.326    TREE_GENERATE_INST/SORTER/CELL_ARRAY_GEN[155].MIDDLE_CELLS.cell_inst_mid/r_symbol_reg[6]
  -------------------------------------------------------------------
                         required time                          0.326    
                         arrival time                          -0.171    
  -------------------------------------------------------------------
                         slack                                  0.155    

Slack (MET) :             0.158ns  (arrival time - required time)
  Source:                 CANONICAL_CODE_GENERATE_INST/dict_wr_addr_reg[3]/C
                            (rising edge-triggered cell FDRE clocked by clk_out1_clk_wiz_0_1  {rise@0.000ns fall@12.500ns period=25.000ns})
  Destination:            CANONICAL_CODE_GENERATE_INST/DICTIONARY_BRAM/ram_name_reg/ADDRBWRADDR[8]
                            (rising edge-triggered cell RAMB18E1 clocked by clk_out1_clk_wiz_0_1  {rise@0.000ns fall@12.500ns period=25.000ns})
  Path Group:             clk_out1_clk_wiz_0_1
  Path Type:              Hold (Min at Fast Process Corner)
  Requirement:            0.000ns  (clk_out1_clk_wiz_0_1 rise@0.000ns - clk_out1_clk_wiz_0_1 rise@0.000ns)
  Data Path Delay:        0.400ns  (logic 0.141ns (35.278%)  route 0.259ns (64.722%))
  Logic Levels:           0  
  Clock Path Skew:        0.058ns (DCD - SCD - CPR)
    Destination Clock Delay (DCD):    -0.732ns
    Source Clock Delay      (SCD):    -0.541ns
    Clock Pessimism Removal (CPR):    -0.250ns

    Location             Delay type                Incr(ns)  Path(ns)    Netlist Resource(s)
  -------------------------------------------------------------------    -------------------
                         (clock clk_out1_clk_wiz_0_1 rise edge)
                                                      0.000     0.000 r  
    H16                                               0.000     0.000 r  clk (IN)
                         net (fo=0)                   0.000     0.000    CLOCK_WIZ_INST/inst/clk_in1
    H16                  IBUF (Prop_ibuf_I_O)         0.219     0.219 r  CLOCK_WIZ_INST/inst/clkin1_ibufg/O
                         net (fo=1, routed)           0.440     0.659    CLOCK_WIZ_INST/inst/clk_in1_clk_wiz_0
    MMCME2_ADV_X1Y2      MMCME2_ADV (Prop_mmcme2_adv_CLKIN1_CLKOUT0)
                                                     -2.613    -1.954 r  CLOCK_WIZ_INST/inst/mmcm_adv_inst/CLKOUT0
                         net (fo=1, routed)           0.696    -1.257    CLOCK_WIZ_INST/inst/clk_out1_clk_wiz_0
    BUFGCTRL_X0Y16       BUFG (Prop_bufg_I_O)         0.026    -1.231 r  CLOCK_WIZ_INST/inst/clkout1_buf/O
                         net (fo=14289, routed)       0.690    -0.541    CANONICAL_CODE_GENERATE_INST/clk
    SLICE_X105Y105       FDRE                                         r  CANONICAL_CODE_GENERATE_INST/dict_wr_addr_reg[3]/C
  -------------------------------------------------------------------    -------------------
    SLICE_X105Y105       FDRE (Prop_fdre_C_Q)         0.141    -0.400 r  CANONICAL_CODE_GENERATE_INST/dict_wr_addr_reg[3]/Q
                         net (fo=1, routed)           0.259    -0.141    CANONICAL_CODE_GENERATE_INST/DICTIONARY_BRAM/addra[3]
    RAMB18_X5Y42         RAMB18E1                                     r  CANONICAL_CODE_GENERATE_INST/DICTIONARY_BRAM/ram_name_reg/ADDRBWRADDR[8]
  -------------------------------------------------------------------    -------------------

                         (clock clk_out1_clk_wiz_0_1 rise edge)
                                                      0.000     0.000 r  
    H16                                               0.000     0.000 r  clk (IN)
                         net (fo=0)                   0.000     0.000    CLOCK_WIZ_INST/inst/clk_in1
    H16                  IBUF (Prop_ibuf_I_O)         0.406     0.406 r  CLOCK_WIZ_INST/inst/clkin1_ibufg/O
                         net (fo=1, routed)           0.480     0.886    CLOCK_WIZ_INST/inst/clk_in1_clk_wiz_0
    MMCME2_ADV_X1Y2      MMCME2_ADV (Prop_mmcme2_adv_CLKIN1_CLKOUT0)
                                                     -3.407    -2.521 r  CLOCK_WIZ_INST/inst/mmcm_adv_inst/CLKOUT0
                         net (fo=1, routed)           0.752    -1.769    CLOCK_WIZ_INST/inst/clk_out1_clk_wiz_0
    BUFGCTRL_X0Y16       BUFG (Prop_bufg_I_O)         0.029    -1.740 r  CLOCK_WIZ_INST/inst/clkout1_buf/O
                         net (fo=14289, routed)       1.007    -0.732    CANONICAL_CODE_GENERATE_INST/DICTIONARY_BRAM/clka
    RAMB18_X5Y42         RAMB18E1                                     r  CANONICAL_CODE_GENERATE_INST/DICTIONARY_BRAM/ram_name_reg/CLKBWRCLK
                         clock pessimism              0.250    -0.483    
    RAMB18_X5Y42         RAMB18E1 (Hold_ramb18e1_CLKBWRCLK_ADDRBWRADDR[8])
                                                      0.183    -0.300    CANONICAL_CODE_GENERATE_INST/DICTIONARY_BRAM/ram_name_reg
  -------------------------------------------------------------------
                         required time                          0.300    
                         arrival time                          -0.141    
  -------------------------------------------------------------------
                         slack                                  0.158    

Slack (MET) :             0.159ns  (arrival time - required time)
  Source:                 TREE_GENERATE_INST/tree_addr_reg_reg[2]/C
                            (rising edge-triggered cell FDRE clocked by clk_out1_clk_wiz_0_1  {rise@0.000ns fall@12.500ns period=25.000ns})
  Destination:            TREE_GENERATE_INST/LEFT_CHILD/ram_name_reg/ADDRARDADDR[6]
                            (rising edge-triggered cell RAMB18E1 clocked by clk_out1_clk_wiz_0_1  {rise@0.000ns fall@12.500ns period=25.000ns})
  Path Group:             clk_out1_clk_wiz_0_1
  Path Type:              Hold (Min at Fast Process Corner)
  Requirement:            0.000ns  (clk_out1_clk_wiz_0_1 rise@0.000ns - clk_out1_clk_wiz_0_1 rise@0.000ns)
  Data Path Delay:        0.394ns  (logic 0.141ns (35.794%)  route 0.253ns (64.206%))
  Logic Levels:           0  
  Clock Path Skew:        0.051ns (DCD - SCD - CPR)
    Destination Clock Delay (DCD):    -0.836ns
    Source Clock Delay      (SCD):    -0.633ns
    Clock Pessimism Removal (CPR):    -0.254ns

    Location             Delay type                Incr(ns)  Path(ns)    Netlist Resource(s)
  -------------------------------------------------------------------    -------------------
                         (clock clk_out1_clk_wiz_0_1 rise edge)
                                                      0.000     0.000 r  
    H16                                               0.000     0.000 r  clk (IN)
                         net (fo=0)                   0.000     0.000    CLOCK_WIZ_INST/inst/clk_in1
    H16                  IBUF (Prop_ibuf_I_O)         0.219     0.219 r  CLOCK_WIZ_INST/inst/clkin1_ibufg/O
                         net (fo=1, routed)           0.440     0.659    CLOCK_WIZ_INST/inst/clk_in1_clk_wiz_0
    MMCME2_ADV_X1Y2      MMCME2_ADV (Prop_mmcme2_adv_CLKIN1_CLKOUT0)
                                                     -2.613    -1.954 r  CLOCK_WIZ_INST/inst/mmcm_adv_inst/CLKOUT0
                         net (fo=1, routed)           0.696    -1.257    CLOCK_WIZ_INST/inst/clk_out1_clk_wiz_0
    BUFGCTRL_X0Y16       BUFG (Prop_bufg_I_O)         0.026    -1.231 r  CLOCK_WIZ_INST/inst/clkout1_buf/O
                         net (fo=14289, routed)       0.598    -0.633    TREE_GENERATE_INST/clk
    SLICE_X91Y69         FDRE                                         r  TREE_GENERATE_INST/tree_addr_reg_reg[2]/C
  -------------------------------------------------------------------    -------------------
    SLICE_X91Y69         FDRE (Prop_fdre_C_Q)         0.141    -0.492 r  TREE_GENERATE_INST/tree_addr_reg_reg[2]/Q
                         net (fo=2, routed)           0.253    -0.239    TREE_GENERATE_INST/LEFT_CHILD/addra[2]
    RAMB18_X4Y29         RAMB18E1                                     r  TREE_GENERATE_INST/LEFT_CHILD/ram_name_reg/ADDRARDADDR[6]
  -------------------------------------------------------------------    -------------------

                         (clock clk_out1_clk_wiz_0_1 rise edge)
                                                      0.000     0.000 r  
    H16                                               0.000     0.000 r  clk (IN)
                         net (fo=0)                   0.000     0.000    CLOCK_WIZ_INST/inst/clk_in1
    H16                  IBUF (Prop_ibuf_I_O)         0.406     0.406 r  CLOCK_WIZ_INST/inst/clkin1_ibufg/O
                         net (fo=1, routed)           0.480     0.886    CLOCK_WIZ_INST/inst/clk_in1_clk_wiz_0
    MMCME2_ADV_X1Y2      MMCME2_ADV (Prop_mmcme2_adv_CLKIN1_CLKOUT0)
                                                     -3.407    -2.521 r  CLOCK_WIZ_INST/inst/mmcm_adv_inst/CLKOUT0
                         net (fo=1, routed)           0.752    -1.769    CLOCK_WIZ_INST/inst/clk_out1_clk_wiz_0
    BUFGCTRL_X0Y16       BUFG (Prop_bufg_I_O)         0.029    -1.740 r  CLOCK_WIZ_INST/inst/clkout1_buf/O
                         net (fo=14289, routed)       0.903    -0.836    TREE_GENERATE_INST/LEFT_CHILD/clka
    RAMB18_X4Y29         RAMB18E1                                     r  TREE_GENERATE_INST/LEFT_CHILD/ram_name_reg/CLKARDCLK
                         clock pessimism              0.254    -0.582    
    RAMB18_X4Y29         RAMB18E1 (Hold_ramb18e1_CLKARDCLK_ADDRARDADDR[6])
                                                      0.183    -0.399    TREE_GENERATE_INST/LEFT_CHILD/ram_name_reg
  -------------------------------------------------------------------
                         required time                          0.399    
                         arrival time                          -0.239    
  -------------------------------------------------------------------
                         slack                                  0.159    

Slack (MET) :             0.159ns  (arrival time - required time)
  Source:                 TREE_GENERATE_INST/tree_addr_reg_reg[2]/C
                            (rising edge-triggered cell FDRE clocked by clk_out1_clk_wiz_0_1  {rise@0.000ns fall@12.500ns period=25.000ns})
  Destination:            TREE_GENERATE_INST/RIGHT_CHILD/ram_name_reg/ADDRARDADDR[6]
                            (rising edge-triggered cell RAMB18E1 clocked by clk_out1_clk_wiz_0_1  {rise@0.000ns fall@12.500ns period=25.000ns})
  Path Group:             clk_out1_clk_wiz_0_1
  Path Type:              Hold (Min at Fast Process Corner)
  Requirement:            0.000ns  (clk_out1_clk_wiz_0_1 rise@0.000ns - clk_out1_clk_wiz_0_1 rise@0.000ns)
  Data Path Delay:        0.394ns  (logic 0.141ns (35.794%)  route 0.253ns (64.206%))
  Logic Levels:           0  
  Clock Path Skew:        0.051ns (DCD - SCD - CPR)
    Destination Clock Delay (DCD):    -0.836ns
    Source Clock Delay      (SCD):    -0.633ns
    Clock Pessimism Removal (CPR):    -0.254ns

    Location             Delay type                Incr(ns)  Path(ns)    Netlist Resource(s)
  -------------------------------------------------------------------    -------------------
                         (clock clk_out1_clk_wiz_0_1 rise edge)
                                                      0.000     0.000 r  
    H16                                               0.000     0.000 r  clk (IN)
                         net (fo=0)                   0.000     0.000    CLOCK_WIZ_INST/inst/clk_in1
    H16                  IBUF (Prop_ibuf_I_O)         0.219     0.219 r  CLOCK_WIZ_INST/inst/clkin1_ibufg/O
                         net (fo=1, routed)           0.440     0.659    CLOCK_WIZ_INST/inst/clk_in1_clk_wiz_0
    MMCME2_ADV_X1Y2      MMCME2_ADV (Prop_mmcme2_adv_CLKIN1_CLKOUT0)
                                                     -2.613    -1.954 r  CLOCK_WIZ_INST/inst/mmcm_adv_inst/CLKOUT0
                         net (fo=1, routed)           0.696    -1.257    CLOCK_WIZ_INST/inst/clk_out1_clk_wiz_0
    BUFGCTRL_X0Y16       BUFG (Prop_bufg_I_O)         0.026    -1.231 r  CLOCK_WIZ_INST/inst/clkout1_buf/O
                         net (fo=14289, routed)       0.598    -0.633    TREE_GENERATE_INST/clk
    SLICE_X91Y69         FDRE                                         r  TREE_GENERATE_INST/tree_addr_reg_reg[2]/C
  -------------------------------------------------------------------    -------------------
    SLICE_X91Y69         FDRE (Prop_fdre_C_Q)         0.141    -0.492 r  TREE_GENERATE_INST/tree_addr_reg_reg[2]/Q
                         net (fo=2, routed)           0.253    -0.239    TREE_GENERATE_INST/RIGHT_CHILD/addra[2]
    RAMB18_X4Y28         RAMB18E1                                     r  TREE_GENERATE_INST/RIGHT_CHILD/ram_name_reg/ADDRARDADDR[6]
  -------------------------------------------------------------------    -------------------

                         (clock clk_out1_clk_wiz_0_1 rise edge)
                                                      0.000     0.000 r  
    H16                                               0.000     0.000 r  clk (IN)
                         net (fo=0)                   0.000     0.000    CLOCK_WIZ_INST/inst/clk_in1
    H16                  IBUF (Prop_ibuf_I_O)         0.406     0.406 r  CLOCK_WIZ_INST/inst/clkin1_ibufg/O
                         net (fo=1, routed)           0.480     0.886    CLOCK_WIZ_INST/inst/clk_in1_clk_wiz_0
    MMCME2_ADV_X1Y2      MMCME2_ADV (Prop_mmcme2_adv_CLKIN1_CLKOUT0)
                                                     -3.407    -2.521 r  CLOCK_WIZ_INST/inst/mmcm_adv_inst/CLKOUT0
                         net (fo=1, routed)           0.752    -1.769    CLOCK_WIZ_INST/inst/clk_out1_clk_wiz_0
    BUFGCTRL_X0Y16       BUFG (Prop_bufg_I_O)         0.029    -1.740 r  CLOCK_WIZ_INST/inst/clkout1_buf/O
                         net (fo=14289, routed)       0.903    -0.836    TREE_GENERATE_INST/RIGHT_CHILD/clka
    RAMB18_X4Y28         RAMB18E1                                     r  TREE_GENERATE_INST/RIGHT_CHILD/ram_name_reg/CLKARDCLK
                         clock pessimism              0.254    -0.582    
    RAMB18_X4Y28         RAMB18E1 (Hold_ramb18e1_CLKARDCLK_ADDRARDADDR[6])
                                                      0.183    -0.399    TREE_GENERATE_INST/RIGHT_CHILD/ram_name_reg
  -------------------------------------------------------------------
                         required time                          0.399    
                         arrival time                          -0.239    
  -------------------------------------------------------------------
                         slack                                  0.159    

Slack (MET) :             0.161ns  (arrival time - required time)
  Source:                 TREE_GENERATE_INST/tree_addr_reg_reg[4]/C
                            (rising edge-triggered cell FDRE clocked by clk_out1_clk_wiz_0_1  {rise@0.000ns fall@12.500ns period=25.000ns})
  Destination:            TREE_GENERATE_INST/LEFT_CHILD/ram_name_reg/ADDRARDADDR[8]
                            (rising edge-triggered cell RAMB18E1 clocked by clk_out1_clk_wiz_0_1  {rise@0.000ns fall@12.500ns period=25.000ns})
  Path Group:             clk_out1_clk_wiz_0_1
  Path Type:              Hold (Min at Fast Process Corner)
  Requirement:            0.000ns  (clk_out1_clk_wiz_0_1 rise@0.000ns - clk_out1_clk_wiz_0_1 rise@0.000ns)
  Data Path Delay:        0.395ns  (logic 0.141ns (35.653%)  route 0.254ns (64.347%))
  Logic Levels:           0  
  Clock Path Skew:        0.051ns (DCD - SCD - CPR)
    Destination Clock Delay (DCD):    -0.836ns
    Source Clock Delay      (SCD):    -0.633ns
    Clock Pessimism Removal (CPR):    -0.254ns

    Location             Delay type                Incr(ns)  Path(ns)    Netlist Resource(s)
  -------------------------------------------------------------------    -------------------
                         (clock clk_out1_clk_wiz_0_1 rise edge)
                                                      0.000     0.000 r  
    H16                                               0.000     0.000 r  clk (IN)
                         net (fo=0)                   0.000     0.000    CLOCK_WIZ_INST/inst/clk_in1
    H16                  IBUF (Prop_ibuf_I_O)         0.219     0.219 r  CLOCK_WIZ_INST/inst/clkin1_ibufg/O
                         net (fo=1, routed)           0.440     0.659    CLOCK_WIZ_INST/inst/clk_in1_clk_wiz_0
    MMCME2_ADV_X1Y2      MMCME2_ADV (Prop_mmcme2_adv_CLKIN1_CLKOUT0)
                                                     -2.613    -1.954 r  CLOCK_WIZ_INST/inst/mmcm_adv_inst/CLKOUT0
                         net (fo=1, routed)           0.696    -1.257    CLOCK_WIZ_INST/inst/clk_out1_clk_wiz_0
    BUFGCTRL_X0Y16       BUFG (Prop_bufg_I_O)         0.026    -1.231 r  CLOCK_WIZ_INST/inst/clkout1_buf/O
                         net (fo=14289, routed)       0.598    -0.633    TREE_GENERATE_INST/clk
    SLICE_X91Y69         FDRE                                         r  TREE_GENERATE_INST/tree_addr_reg_reg[4]/C
  -------------------------------------------------------------------    -------------------
    SLICE_X91Y69         FDRE (Prop_fdre_C_Q)         0.141    -0.492 r  TREE_GENERATE_INST/tree_addr_reg_reg[4]/Q
                         net (fo=2, routed)           0.254    -0.238    TREE_GENERATE_INST/LEFT_CHILD/addra[4]
    RAMB18_X4Y29         RAMB18E1                                     r  TREE_GENERATE_INST/LEFT_CHILD/ram_name_reg/ADDRARDADDR[8]
  -------------------------------------------------------------------    -------------------

                         (clock clk_out1_clk_wiz_0_1 rise edge)
                                                      0.000     0.000 r  
    H16                                               0.000     0.000 r  clk (IN)
                         net (fo=0)                   0.000     0.000    CLOCK_WIZ_INST/inst/clk_in1
    H16                  IBUF (Prop_ibuf_I_O)         0.406     0.406 r  CLOCK_WIZ_INST/inst/clkin1_ibufg/O
                         net (fo=1, routed)           0.480     0.886    CLOCK_WIZ_INST/inst/clk_in1_clk_wiz_0
    MMCME2_ADV_X1Y2      MMCME2_ADV (Prop_mmcme2_adv_CLKIN1_CLKOUT0)
                                                     -3.407    -2.521 r  CLOCK_WIZ_INST/inst/mmcm_adv_inst/CLKOUT0
                         net (fo=1, routed)           0.752    -1.769    CLOCK_WIZ_INST/inst/clk_out1_clk_wiz_0
    BUFGCTRL_X0Y16       BUFG (Prop_bufg_I_O)         0.029    -1.740 r  CLOCK_WIZ_INST/inst/clkout1_buf/O
                         net (fo=14289, routed)       0.903    -0.836    TREE_GENERATE_INST/LEFT_CHILD/clka
    RAMB18_X4Y29         RAMB18E1                                     r  TREE_GENERATE_INST/LEFT_CHILD/ram_name_reg/CLKARDCLK
                         clock pessimism              0.254    -0.582    
    RAMB18_X4Y29         RAMB18E1 (Hold_ramb18e1_CLKARDCLK_ADDRARDADDR[8])
                                                      0.183    -0.399    TREE_GENERATE_INST/LEFT_CHILD/ram_name_reg
  -------------------------------------------------------------------
                         required time                          0.399    
                         arrival time                          -0.238    
  -------------------------------------------------------------------
                         slack                                  0.161    





Pulse Width Checks
--------------------------------------------------------------------------------------
Clock Name:         clk_out1_clk_wiz_0_1
Waveform(ns):       { 0.000 12.500 }
Period(ns):         25.000
Sources:            { CLOCK_WIZ_INST/inst/mmcm_adv_inst/CLKOUT0 }

Check Type        Corner  Lib Pin             Reference Pin  Required(ns)  Actual(ns)  Slack(ns)  Location         Pin
Min Period        n/a     RAMB18E1/CLKARDCLK  n/a            2.944         25.000      22.056     RAMB18_X5Y42     CANONICAL_CODE_GENERATE_INST/DICTIONARY_BRAM/ram_name_reg/CLKARDCLK
Min Period        n/a     RAMB18E1/CLKBWRCLK  n/a            2.944         25.000      22.056     RAMB18_X5Y42     CANONICAL_CODE_GENERATE_INST/DICTIONARY_BRAM/ram_name_reg/CLKBWRCLK
Min Period        n/a     RAMB18E1/CLKARDCLK  n/a            2.944         25.000      22.056     RAMB18_X5Y46     HISTOGRAM_GENERATE_INST/HISTOGRAM_BRAM/ram_name_reg/CLKARDCLK
Min Period        n/a     RAMB18E1/CLKARDCLK  n/a            2.944         25.000      22.056     RAMB18_X4Y36     LENGTH_GENERATE_INST/LENGTH_BRAM/ram_name_reg/CLKARDCLK
Min Period        n/a     RAMB18E1/CLKARDCLK  n/a            2.944         25.000      22.056     RAMB18_X4Y29     TREE_GENERATE_INST/LEFT_CHILD/ram_name_reg/CLKARDCLK
Min Period        n/a     RAMB18E1/CLKARDCLK  n/a            2.944         25.000      22.056     RAMB18_X4Y28     TREE_GENERATE_INST/RIGHT_CHILD/ram_name_reg/CLKARDCLK
Min Period        n/a     RAMB18E1/CLKBWRCLK  n/a            2.576         25.000      22.424     RAMB18_X5Y46     HISTOGRAM_GENERATE_INST/HISTOGRAM_BRAM/ram_name_reg/CLKBWRCLK
Min Period        n/a     RAMB18E1/CLKBWRCLK  n/a            2.576         25.000      22.424     RAMB18_X4Y36     LENGTH_GENERATE_INST/LENGTH_BRAM/ram_name_reg/CLKBWRCLK
Min Period        n/a     RAMB36E1/CLKARDCLK  n/a            2.576         25.000      22.424     RAMB36_X3Y11     TEXT_FILE_INST/rom_data_out_reg_0/CLKARDCLK
Min Period        n/a     RAMB36E1/CLKARDCLK  n/a            2.576         25.000      22.424     RAMB36_X3Y12     TEXT_FILE_INST/rom_data_out_reg_1/CLKARDCLK
Max Period        n/a     MMCME2_ADV/CLKOUT0  n/a            213.360       25.000      188.360    MMCME2_ADV_X1Y2  CLOCK_WIZ_INST/inst/mmcm_adv_inst/CLKOUT0
Low Pulse Width   Slow    RAMD64E/CLK         n/a            1.250         12.500      11.250     SLICE_X104Y73    LENGTH_GENERATE_INST/fifo_addr_even_reg_r1_0_63_0_2/RAMA/CLK
Low Pulse Width   Fast    RAMD64E/CLK         n/a            1.250         12.500      11.250     SLICE_X104Y73    LENGTH_GENERATE_INST/fifo_addr_even_reg_r1_0_63_0_2/RAMA/CLK
Low Pulse Width   Slow    RAMD64E/CLK         n/a            1.250         12.500      11.250     SLICE_X104Y73    LENGTH_GENERATE_INST/fifo_addr_even_reg_r1_0_63_0_2/RAMB/CLK
Low Pulse Width   Fast    RAMD64E/CLK         n/a            1.250         12.500      11.250     SLICE_X104Y73    LENGTH_GENERATE_INST/fifo_addr_even_reg_r1_0_63_0_2/RAMB/CLK
Low Pulse Width   Slow    RAMD64E/CLK         n/a            1.250         12.500      11.250     SLICE_X104Y73    LENGTH_GENERATE_INST/fifo_addr_even_reg_r1_0_63_0_2/RAMC/CLK
Low Pulse Width   Fast    RAMD64E/CLK         n/a            1.250         12.500      11.250     SLICE_X104Y73    LENGTH_GENERATE_INST/fifo_addr_even_reg_r1_0_63_0_2/RAMC/CLK
Low Pulse Width   Slow    RAMD64E/CLK         n/a            1.250         12.500      11.250     SLICE_X104Y73    LENGTH_GENERATE_INST/fifo_addr_even_reg_r1_0_63_0_2/RAMD/CLK
Low Pulse Width   Fast    RAMD64E/CLK         n/a            1.250         12.500      11.250     SLICE_X104Y73    LENGTH_GENERATE_INST/fifo_addr_even_reg_r1_0_63_0_2/RAMD/CLK
Low Pulse Width   Slow    RAMD64E/CLK         n/a            1.250         12.500      11.250     SLICE_X104Y74    LENGTH_GENERATE_INST/fifo_addr_even_reg_r1_0_63_3_5/RAMA/CLK
Low Pulse Width   Fast    RAMD64E/CLK         n/a            1.250         12.500      11.250     SLICE_X104Y74    LENGTH_GENERATE_INST/fifo_addr_even_reg_r1_0_63_3_5/RAMA/CLK
High Pulse Width  Slow    RAMD64E/CLK         n/a            1.250         12.500      11.250     SLICE_X104Y73    LENGTH_GENERATE_INST/fifo_addr_even_reg_r1_0_63_0_2/RAMA/CLK
High Pulse Width  Fast    RAMD64E/CLK         n/a            1.250         12.500      11.250     SLICE_X104Y73    LENGTH_GENERATE_INST/fifo_addr_even_reg_r1_0_63_0_2/RAMA/CLK
High Pulse Width  Slow    RAMD64E/CLK         n/a            1.250         12.500      11.250     SLICE_X104Y73    LENGTH_GENERATE_INST/fifo_addr_even_reg_r1_0_63_0_2/RAMB/CLK
High Pulse Width  Fast    RAMD64E/CLK         n/a            1.250         12.500      11.250     SLICE_X104Y73    LENGTH_GENERATE_INST/fifo_addr_even_reg_r1_0_63_0_2/RAMB/CLK
High Pulse Width  Slow    RAMD64E/CLK         n/a            1.250         12.500      11.250     SLICE_X104Y73    LENGTH_GENERATE_INST/fifo_addr_even_reg_r1_0_63_0_2/RAMC/CLK
High Pulse Width  Fast    RAMD64E/CLK         n/a            1.250         12.500      11.250     SLICE_X104Y73    LENGTH_GENERATE_INST/fifo_addr_even_reg_r1_0_63_0_2/RAMC/CLK
High Pulse Width  Slow    RAMD64E/CLK         n/a            1.250         12.500      11.250     SLICE_X104Y73    LENGTH_GENERATE_INST/fifo_addr_even_reg_r1_0_63_0_2/RAMD/CLK
High Pulse Width  Fast    RAMD64E/CLK         n/a            1.250         12.500      11.250     SLICE_X104Y73    LENGTH_GENERATE_INST/fifo_addr_even_reg_r1_0_63_0_2/RAMD/CLK
High Pulse Width  Slow    RAMD64E/CLK         n/a            1.250         12.500      11.250     SLICE_X104Y74    LENGTH_GENERATE_INST/fifo_addr_even_reg_r1_0_63_3_5/RAMA/CLK
High Pulse Width  Fast    RAMD64E/CLK         n/a            1.250         12.500      11.250     SLICE_X104Y74    LENGTH_GENERATE_INST/fifo_addr_even_reg_r1_0_63_3_5/RAMA/CLK



---------------------------------------------------------------------------------------------------
From Clock:  clkfbout_clk_wiz_0_1
  To Clock:  clkfbout_clk_wiz_0_1

Setup :           NA  Failing Endpoints,  Worst Slack           NA  ,  Total Violation           NA
Hold  :           NA  Failing Endpoints,  Worst Slack           NA  ,  Total Violation           NA
PW    :            0  Failing Endpoints,  Worst Slack        5.845ns,  Total Violation        0.000ns
---------------------------------------------------------------------------------------------------


Pulse Width Checks
--------------------------------------------------------------------------------------
Clock Name:         clkfbout_clk_wiz_0_1
Waveform(ns):       { 0.000 4.000 }
Period(ns):         8.000
Sources:            { CLOCK_WIZ_INST/inst/mmcm_adv_inst/CLKFBOUT }

Check Type  Corner  Lib Pin              Reference Pin  Required(ns)  Actual(ns)  Slack(ns)  Location         Pin
Min Period  n/a     BUFG/I               n/a            2.155         8.000       5.845      BUFGCTRL_X0Y17   CLOCK_WIZ_INST/inst/clkf_buf/I
Min Period  n/a     MMCME2_ADV/CLKFBOUT  n/a            1.249         8.000       6.751      MMCME2_ADV_X1Y2  CLOCK_WIZ_INST/inst/mmcm_adv_inst/CLKFBOUT
Min Period  n/a     MMCME2_ADV/CLKFBIN   n/a            1.249         8.000       6.751      MMCME2_ADV_X1Y2  CLOCK_WIZ_INST/inst/mmcm_adv_inst/CLKFBIN
Max Period  n/a     MMCME2_ADV/CLKFBIN   n/a            100.000       8.000       92.000     MMCME2_ADV_X1Y2  CLOCK_WIZ_INST/inst/mmcm_adv_inst/CLKFBIN
Max Period  n/a     MMCME2_ADV/CLKFBOUT  n/a            213.360       8.000       205.360    MMCME2_ADV_X1Y2  CLOCK_WIZ_INST/inst/mmcm_adv_inst/CLKFBOUT



---------------------------------------------------------------------------------------------------
From Clock:  clk_out1_clk_wiz_0_1
  To Clock:  clk_out1_clk_wiz_0

Setup :            0  Failing Endpoints,  Worst Slack        0.352ns,  Total Violation        0.000ns
Hold  :            0  Failing Endpoints,  Worst Slack        0.024ns,  Total Violation        0.000ns
---------------------------------------------------------------------------------------------------


Max Delay Paths
--------------------------------------------------------------------------------------
Slack (MET) :             0.352ns  (required time - arrival time)
  Source:                 TREE_GENERATE_INST/SORTER/CELL_ARRAY_GEN[254].MIDDLE_CELLS.cell_inst_mid_i_339_psbram_2/C
                            (rising edge-triggered cell FDRE clocked by clk_out1_clk_wiz_0_1  {rise@0.000ns fall@12.500ns period=25.000ns})
  Destination:            TREE_GENERATE_INST/SORTER/CELL_ARRAY_GEN[216].MIDDLE_CELLS.cell_inst_mid/r_freq_reg[8]/CE
                            (rising edge-triggered cell FDRE clocked by clk_out1_clk_wiz_0  {rise@0.000ns fall@12.500ns period=25.000ns})
  Path Group:             clk_out1_clk_wiz_0
  Path Type:              Setup (Max at Slow Process Corner)
  Requirement:            25.000ns  (clk_out1_clk_wiz_0 rise@25.000ns - clk_out1_clk_wiz_0_1 rise@0.000ns)
  Data Path Delay:        24.099ns  (logic 4.565ns (18.943%)  route 19.534ns (81.057%))
  Logic Levels:           19  (CARRY4=4 LUT2=1 LUT3=3 LUT4=1 LUT5=2 LUT6=7 MUXF7=1)
  Clock Path Skew:        -0.089ns (DCD - SCD + CPR)
    Destination Clock Delay (DCD):    -1.631ns = ( 23.369 - 25.000 ) 
    Source Clock Delay      (SCD):    -1.075ns
    Clock Pessimism Removal (CPR):    0.466ns
  Clock Uncertainty:      0.083ns  ((TSJ^2 + DJ^2)^1/2) / 2 + PE
    Total System Jitter     (TSJ):    0.071ns
    Discrete Jitter          (DJ):    0.151ns
    Phase Error              (PE):    0.000ns
  Clock Domain Crossing:  Inter clock paths are considered valid unless explicitly excluded by timing constraints such as set_clock_groups or set_false_path.

    Location             Delay type                Incr(ns)  Path(ns)    Netlist Resource(s)
  -------------------------------------------------------------------    -------------------
                         (clock clk_out1_clk_wiz_0_1 rise edge)
                                                      0.000     0.000 r  
    H16                                               0.000     0.000 r  clk (IN)
                         net (fo=0)                   0.000     0.000    CLOCK_WIZ_INST/inst/clk_in1
    H16                  IBUF (Prop_ibuf_I_O)         1.451     1.451 r  CLOCK_WIZ_INST/inst/clkin1_ibufg/O
                         net (fo=1, routed)           1.285     2.736    CLOCK_WIZ_INST/inst/clk_in1_clk_wiz_0
    MMCME2_ADV_X1Y2      MMCME2_ADV (Prop_mmcme2_adv_CLKIN1_CLKOUT0)
                                                     -7.759    -5.023 r  CLOCK_WIZ_INST/inst/mmcm_adv_inst/CLKOUT0
                         net (fo=1, routed)           2.206    -2.817    CLOCK_WIZ_INST/inst/clk_out1_clk_wiz_0
    BUFGCTRL_X0Y16       BUFG (Prop_bufg_I_O)         0.101    -2.716 r  CLOCK_WIZ_INST/inst/clkout1_buf/O
                         net (fo=14289, routed)       1.641    -1.075    TREE_GENERATE_INST/SORTER/clk
    SLICE_X48Y67         FDRE                                         r  TREE_GENERATE_INST/SORTER/CELL_ARRAY_GEN[254].MIDDLE_CELLS.cell_inst_mid_i_339_psbram_2/C
  -------------------------------------------------------------------    -------------------
    SLICE_X48Y67         FDRE (Prop_fdre_C_Q)         0.456    -0.619 r  TREE_GENERATE_INST/SORTER/CELL_ARRAY_GEN[254].MIDDLE_CELLS.cell_inst_mid_i_339_psbram_2/Q
                         net (fo=255, routed)         1.759     1.140    TREE_GENERATE_INST/SORTER/input_symbol[0]
    SLICE_X53Y81         LUT6 (Prop_lut6_I1_O)        0.124     1.264 f  TREE_GENERATE_INST/SORTER/CELL_ARRAY_GEN[255].LAST_CELL.cell_inst_last_i_1856/O
                         net (fo=1, routed)           0.642     1.906    TREE_GENERATE_INST/SORTER/CELL_ARRAY_GEN[255].LAST_CELL.cell_inst_last_i_1856_n_0
    SLICE_X54Y80         LUT6 (Prop_lut6_I5_O)        0.124     2.030 f  TREE_GENERATE_INST/SORTER/CELL_ARRAY_GEN[255].LAST_CELL.cell_inst_last_i_1081/O
                         net (fo=3, routed)           1.266     3.296    TREE_GENERATE_INST/SORTER/match_idx_var180_out
    SLICE_X41Y81         LUT3 (Prop_lut3_I0_O)        0.124     3.420 f  TREE_GENERATE_INST/SORTER/CELL_ARRAY_GEN[255].LAST_CELL.cell_inst_last_i_417/O
                         net (fo=6, routed)           0.989     4.409    TREE_GENERATE_INST/SORTER/CELL_ARRAY_GEN[255].LAST_CELL.cell_inst_last_i_417_n_0
    SLICE_X40Y84         LUT5 (Prop_lut5_I2_O)        0.124     4.533 f  TREE_GENERATE_INST/SORTER/CELL_ARRAY_GEN[255].LAST_CELL.cell_inst_last_i_169/O
                         net (fo=8, routed)           0.802     5.335    TREE_GENERATE_INST/SORTER/CELL_ARRAY_GEN[255].LAST_CELL.cell_inst_last_i_169_n_0
    SLICE_X38Y82         LUT3 (Prop_lut3_I1_O)        0.124     5.459 f  TREE_GENERATE_INST/SORTER/CELL_ARRAY_GEN[255].LAST_CELL.cell_inst_last_i_148/O
                         net (fo=10, routed)          1.099     6.558    TREE_GENERATE_INST/SORTER/CELL_ARRAY_GEN[255].LAST_CELL.cell_inst_last_i_148_n_0
    SLICE_X58Y82         LUT6 (Prop_lut6_I5_O)        0.124     6.682 r  TREE_GENERATE_INST/SORTER/CELL_ARRAY_GEN[254].MIDDLE_CELLS.cell_inst_mid_i_42/O
                         net (fo=16, routed)          1.879     8.561    TREE_GENERATE_INST/SORTER/CELL_ARRAY_GEN[254].MIDDLE_CELLS.cell_inst_mid_i_42_n_0
    SLICE_X64Y56         LUT6 (Prop_lut6_I1_O)        0.124     8.685 r  TREE_GENERATE_INST/SORTER/CELL_ARRAY_GEN[255].LAST_CELL.cell_inst_last_i_1357/O
                         net (fo=118, routed)         2.078    10.763    TREE_GENERATE_INST/SORTER/CELL_ARRAY_GEN[255].LAST_CELL.cell_inst_last_i_1357_n_0
    SLICE_X104Y43        LUT6 (Prop_lut6_I2_O)        0.124    10.887 r  TREE_GENERATE_INST/SORTER/CELL_ARRAY_GEN[255].LAST_CELL.cell_inst_last_i_1392/O
                         net (fo=1, routed)           0.820    11.707    TREE_GENERATE_INST/SORTER/CELL_ARRAY_GEN[255].LAST_CELL.cell_inst_last_i_1392_n_0
    SLICE_X104Y42        LUT6 (Prop_lut6_I1_O)        0.124    11.831 r  TREE_GENERATE_INST/SORTER/CELL_ARRAY_GEN[255].LAST_CELL.cell_inst_last_i_799/O
                         net (fo=1, routed)           0.000    11.831    TREE_GENERATE_INST/SORTER/CELL_ARRAY_GEN[255].LAST_CELL.cell_inst_last_i_799_n_0
    SLICE_X104Y42        MUXF7 (Prop_muxf7_I0_O)      0.209    12.040 r  TREE_GENERATE_INST/SORTER/CELL_ARRAY_GEN[255].LAST_CELL.cell_inst_last_i_296/O
                         net (fo=1, routed)           0.759    12.799    TREE_GENERATE_INST/SORTER/CELL_ARRAY_GEN[255].LAST_CELL.cell_inst_last_i_296_n_0
    SLICE_X96Y42         LUT3 (Prop_lut3_I1_O)        0.297    13.096 r  TREE_GENERATE_INST/SORTER/CELL_ARRAY_GEN[255].LAST_CELL.cell_inst_last_i_122/O
                         net (fo=1, routed)           1.069    14.165    TREE_GENERATE_INST/SORTER/CELL_ARRAY_GEN[255].LAST_CELL.cell_inst_last_i_122_n_0
    SLICE_X89Y43         LUT6 (Prop_lut6_I3_O)        0.124    14.289 r  TREE_GENERATE_INST/SORTER/CELL_ARRAY_GEN[255].LAST_CELL.cell_inst_last_i_55/O
                         net (fo=515, routed)         0.860    15.149    TREE_GENERATE_INST/SORTER/freqs[0][0]
    SLICE_X80Y46         CARRY4 (Prop_carry4_CYINIT_CO[3])
                                                      0.580    15.729 r  TREE_GENERATE_INST/SORTER/CELL_ARRAY_GEN[255].LAST_CELL.cell_inst_last_i_54/CO[3]
                         net (fo=1, routed)           0.000    15.729    TREE_GENERATE_INST/SORTER/CELL_ARRAY_GEN[255].LAST_CELL.cell_inst_last_i_54_n_0
    SLICE_X80Y47         CARRY4 (Prop_carry4_CI_CO[3])
                                                      0.114    15.843 r  TREE_GENERATE_INST/SORTER/CELL_ARRAY_GEN[255].LAST_CELL.cell_inst_last_i_53/CO[3]
                         net (fo=1, routed)           0.000    15.843    TREE_GENERATE_INST/SORTER/CELL_ARRAY_GEN[255].LAST_CELL.cell_inst_last_i_53_n_0
    SLICE_X80Y48         CARRY4 (Prop_carry4_CI_O[1])
                                                      0.334    16.177 r  TREE_GENERATE_INST/SORTER/CELL_ARRAY_GEN[255].LAST_CELL.cell_inst_last_i_52/O[1]
                         net (fo=513, routed)         1.816    17.993    TREE_GENERATE_INST/SORTER/plusOp[10]
    SLICE_X53Y47         LUT4 (Prop_lut4_I3_O)        0.303    18.296 r  TREE_GENERATE_INST/SORTER/CELL_ARRAY_GEN[217].MIDDLE_CELLS.cell_inst_mid_i_10/O
                         net (fo=1, routed)           0.000    18.296    TREE_GENERATE_INST/SORTER/CELL_ARRAY_GEN[217].MIDDLE_CELLS.cell_inst_mid_i_10_n_0
    SLICE_X53Y47         CARRY4 (Prop_carry4_S[1]_CO[2])
                                                      0.570    18.866 f  TREE_GENERATE_INST/SORTER/CELL_ARRAY_GEN[217].MIDDLE_CELLS.cell_inst_mid_i_3/CO[2]
                         net (fo=3, routed)           0.663    19.529    TREE_GENERATE_INST/SORTER/CELL_ARRAY_GEN[217].MIDDLE_CELLS.cell_inst_mid_i_3_n_1
    SLICE_X51Y41         LUT5 (Prop_lut5_I2_O)        0.313    19.842 r  TREE_GENERATE_INST/SORTER/CELL_ARRAY_GEN[216].MIDDLE_CELLS.cell_inst_mid_i_1/O
                         net (fo=24, routed)          1.081    20.923    TREE_GENERATE_INST/SORTER/CELL_ARRAY_GEN[216].MIDDLE_CELLS.cell_inst_mid/write_en
    SLICE_X56Y42         LUT2 (Prop_lut2_I0_O)        0.149    21.072 r  TREE_GENERATE_INST/SORTER/CELL_ARRAY_GEN[216].MIDDLE_CELLS.cell_inst_mid/r_freq[13]_i_1/O
                         net (fo=14, routed)          1.951    23.023    TREE_GENERATE_INST/SORTER/CELL_ARRAY_GEN[216].MIDDLE_CELLS.cell_inst_mid/r_symbol
    SLICE_X82Y67         FDRE                                         r  TREE_GENERATE_INST/SORTER/CELL_ARRAY_GEN[216].MIDDLE_CELLS.cell_inst_mid/r_freq_reg[8]/CE
  -------------------------------------------------------------------    -------------------

                         (clock clk_out1_clk_wiz_0 rise edge)
                                                     25.000    25.000 r  
    H16                                               0.000    25.000 r  clk (IN)
                         net (fo=0)                   0.000    25.000    CLOCK_WIZ_INST/inst/clk_in1
    H16                  IBUF (Prop_ibuf_I_O)         1.380    26.380 r  CLOCK_WIZ_INST/inst/clkin1_ibufg/O
                         net (fo=1, routed)           1.162    27.542    CLOCK_WIZ_INST/inst/clk_in1_clk_wiz_0
    MMCME2_ADV_X1Y2      MMCME2_ADV (Prop_mmcme2_adv_CLKIN1_CLKOUT0)
                                                     -7.814    19.728 r  CLOCK_WIZ_INST/inst/mmcm_adv_inst/CLKOUT0
                         net (fo=1, routed)           2.012    21.740    CLOCK_WIZ_INST/inst/clk_out1_clk_wiz_0
    BUFGCTRL_X0Y16       BUFG (Prop_bufg_I_O)         0.091    21.831 r  CLOCK_WIZ_INST/inst/clkout1_buf/O
                         net (fo=14289, routed)       1.538    23.369    TREE_GENERATE_INST/SORTER/CELL_ARRAY_GEN[216].MIDDLE_CELLS.cell_inst_mid/clk
    SLICE_X82Y67         FDRE                                         r  TREE_GENERATE_INST/SORTER/CELL_ARRAY_GEN[216].MIDDLE_CELLS.cell_inst_mid/r_freq_reg[8]/C
                         clock pessimism              0.466    23.835    
                         clock uncertainty           -0.083    23.752    
    SLICE_X82Y67         FDRE (Setup_fdre_C_CE)      -0.377    23.375    TREE_GENERATE_INST/SORTER/CELL_ARRAY_GEN[216].MIDDLE_CELLS.cell_inst_mid/r_freq_reg[8]
  -------------------------------------------------------------------
                         required time                         23.375    
                         arrival time                         -23.023    
  -------------------------------------------------------------------
                         slack                                  0.352    

Slack (MET) :             0.352ns  (required time - arrival time)
  Source:                 TREE_GENERATE_INST/SORTER/CELL_ARRAY_GEN[254].MIDDLE_CELLS.cell_inst_mid_i_339_psbram_2/C
                            (rising edge-triggered cell FDRE clocked by clk_out1_clk_wiz_0_1  {rise@0.000ns fall@12.500ns period=25.000ns})
  Destination:            TREE_GENERATE_INST/SORTER/CELL_ARRAY_GEN[216].MIDDLE_CELLS.cell_inst_mid/r_freq_reg[9]/CE
                            (rising edge-triggered cell FDRE clocked by clk_out1_clk_wiz_0  {rise@0.000ns fall@12.500ns period=25.000ns})
  Path Group:             clk_out1_clk_wiz_0
  Path Type:              Setup (Max at Slow Process Corner)
  Requirement:            25.000ns  (clk_out1_clk_wiz_0 rise@25.000ns - clk_out1_clk_wiz_0_1 rise@0.000ns)
  Data Path Delay:        24.099ns  (logic 4.565ns (18.943%)  route 19.534ns (81.057%))
  Logic Levels:           19  (CARRY4=4 LUT2=1 LUT3=3 LUT4=1 LUT5=2 LUT6=7 MUXF7=1)
  Clock Path Skew:        -0.089ns (DCD - SCD + CPR)
    Destination Clock Delay (DCD):    -1.631ns = ( 23.369 - 25.000 ) 
    Source Clock Delay      (SCD):    -1.075ns
    Clock Pessimism Removal (CPR):    0.466ns
  Clock Uncertainty:      0.083ns  ((TSJ^2 + DJ^2)^1/2) / 2 + PE
    Total System Jitter     (TSJ):    0.071ns
    Discrete Jitter          (DJ):    0.151ns
    Phase Error              (PE):    0.000ns
  Clock Domain Crossing:  Inter clock paths are considered valid unless explicitly excluded by timing constraints such as set_clock_groups or set_false_path.

    Location             Delay type                Incr(ns)  Path(ns)    Netlist Resource(s)
  -------------------------------------------------------------------    -------------------
                         (clock clk_out1_clk_wiz_0_1 rise edge)
                                                      0.000     0.000 r  
    H16                                               0.000     0.000 r  clk (IN)
                         net (fo=0)                   0.000     0.000    CLOCK_WIZ_INST/inst/clk_in1
    H16                  IBUF (Prop_ibuf_I_O)         1.451     1.451 r  CLOCK_WIZ_INST/inst/clkin1_ibufg/O
                         net (fo=1, routed)           1.285     2.736    CLOCK_WIZ_INST/inst/clk_in1_clk_wiz_0
    MMCME2_ADV_X1Y2      MMCME2_ADV (Prop_mmcme2_adv_CLKIN1_CLKOUT0)
                                                     -7.759    -5.023 r  CLOCK_WIZ_INST/inst/mmcm_adv_inst/CLKOUT0
                         net (fo=1, routed)           2.206    -2.817    CLOCK_WIZ_INST/inst/clk_out1_clk_wiz_0
    BUFGCTRL_X0Y16       BUFG (Prop_bufg_I_O)         0.101    -2.716 r  CLOCK_WIZ_INST/inst/clkout1_buf/O
                         net (fo=14289, routed)       1.641    -1.075    TREE_GENERATE_INST/SORTER/clk
    SLICE_X48Y67         FDRE                                         r  TREE_GENERATE_INST/SORTER/CELL_ARRAY_GEN[254].MIDDLE_CELLS.cell_inst_mid_i_339_psbram_2/C
  -------------------------------------------------------------------    -------------------
    SLICE_X48Y67         FDRE (Prop_fdre_C_Q)         0.456    -0.619 r  TREE_GENERATE_INST/SORTER/CELL_ARRAY_GEN[254].MIDDLE_CELLS.cell_inst_mid_i_339_psbram_2/Q
                         net (fo=255, routed)         1.759     1.140    TREE_GENERATE_INST/SORTER/input_symbol[0]
    SLICE_X53Y81         LUT6 (Prop_lut6_I1_O)        0.124     1.264 f  TREE_GENERATE_INST/SORTER/CELL_ARRAY_GEN[255].LAST_CELL.cell_inst_last_i_1856/O
                         net (fo=1, routed)           0.642     1.906    TREE_GENERATE_INST/SORTER/CELL_ARRAY_GEN[255].LAST_CELL.cell_inst_last_i_1856_n_0
    SLICE_X54Y80         LUT6 (Prop_lut6_I5_O)        0.124     2.030 f  TREE_GENERATE_INST/SORTER/CELL_ARRAY_GEN[255].LAST_CELL.cell_inst_last_i_1081/O
                         net (fo=3, routed)           1.266     3.296    TREE_GENERATE_INST/SORTER/match_idx_var180_out
    SLICE_X41Y81         LUT3 (Prop_lut3_I0_O)        0.124     3.420 f  TREE_GENERATE_INST/SORTER/CELL_ARRAY_GEN[255].LAST_CELL.cell_inst_last_i_417/O
                         net (fo=6, routed)           0.989     4.409    TREE_GENERATE_INST/SORTER/CELL_ARRAY_GEN[255].LAST_CELL.cell_inst_last_i_417_n_0
    SLICE_X40Y84         LUT5 (Prop_lut5_I2_O)        0.124     4.533 f  TREE_GENERATE_INST/SORTER/CELL_ARRAY_GEN[255].LAST_CELL.cell_inst_last_i_169/O
                         net (fo=8, routed)           0.802     5.335    TREE_GENERATE_INST/SORTER/CELL_ARRAY_GEN[255].LAST_CELL.cell_inst_last_i_169_n_0
    SLICE_X38Y82         LUT3 (Prop_lut3_I1_O)        0.124     5.459 f  TREE_GENERATE_INST/SORTER/CELL_ARRAY_GEN[255].LAST_CELL.cell_inst_last_i_148/O
                         net (fo=10, routed)          1.099     6.558    TREE_GENERATE_INST/SORTER/CELL_ARRAY_GEN[255].LAST_CELL.cell_inst_last_i_148_n_0
    SLICE_X58Y82         LUT6 (Prop_lut6_I5_O)        0.124     6.682 r  TREE_GENERATE_INST/SORTER/CELL_ARRAY_GEN[254].MIDDLE_CELLS.cell_inst_mid_i_42/O
                         net (fo=16, routed)          1.879     8.561    TREE_GENERATE_INST/SORTER/CELL_ARRAY_GEN[254].MIDDLE_CELLS.cell_inst_mid_i_42_n_0
    SLICE_X64Y56         LUT6 (Prop_lut6_I1_O)        0.124     8.685 r  TREE_GENERATE_INST/SORTER/CELL_ARRAY_GEN[255].LAST_CELL.cell_inst_last_i_1357/O
                         net (fo=118, routed)         2.078    10.763    TREE_GENERATE_INST/SORTER/CELL_ARRAY_GEN[255].LAST_CELL.cell_inst_last_i_1357_n_0
    SLICE_X104Y43        LUT6 (Prop_lut6_I2_O)        0.124    10.887 r  TREE_GENERATE_INST/SORTER/CELL_ARRAY_GEN[255].LAST_CELL.cell_inst_last_i_1392/O
                         net (fo=1, routed)           0.820    11.707    TREE_GENERATE_INST/SORTER/CELL_ARRAY_GEN[255].LAST_CELL.cell_inst_last_i_1392_n_0
    SLICE_X104Y42        LUT6 (Prop_lut6_I1_O)        0.124    11.831 r  TREE_GENERATE_INST/SORTER/CELL_ARRAY_GEN[255].LAST_CELL.cell_inst_last_i_799/O
                         net (fo=1, routed)           0.000    11.831    TREE_GENERATE_INST/SORTER/CELL_ARRAY_GEN[255].LAST_CELL.cell_inst_last_i_799_n_0
    SLICE_X104Y42        MUXF7 (Prop_muxf7_I0_O)      0.209    12.040 r  TREE_GENERATE_INST/SORTER/CELL_ARRAY_GEN[255].LAST_CELL.cell_inst_last_i_296/O
                         net (fo=1, routed)           0.759    12.799    TREE_GENERATE_INST/SORTER/CELL_ARRAY_GEN[255].LAST_CELL.cell_inst_last_i_296_n_0
    SLICE_X96Y42         LUT3 (Prop_lut3_I1_O)        0.297    13.096 r  TREE_GENERATE_INST/SORTER/CELL_ARRAY_GEN[255].LAST_CELL.cell_inst_last_i_122/O
                         net (fo=1, routed)           1.069    14.165    TREE_GENERATE_INST/SORTER/CELL_ARRAY_GEN[255].LAST_CELL.cell_inst_last_i_122_n_0
    SLICE_X89Y43         LUT6 (Prop_lut6_I3_O)        0.124    14.289 r  TREE_GENERATE_INST/SORTER/CELL_ARRAY_GEN[255].LAST_CELL.cell_inst_last_i_55/O
                         net (fo=515, routed)         0.860    15.149    TREE_GENERATE_INST/SORTER/freqs[0][0]
    SLICE_X80Y46         CARRY4 (Prop_carry4_CYINIT_CO[3])
                                                      0.580    15.729 r  TREE_GENERATE_INST/SORTER/CELL_ARRAY_GEN[255].LAST_CELL.cell_inst_last_i_54/CO[3]
                         net (fo=1, routed)           0.000    15.729    TREE_GENERATE_INST/SORTER/CELL_ARRAY_GEN[255].LAST_CELL.cell_inst_last_i_54_n_0
    SLICE_X80Y47         CARRY4 (Prop_carry4_CI_CO[3])
                                                      0.114    15.843 r  TREE_GENERATE_INST/SORTER/CELL_ARRAY_GEN[255].LAST_CELL.cell_inst_last_i_53/CO[3]
                         net (fo=1, routed)           0.000    15.843    TREE_GENERATE_INST/SORTER/CELL_ARRAY_GEN[255].LAST_CELL.cell_inst_last_i_53_n_0
    SLICE_X80Y48         CARRY4 (Prop_carry4_CI_O[1])
                                                      0.334    16.177 r  TREE_GENERATE_INST/SORTER/CELL_ARRAY_GEN[255].LAST_CELL.cell_inst_last_i_52/O[1]
                         net (fo=513, routed)         1.816    17.993    TREE_GENERATE_INST/SORTER/plusOp[10]
    SLICE_X53Y47         LUT4 (Prop_lut4_I3_O)        0.303    18.296 r  TREE_GENERATE_INST/SORTER/CELL_ARRAY_GEN[217].MIDDLE_CELLS.cell_inst_mid_i_10/O
                         net (fo=1, routed)           0.000    18.296    TREE_GENERATE_INST/SORTER/CELL_ARRAY_GEN[217].MIDDLE_CELLS.cell_inst_mid_i_10_n_0
    SLICE_X53Y47         CARRY4 (Prop_carry4_S[1]_CO[2])
                                                      0.570    18.866 f  TREE_GENERATE_INST/SORTER/CELL_ARRAY_GEN[217].MIDDLE_CELLS.cell_inst_mid_i_3/CO[2]
                         net (fo=3, routed)           0.663    19.529    TREE_GENERATE_INST/SORTER/CELL_ARRAY_GEN[217].MIDDLE_CELLS.cell_inst_mid_i_3_n_1
    SLICE_X51Y41         LUT5 (Prop_lut5_I2_O)        0.313    19.842 r  TREE_GENERATE_INST/SORTER/CELL_ARRAY_GEN[216].MIDDLE_CELLS.cell_inst_mid_i_1/O
                         net (fo=24, routed)          1.081    20.923    TREE_GENERATE_INST/SORTER/CELL_ARRAY_GEN[216].MIDDLE_CELLS.cell_inst_mid/write_en
    SLICE_X56Y42         LUT2 (Prop_lut2_I0_O)        0.149    21.072 r  TREE_GENERATE_INST/SORTER/CELL_ARRAY_GEN[216].MIDDLE_CELLS.cell_inst_mid/r_freq[13]_i_1/O
                         net (fo=14, routed)          1.951    23.023    TREE_GENERATE_INST/SORTER/CELL_ARRAY_GEN[216].MIDDLE_CELLS.cell_inst_mid/r_symbol
    SLICE_X82Y67         FDRE                                         r  TREE_GENERATE_INST/SORTER/CELL_ARRAY_GEN[216].MIDDLE_CELLS.cell_inst_mid/r_freq_reg[9]/CE
  -------------------------------------------------------------------    -------------------

                         (clock clk_out1_clk_wiz_0 rise edge)
                                                     25.000    25.000 r  
    H16                                               0.000    25.000 r  clk (IN)
                         net (fo=0)                   0.000    25.000    CLOCK_WIZ_INST/inst/clk_in1
    H16                  IBUF (Prop_ibuf_I_O)         1.380    26.380 r  CLOCK_WIZ_INST/inst/clkin1_ibufg/O
                         net (fo=1, routed)           1.162    27.542    CLOCK_WIZ_INST/inst/clk_in1_clk_wiz_0
    MMCME2_ADV_X1Y2      MMCME2_ADV (Prop_mmcme2_adv_CLKIN1_CLKOUT0)
                                                     -7.814    19.728 r  CLOCK_WIZ_INST/inst/mmcm_adv_inst/CLKOUT0
                         net (fo=1, routed)           2.012    21.740    CLOCK_WIZ_INST/inst/clk_out1_clk_wiz_0
    BUFGCTRL_X0Y16       BUFG (Prop_bufg_I_O)         0.091    21.831 r  CLOCK_WIZ_INST/inst/clkout1_buf/O
                         net (fo=14289, routed)       1.538    23.369    TREE_GENERATE_INST/SORTER/CELL_ARRAY_GEN[216].MIDDLE_CELLS.cell_inst_mid/clk
    SLICE_X82Y67         FDRE                                         r  TREE_GENERATE_INST/SORTER/CELL_ARRAY_GEN[216].MIDDLE_CELLS.cell_inst_mid/r_freq_reg[9]/C
                         clock pessimism              0.466    23.835    
                         clock uncertainty           -0.083    23.752    
    SLICE_X82Y67         FDRE (Setup_fdre_C_CE)      -0.377    23.375    TREE_GENERATE_INST/SORTER/CELL_ARRAY_GEN[216].MIDDLE_CELLS.cell_inst_mid/r_freq_reg[9]
  -------------------------------------------------------------------
                         required time                         23.375    
                         arrival time                         -23.023    
  -------------------------------------------------------------------
                         slack                                  0.352    

Slack (MET) :             0.379ns  (required time - arrival time)
  Source:                 TREE_GENERATE_INST/SORTER/CELL_ARRAY_GEN[254].MIDDLE_CELLS.cell_inst_mid_i_339_psbram_2/C
                            (rising edge-triggered cell FDRE clocked by clk_out1_clk_wiz_0_1  {rise@0.000ns fall@12.500ns period=25.000ns})
  Destination:            TREE_GENERATE_INST/SORTER/CELL_ARRAY_GEN[4].MIDDLE_CELLS.cell_inst_mid/r_freq_reg[0]/CE
                            (rising edge-triggered cell FDRE clocked by clk_out1_clk_wiz_0  {rise@0.000ns fall@12.500ns period=25.000ns})
  Path Group:             clk_out1_clk_wiz_0
  Path Type:              Setup (Max at Slow Process Corner)
  Requirement:            25.000ns  (clk_out1_clk_wiz_0 rise@25.000ns - clk_out1_clk_wiz_0_1 rise@0.000ns)
  Data Path Delay:        24.150ns  (logic 4.474ns (18.526%)  route 19.676ns (81.474%))
  Logic Levels:           19  (CARRY4=4 LUT2=1 LUT3=3 LUT4=1 LUT5=2 LUT6=7 MUXF7=1)
  Clock Path Skew:        -0.016ns (DCD - SCD + CPR)
    Destination Clock Delay (DCD):    -1.543ns = ( 23.457 - 25.000 ) 
    Source Clock Delay      (SCD):    -1.075ns
    Clock Pessimism Removal (CPR):    0.452ns
  Clock Uncertainty:      0.083ns  ((TSJ^2 + DJ^2)^1/2) / 2 + PE
    Total System Jitter     (TSJ):    0.071ns
    Discrete Jitter          (DJ):    0.151ns
    Phase Error              (PE):    0.000ns
  Clock Domain Crossing:  Inter clock paths are considered valid unless explicitly excluded by timing constraints such as set_clock_groups or set_false_path.

    Location             Delay type                Incr(ns)  Path(ns)    Netlist Resource(s)
  -------------------------------------------------------------------    -------------------
                         (clock clk_out1_clk_wiz_0_1 rise edge)
                                                      0.000     0.000 r  
    H16                                               0.000     0.000 r  clk (IN)
                         net (fo=0)                   0.000     0.000    CLOCK_WIZ_INST/inst/clk_in1
    H16                  IBUF (Prop_ibuf_I_O)         1.451     1.451 r  CLOCK_WIZ_INST/inst/clkin1_ibufg/O
                         net (fo=1, routed)           1.285     2.736    CLOCK_WIZ_INST/inst/clk_in1_clk_wiz_0
    MMCME2_ADV_X1Y2      MMCME2_ADV (Prop_mmcme2_adv_CLKIN1_CLKOUT0)
                                                     -7.759    -5.023 r  CLOCK_WIZ_INST/inst/mmcm_adv_inst/CLKOUT0
                         net (fo=1, routed)           2.206    -2.817    CLOCK_WIZ_INST/inst/clk_out1_clk_wiz_0
    BUFGCTRL_X0Y16       BUFG (Prop_bufg_I_O)         0.101    -2.716 r  CLOCK_WIZ_INST/inst/clkout1_buf/O
                         net (fo=14289, routed)       1.641    -1.075    TREE_GENERATE_INST/SORTER/clk
    SLICE_X48Y67         FDRE                                         r  TREE_GENERATE_INST/SORTER/CELL_ARRAY_GEN[254].MIDDLE_CELLS.cell_inst_mid_i_339_psbram_2/C
  -------------------------------------------------------------------    -------------------
    SLICE_X48Y67         FDRE (Prop_fdre_C_Q)         0.456    -0.619 r  TREE_GENERATE_INST/SORTER/CELL_ARRAY_GEN[254].MIDDLE_CELLS.cell_inst_mid_i_339_psbram_2/Q
                         net (fo=255, routed)         1.759     1.140    TREE_GENERATE_INST/SORTER/input_symbol[0]
    SLICE_X53Y81         LUT6 (Prop_lut6_I1_O)        0.124     1.264 f  TREE_GENERATE_INST/SORTER/CELL_ARRAY_GEN[255].LAST_CELL.cell_inst_last_i_1856/O
                         net (fo=1, routed)           0.642     1.906    TREE_GENERATE_INST/SORTER/CELL_ARRAY_GEN[255].LAST_CELL.cell_inst_last_i_1856_n_0
    SLICE_X54Y80         LUT6 (Prop_lut6_I5_O)        0.124     2.030 f  TREE_GENERATE_INST/SORTER/CELL_ARRAY_GEN[255].LAST_CELL.cell_inst_last_i_1081/O
                         net (fo=3, routed)           1.266     3.296    TREE_GENERATE_INST/SORTER/match_idx_var180_out
    SLICE_X41Y81         LUT3 (Prop_lut3_I0_O)        0.124     3.420 f  TREE_GENERATE_INST/SORTER/CELL_ARRAY_GEN[255].LAST_CELL.cell_inst_last_i_417/O
                         net (fo=6, routed)           0.989     4.409    TREE_GENERATE_INST/SORTER/CELL_ARRAY_GEN[255].LAST_CELL.cell_inst_last_i_417_n_0
    SLICE_X40Y84         LUT5 (Prop_lut5_I2_O)        0.124     4.533 f  TREE_GENERATE_INST/SORTER/CELL_ARRAY_GEN[255].LAST_CELL.cell_inst_last_i_169/O
                         net (fo=8, routed)           0.802     5.335    TREE_GENERATE_INST/SORTER/CELL_ARRAY_GEN[255].LAST_CELL.cell_inst_last_i_169_n_0
    SLICE_X38Y82         LUT3 (Prop_lut3_I1_O)        0.124     5.459 f  TREE_GENERATE_INST/SORTER/CELL_ARRAY_GEN[255].LAST_CELL.cell_inst_last_i_148/O
                         net (fo=10, routed)          1.099     6.558    TREE_GENERATE_INST/SORTER/CELL_ARRAY_GEN[255].LAST_CELL.cell_inst_last_i_148_n_0
    SLICE_X58Y82         LUT6 (Prop_lut6_I5_O)        0.124     6.682 r  TREE_GENERATE_INST/SORTER/CELL_ARRAY_GEN[254].MIDDLE_CELLS.cell_inst_mid_i_42/O
                         net (fo=16, routed)          1.879     8.561    TREE_GENERATE_INST/SORTER/CELL_ARRAY_GEN[254].MIDDLE_CELLS.cell_inst_mid_i_42_n_0
    SLICE_X64Y56         LUT6 (Prop_lut6_I1_O)        0.124     8.685 r  TREE_GENERATE_INST/SORTER/CELL_ARRAY_GEN[255].LAST_CELL.cell_inst_last_i_1357/O
                         net (fo=118, routed)         2.078    10.763    TREE_GENERATE_INST/SORTER/CELL_ARRAY_GEN[255].LAST_CELL.cell_inst_last_i_1357_n_0
    SLICE_X104Y43        LUT6 (Prop_lut6_I2_O)        0.124    10.887 r  TREE_GENERATE_INST/SORTER/CELL_ARRAY_GEN[255].LAST_CELL.cell_inst_last_i_1392/O
                         net (fo=1, routed)           0.820    11.707    TREE_GENERATE_INST/SORTER/CELL_ARRAY_GEN[255].LAST_CELL.cell_inst_last_i_1392_n_0
    SLICE_X104Y42        LUT6 (Prop_lut6_I1_O)        0.124    11.831 r  TREE_GENERATE_INST/SORTER/CELL_ARRAY_GEN[255].LAST_CELL.cell_inst_last_i_799/O
                         net (fo=1, routed)           0.000    11.831    TREE_GENERATE_INST/SORTER/CELL_ARRAY_GEN[255].LAST_CELL.cell_inst_last_i_799_n_0
    SLICE_X104Y42        MUXF7 (Prop_muxf7_I0_O)      0.209    12.040 r  TREE_GENERATE_INST/SORTER/CELL_ARRAY_GEN[255].LAST_CELL.cell_inst_last_i_296/O
                         net (fo=1, routed)           0.759    12.799    TREE_GENERATE_INST/SORTER/CELL_ARRAY_GEN[255].LAST_CELL.cell_inst_last_i_296_n_0
    SLICE_X96Y42         LUT3 (Prop_lut3_I1_O)        0.297    13.096 r  TREE_GENERATE_INST/SORTER/CELL_ARRAY_GEN[255].LAST_CELL.cell_inst_last_i_122/O
                         net (fo=1, routed)           1.069    14.165    TREE_GENERATE_INST/SORTER/CELL_ARRAY_GEN[255].LAST_CELL.cell_inst_last_i_122_n_0
    SLICE_X89Y43         LUT6 (Prop_lut6_I3_O)        0.124    14.289 r  TREE_GENERATE_INST/SORTER/CELL_ARRAY_GEN[255].LAST_CELL.cell_inst_last_i_55/O
                         net (fo=515, routed)         0.860    15.149    TREE_GENERATE_INST/SORTER/freqs[0][0]
    SLICE_X80Y46         CARRY4 (Prop_carry4_CYINIT_CO[3])
                                                      0.580    15.729 r  TREE_GENERATE_INST/SORTER/CELL_ARRAY_GEN[255].LAST_CELL.cell_inst_last_i_54/CO[3]
                         net (fo=1, routed)           0.000    15.729    TREE_GENERATE_INST/SORTER/CELL_ARRAY_GEN[255].LAST_CELL.cell_inst_last_i_54_n_0
    SLICE_X80Y47         CARRY4 (Prop_carry4_CI_CO[3])
                                                      0.114    15.843 r  TREE_GENERATE_INST/SORTER/CELL_ARRAY_GEN[255].LAST_CELL.cell_inst_last_i_53/CO[3]
                         net (fo=1, routed)           0.000    15.843    TREE_GENERATE_INST/SORTER/CELL_ARRAY_GEN[255].LAST_CELL.cell_inst_last_i_53_n_0
    SLICE_X80Y48         CARRY4 (Prop_carry4_CI_O[2])
                                                      0.239    16.082 r  TREE_GENERATE_INST/SORTER/CELL_ARRAY_GEN[255].LAST_CELL.cell_inst_last_i_52/O[2]
                         net (fo=513, routed)         1.877    17.959    TREE_GENERATE_INST/SORTER/plusOp[11]
    SLICE_X53Y51         LUT4 (Prop_lut4_I1_O)        0.302    18.261 r  TREE_GENERATE_INST/SORTER/CELL_ARRAY_GEN[4].MIDDLE_CELLS.cell_inst_mid_i_14/O
                         net (fo=1, routed)           0.000    18.261    TREE_GENERATE_INST/SORTER/CELL_ARRAY_GEN[4].MIDDLE_CELLS.cell_inst_mid_i_14_n_0
    SLICE_X53Y51         CARRY4 (Prop_carry4_S[1]_CO[2])
                                                      0.570    18.831 r  TREE_GENERATE_INST/SORTER/CELL_ARRAY_GEN[4].MIDDLE_CELLS.cell_inst_mid_i_4/CO[2]
                         net (fo=3, routed)           0.910    19.741    TREE_GENERATE_INST/SORTER/CELL_ARRAY_GEN[4].MIDDLE_CELLS.cell_inst_mid_i_4_n_1
    SLICE_X55Y56         LUT5 (Prop_lut5_I4_O)        0.313    20.054 r  TREE_GENERATE_INST/SORTER/CELL_ARRAY_GEN[4].MIDDLE_CELLS.cell_inst_mid_i_1/O
                         net (fo=24, routed)          1.017    21.071    TREE_GENERATE_INST/SORTER/CELL_ARRAY_GEN[4].MIDDLE_CELLS.cell_inst_mid/write_en
    SLICE_X57Y58         LUT2 (Prop_lut2_I0_O)        0.154    21.225 r  TREE_GENERATE_INST/SORTER/CELL_ARRAY_GEN[4].MIDDLE_CELLS.cell_inst_mid/r_freq[13]_i_1/O
                         net (fo=14, routed)          1.850    23.074    TREE_GENERATE_INST/SORTER/CELL_ARRAY_GEN[4].MIDDLE_CELLS.cell_inst_mid/r_symbol
    SLICE_X100Y46        FDRE                                         r  TREE_GENERATE_INST/SORTER/CELL_ARRAY_GEN[4].MIDDLE_CELLS.cell_inst_mid/r_freq_reg[0]/CE
  -------------------------------------------------------------------    -------------------

                         (clock clk_out1_clk_wiz_0 rise edge)
                                                     25.000    25.000 r  
    H16                                               0.000    25.000 r  clk (IN)
                         net (fo=0)                   0.000    25.000    CLOCK_WIZ_INST/inst/clk_in1
    H16                  IBUF (Prop_ibuf_I_O)         1.380    26.380 r  CLOCK_WIZ_INST/inst/clkin1_ibufg/O
                         net (fo=1, routed)           1.162    27.542    CLOCK_WIZ_INST/inst/clk_in1_clk_wiz_0
    MMCME2_ADV_X1Y2      MMCME2_ADV (Prop_mmcme2_adv_CLKIN1_CLKOUT0)
                                                     -7.814    19.728 r  CLOCK_WIZ_INST/inst/mmcm_adv_inst/CLKOUT0
                         net (fo=1, routed)           2.012    21.740    CLOCK_WIZ_INST/inst/clk_out1_clk_wiz_0
    BUFGCTRL_X0Y16       BUFG (Prop_bufg_I_O)         0.091    21.831 r  CLOCK_WIZ_INST/inst/clkout1_buf/O
                         net (fo=14289, routed)       1.625    23.457    TREE_GENERATE_INST/SORTER/CELL_ARRAY_GEN[4].MIDDLE_CELLS.cell_inst_mid/clk
    SLICE_X100Y46        FDRE                                         r  TREE_GENERATE_INST/SORTER/CELL_ARRAY_GEN[4].MIDDLE_CELLS.cell_inst_mid/r_freq_reg[0]/C
                         clock pessimism              0.452    23.909    
                         clock uncertainty           -0.083    23.826    
    SLICE_X100Y46        FDRE (Setup_fdre_C_CE)      -0.372    23.454    TREE_GENERATE_INST/SORTER/CELL_ARRAY_GEN[4].MIDDLE_CELLS.cell_inst_mid/r_freq_reg[0]
  -------------------------------------------------------------------
                         required time                         23.454    
                         arrival time                         -23.074    
  -------------------------------------------------------------------
                         slack                                  0.379    

Slack (MET) :             0.379ns  (required time - arrival time)
  Source:                 TREE_GENERATE_INST/SORTER/CELL_ARRAY_GEN[254].MIDDLE_CELLS.cell_inst_mid_i_339_psbram_2/C
                            (rising edge-triggered cell FDRE clocked by clk_out1_clk_wiz_0_1  {rise@0.000ns fall@12.500ns period=25.000ns})
  Destination:            TREE_GENERATE_INST/SORTER/CELL_ARRAY_GEN[4].MIDDLE_CELLS.cell_inst_mid/r_freq_reg[1]/CE
                            (rising edge-triggered cell FDRE clocked by clk_out1_clk_wiz_0  {rise@0.000ns fall@12.500ns period=25.000ns})
  Path Group:             clk_out1_clk_wiz_0
  Path Type:              Setup (Max at Slow Process Corner)
  Requirement:            25.000ns  (clk_out1_clk_wiz_0 rise@25.000ns - clk_out1_clk_wiz_0_1 rise@0.000ns)
  Data Path Delay:        24.150ns  (logic 4.474ns (18.526%)  route 19.676ns (81.474%))
  Logic Levels:           19  (CARRY4=4 LUT2=1 LUT3=3 LUT4=1 LUT5=2 LUT6=7 MUXF7=1)
  Clock Path Skew:        -0.016ns (DCD - SCD + CPR)
    Destination Clock Delay (DCD):    -1.543ns = ( 23.457 - 25.000 ) 
    Source Clock Delay      (SCD):    -1.075ns
    Clock Pessimism Removal (CPR):    0.452ns
  Clock Uncertainty:      0.083ns  ((TSJ^2 + DJ^2)^1/2) / 2 + PE
    Total System Jitter     (TSJ):    0.071ns
    Discrete Jitter          (DJ):    0.151ns
    Phase Error              (PE):    0.000ns
  Clock Domain Crossing:  Inter clock paths are considered valid unless explicitly excluded by timing constraints such as set_clock_groups or set_false_path.

    Location             Delay type                Incr(ns)  Path(ns)    Netlist Resource(s)
  -------------------------------------------------------------------    -------------------
                         (clock clk_out1_clk_wiz_0_1 rise edge)
                                                      0.000     0.000 r  
    H16                                               0.000     0.000 r  clk (IN)
                         net (fo=0)                   0.000     0.000    CLOCK_WIZ_INST/inst/clk_in1
    H16                  IBUF (Prop_ibuf_I_O)         1.451     1.451 r  CLOCK_WIZ_INST/inst/clkin1_ibufg/O
                         net (fo=1, routed)           1.285     2.736    CLOCK_WIZ_INST/inst/clk_in1_clk_wiz_0
    MMCME2_ADV_X1Y2      MMCME2_ADV (Prop_mmcme2_adv_CLKIN1_CLKOUT0)
                                                     -7.759    -5.023 r  CLOCK_WIZ_INST/inst/mmcm_adv_inst/CLKOUT0
                         net (fo=1, routed)           2.206    -2.817    CLOCK_WIZ_INST/inst/clk_out1_clk_wiz_0
    BUFGCTRL_X0Y16       BUFG (Prop_bufg_I_O)         0.101    -2.716 r  CLOCK_WIZ_INST/inst/clkout1_buf/O
                         net (fo=14289, routed)       1.641    -1.075    TREE_GENERATE_INST/SORTER/clk
    SLICE_X48Y67         FDRE                                         r  TREE_GENERATE_INST/SORTER/CELL_ARRAY_GEN[254].MIDDLE_CELLS.cell_inst_mid_i_339_psbram_2/C
  -------------------------------------------------------------------    -------------------
    SLICE_X48Y67         FDRE (Prop_fdre_C_Q)         0.456    -0.619 r  TREE_GENERATE_INST/SORTER/CELL_ARRAY_GEN[254].MIDDLE_CELLS.cell_inst_mid_i_339_psbram_2/Q
                         net (fo=255, routed)         1.759     1.140    TREE_GENERATE_INST/SORTER/input_symbol[0]
    SLICE_X53Y81         LUT6 (Prop_lut6_I1_O)        0.124     1.264 f  TREE_GENERATE_INST/SORTER/CELL_ARRAY_GEN[255].LAST_CELL.cell_inst_last_i_1856/O
                         net (fo=1, routed)           0.642     1.906    TREE_GENERATE_INST/SORTER/CELL_ARRAY_GEN[255].LAST_CELL.cell_inst_last_i_1856_n_0
    SLICE_X54Y80         LUT6 (Prop_lut6_I5_O)        0.124     2.030 f  TREE_GENERATE_INST/SORTER/CELL_ARRAY_GEN[255].LAST_CELL.cell_inst_last_i_1081/O
                         net (fo=3, routed)           1.266     3.296    TREE_GENERATE_INST/SORTER/match_idx_var180_out
    SLICE_X41Y81         LUT3 (Prop_lut3_I0_O)        0.124     3.420 f  TREE_GENERATE_INST/SORTER/CELL_ARRAY_GEN[255].LAST_CELL.cell_inst_last_i_417/O
                         net (fo=6, routed)           0.989     4.409    TREE_GENERATE_INST/SORTER/CELL_ARRAY_GEN[255].LAST_CELL.cell_inst_last_i_417_n_0
    SLICE_X40Y84         LUT5 (Prop_lut5_I2_O)        0.124     4.533 f  TREE_GENERATE_INST/SORTER/CELL_ARRAY_GEN[255].LAST_CELL.cell_inst_last_i_169/O
                         net (fo=8, routed)           0.802     5.335    TREE_GENERATE_INST/SORTER/CELL_ARRAY_GEN[255].LAST_CELL.cell_inst_last_i_169_n_0
    SLICE_X38Y82         LUT3 (Prop_lut3_I1_O)        0.124     5.459 f  TREE_GENERATE_INST/SORTER/CELL_ARRAY_GEN[255].LAST_CELL.cell_inst_last_i_148/O
                         net (fo=10, routed)          1.099     6.558    TREE_GENERATE_INST/SORTER/CELL_ARRAY_GEN[255].LAST_CELL.cell_inst_last_i_148_n_0
    SLICE_X58Y82         LUT6 (Prop_lut6_I5_O)        0.124     6.682 r  TREE_GENERATE_INST/SORTER/CELL_ARRAY_GEN[254].MIDDLE_CELLS.cell_inst_mid_i_42/O
                         net (fo=16, routed)          1.879     8.561    TREE_GENERATE_INST/SORTER/CELL_ARRAY_GEN[254].MIDDLE_CELLS.cell_inst_mid_i_42_n_0
    SLICE_X64Y56         LUT6 (Prop_lut6_I1_O)        0.124     8.685 r  TREE_GENERATE_INST/SORTER/CELL_ARRAY_GEN[255].LAST_CELL.cell_inst_last_i_1357/O
                         net (fo=118, routed)         2.078    10.763    TREE_GENERATE_INST/SORTER/CELL_ARRAY_GEN[255].LAST_CELL.cell_inst_last_i_1357_n_0
    SLICE_X104Y43        LUT6 (Prop_lut6_I2_O)        0.124    10.887 r  TREE_GENERATE_INST/SORTER/CELL_ARRAY_GEN[255].LAST_CELL.cell_inst_last_i_1392/O
                         net (fo=1, routed)           0.820    11.707    TREE_GENERATE_INST/SORTER/CELL_ARRAY_GEN[255].LAST_CELL.cell_inst_last_i_1392_n_0
    SLICE_X104Y42        LUT6 (Prop_lut6_I1_O)        0.124    11.831 r  TREE_GENERATE_INST/SORTER/CELL_ARRAY_GEN[255].LAST_CELL.cell_inst_last_i_799/O
                         net (fo=1, routed)           0.000    11.831    TREE_GENERATE_INST/SORTER/CELL_ARRAY_GEN[255].LAST_CELL.cell_inst_last_i_799_n_0
    SLICE_X104Y42        MUXF7 (Prop_muxf7_I0_O)      0.209    12.040 r  TREE_GENERATE_INST/SORTER/CELL_ARRAY_GEN[255].LAST_CELL.cell_inst_last_i_296/O
                         net (fo=1, routed)           0.759    12.799    TREE_GENERATE_INST/SORTER/CELL_ARRAY_GEN[255].LAST_CELL.cell_inst_last_i_296_n_0
    SLICE_X96Y42         LUT3 (Prop_lut3_I1_O)        0.297    13.096 r  TREE_GENERATE_INST/SORTER/CELL_ARRAY_GEN[255].LAST_CELL.cell_inst_last_i_122/O
                         net (fo=1, routed)           1.069    14.165    TREE_GENERATE_INST/SORTER/CELL_ARRAY_GEN[255].LAST_CELL.cell_inst_last_i_122_n_0
    SLICE_X89Y43         LUT6 (Prop_lut6_I3_O)        0.124    14.289 r  TREE_GENERATE_INST/SORTER/CELL_ARRAY_GEN[255].LAST_CELL.cell_inst_last_i_55/O
                         net (fo=515, routed)         0.860    15.149    TREE_GENERATE_INST/SORTER/freqs[0][0]
    SLICE_X80Y46         CARRY4 (Prop_carry4_CYINIT_CO[3])
                                                      0.580    15.729 r  TREE_GENERATE_INST/SORTER/CELL_ARRAY_GEN[255].LAST_CELL.cell_inst_last_i_54/CO[3]
                         net (fo=1, routed)           0.000    15.729    TREE_GENERATE_INST/SORTER/CELL_ARRAY_GEN[255].LAST_CELL.cell_inst_last_i_54_n_0
    SLICE_X80Y47         CARRY4 (Prop_carry4_CI_CO[3])
                                                      0.114    15.843 r  TREE_GENERATE_INST/SORTER/CELL_ARRAY_GEN[255].LAST_CELL.cell_inst_last_i_53/CO[3]
                         net (fo=1, routed)           0.000    15.843    TREE_GENERATE_INST/SORTER/CELL_ARRAY_GEN[255].LAST_CELL.cell_inst_last_i_53_n_0
    SLICE_X80Y48         CARRY4 (Prop_carry4_CI_O[2])
                                                      0.239    16.082 r  TREE_GENERATE_INST/SORTER/CELL_ARRAY_GEN[255].LAST_CELL.cell_inst_last_i_52/O[2]
                         net (fo=513, routed)         1.877    17.959    TREE_GENERATE_INST/SORTER/plusOp[11]
    SLICE_X53Y51         LUT4 (Prop_lut4_I1_O)        0.302    18.261 r  TREE_GENERATE_INST/SORTER/CELL_ARRAY_GEN[4].MIDDLE_CELLS.cell_inst_mid_i_14/O
                         net (fo=1, routed)           0.000    18.261    TREE_GENERATE_INST/SORTER/CELL_ARRAY_GEN[4].MIDDLE_CELLS.cell_inst_mid_i_14_n_0
    SLICE_X53Y51         CARRY4 (Prop_carry4_S[1]_CO[2])
                                                      0.570    18.831 r  TREE_GENERATE_INST/SORTER/CELL_ARRAY_GEN[4].MIDDLE_CELLS.cell_inst_mid_i_4/CO[2]
                         net (fo=3, routed)           0.910    19.741    TREE_GENERATE_INST/SORTER/CELL_ARRAY_GEN[4].MIDDLE_CELLS.cell_inst_mid_i_4_n_1
    SLICE_X55Y56         LUT5 (Prop_lut5_I4_O)        0.313    20.054 r  TREE_GENERATE_INST/SORTER/CELL_ARRAY_GEN[4].MIDDLE_CELLS.cell_inst_mid_i_1/O
                         net (fo=24, routed)          1.017    21.071    TREE_GENERATE_INST/SORTER/CELL_ARRAY_GEN[4].MIDDLE_CELLS.cell_inst_mid/write_en
    SLICE_X57Y58         LUT2 (Prop_lut2_I0_O)        0.154    21.225 r  TREE_GENERATE_INST/SORTER/CELL_ARRAY_GEN[4].MIDDLE_CELLS.cell_inst_mid/r_freq[13]_i_1/O
                         net (fo=14, routed)          1.850    23.074    TREE_GENERATE_INST/SORTER/CELL_ARRAY_GEN[4].MIDDLE_CELLS.cell_inst_mid/r_symbol
    SLICE_X100Y46        FDRE                                         r  TREE_GENERATE_INST/SORTER/CELL_ARRAY_GEN[4].MIDDLE_CELLS.cell_inst_mid/r_freq_reg[1]/CE
  -------------------------------------------------------------------    -------------------

                         (clock clk_out1_clk_wiz_0 rise edge)
                                                     25.000    25.000 r  
    H16                                               0.000    25.000 r  clk (IN)
                         net (fo=0)                   0.000    25.000    CLOCK_WIZ_INST/inst/clk_in1
    H16                  IBUF (Prop_ibuf_I_O)         1.380    26.380 r  CLOCK_WIZ_INST/inst/clkin1_ibufg/O
                         net (fo=1, routed)           1.162    27.542    CLOCK_WIZ_INST/inst/clk_in1_clk_wiz_0
    MMCME2_ADV_X1Y2      MMCME2_ADV (Prop_mmcme2_adv_CLKIN1_CLKOUT0)
                                                     -7.814    19.728 r  CLOCK_WIZ_INST/inst/mmcm_adv_inst/CLKOUT0
                         net (fo=1, routed)           2.012    21.740    CLOCK_WIZ_INST/inst/clk_out1_clk_wiz_0
    BUFGCTRL_X0Y16       BUFG (Prop_bufg_I_O)         0.091    21.831 r  CLOCK_WIZ_INST/inst/clkout1_buf/O
                         net (fo=14289, routed)       1.625    23.457    TREE_GENERATE_INST/SORTER/CELL_ARRAY_GEN[4].MIDDLE_CELLS.cell_inst_mid/clk
    SLICE_X100Y46        FDRE                                         r  TREE_GENERATE_INST/SORTER/CELL_ARRAY_GEN[4].MIDDLE_CELLS.cell_inst_mid/r_freq_reg[1]/C
                         clock pessimism              0.452    23.909    
                         clock uncertainty           -0.083    23.826    
    SLICE_X100Y46        FDRE (Setup_fdre_C_CE)      -0.372    23.454    TREE_GENERATE_INST/SORTER/CELL_ARRAY_GEN[4].MIDDLE_CELLS.cell_inst_mid/r_freq_reg[1]
  -------------------------------------------------------------------
                         required time                         23.454    
                         arrival time                         -23.074    
  -------------------------------------------------------------------
                         slack                                  0.379    

Slack (MET) :             0.431ns  (required time - arrival time)
  Source:                 TREE_GENERATE_INST/SORTER/CELL_ARRAY_GEN[254].MIDDLE_CELLS.cell_inst_mid_i_339_psbram_2/C
                            (rising edge-triggered cell FDRE clocked by clk_out1_clk_wiz_0_1  {rise@0.000ns fall@12.500ns period=25.000ns})
  Destination:            TREE_GENERATE_INST/SORTER/CELL_ARRAY_GEN[218].MIDDLE_CELLS.cell_inst_mid/r_freq_reg[10]/CE
                            (rising edge-triggered cell FDRE clocked by clk_out1_clk_wiz_0  {rise@0.000ns fall@12.500ns period=25.000ns})
  Path Group:             clk_out1_clk_wiz_0
  Path Type:              Setup (Max at Slow Process Corner)
  Requirement:            25.000ns  (clk_out1_clk_wiz_0 rise@25.000ns - clk_out1_clk_wiz_0_1 rise@0.000ns)
  Data Path Delay:        24.090ns  (logic 4.566ns (18.954%)  route 19.524ns (81.046%))
  Logic Levels:           19  (CARRY4=4 LUT2=1 LUT3=3 LUT4=1 LUT5=2 LUT6=7 MUXF7=1)
  Clock Path Skew:        -0.019ns (DCD - SCD + CPR)
    Destination Clock Delay (DCD):    -1.546ns = ( 23.454 - 25.000 ) 
    Source Clock Delay      (SCD):    -1.075ns
    Clock Pessimism Removal (CPR):    0.452ns
  Clock Uncertainty:      0.083ns  ((TSJ^2 + DJ^2)^1/2) / 2 + PE
    Total System Jitter     (TSJ):    0.071ns
    Discrete Jitter          (DJ):    0.151ns
    Phase Error              (PE):    0.000ns
  Clock Domain Crossing:  Inter clock paths are considered valid unless explicitly excluded by timing constraints such as set_clock_groups or set_false_path.

    Location             Delay type                Incr(ns)  Path(ns)    Netlist Resource(s)
  -------------------------------------------------------------------    -------------------
                         (clock clk_out1_clk_wiz_0_1 rise edge)
                                                      0.000     0.000 r  
    H16                                               0.000     0.000 r  clk (IN)
                         net (fo=0)                   0.000     0.000    CLOCK_WIZ_INST/inst/clk_in1
    H16                  IBUF (Prop_ibuf_I_O)         1.451     1.451 r  CLOCK_WIZ_INST/inst/clkin1_ibufg/O
                         net (fo=1, routed)           1.285     2.736    CLOCK_WIZ_INST/inst/clk_in1_clk_wiz_0
    MMCME2_ADV_X1Y2      MMCME2_ADV (Prop_mmcme2_adv_CLKIN1_CLKOUT0)
                                                     -7.759    -5.023 r  CLOCK_WIZ_INST/inst/mmcm_adv_inst/CLKOUT0
                         net (fo=1, routed)           2.206    -2.817    CLOCK_WIZ_INST/inst/clk_out1_clk_wiz_0
    BUFGCTRL_X0Y16       BUFG (Prop_bufg_I_O)         0.101    -2.716 r  CLOCK_WIZ_INST/inst/clkout1_buf/O
                         net (fo=14289, routed)       1.641    -1.075    TREE_GENERATE_INST/SORTER/clk
    SLICE_X48Y67         FDRE                                         r  TREE_GENERATE_INST/SORTER/CELL_ARRAY_GEN[254].MIDDLE_CELLS.cell_inst_mid_i_339_psbram_2/C
  -------------------------------------------------------------------    -------------------
    SLICE_X48Y67         FDRE (Prop_fdre_C_Q)         0.456    -0.619 r  TREE_GENERATE_INST/SORTER/CELL_ARRAY_GEN[254].MIDDLE_CELLS.cell_inst_mid_i_339_psbram_2/Q
                         net (fo=255, routed)         1.759     1.140    TREE_GENERATE_INST/SORTER/input_symbol[0]
    SLICE_X53Y81         LUT6 (Prop_lut6_I1_O)        0.124     1.264 f  TREE_GENERATE_INST/SORTER/CELL_ARRAY_GEN[255].LAST_CELL.cell_inst_last_i_1856/O
                         net (fo=1, routed)           0.642     1.906    TREE_GENERATE_INST/SORTER/CELL_ARRAY_GEN[255].LAST_CELL.cell_inst_last_i_1856_n_0
    SLICE_X54Y80         LUT6 (Prop_lut6_I5_O)        0.124     2.030 f  TREE_GENERATE_INST/SORTER/CELL_ARRAY_GEN[255].LAST_CELL.cell_inst_last_i_1081/O
                         net (fo=3, routed)           1.266     3.296    TREE_GENERATE_INST/SORTER/match_idx_var180_out
    SLICE_X41Y81         LUT3 (Prop_lut3_I0_O)        0.124     3.420 f  TREE_GENERATE_INST/SORTER/CELL_ARRAY_GEN[255].LAST_CELL.cell_inst_last_i_417/O
                         net (fo=6, routed)           0.989     4.409    TREE_GENERATE_INST/SORTER/CELL_ARRAY_GEN[255].LAST_CELL.cell_inst_last_i_417_n_0
    SLICE_X40Y84         LUT5 (Prop_lut5_I2_O)        0.124     4.533 f  TREE_GENERATE_INST/SORTER/CELL_ARRAY_GEN[255].LAST_CELL.cell_inst_last_i_169/O
                         net (fo=8, routed)           0.802     5.335    TREE_GENERATE_INST/SORTER/CELL_ARRAY_GEN[255].LAST_CELL.cell_inst_last_i_169_n_0
    SLICE_X38Y82         LUT3 (Prop_lut3_I1_O)        0.124     5.459 f  TREE_GENERATE_INST/SORTER/CELL_ARRAY_GEN[255].LAST_CELL.cell_inst_last_i_148/O
                         net (fo=10, routed)          1.099     6.558    TREE_GENERATE_INST/SORTER/CELL_ARRAY_GEN[255].LAST_CELL.cell_inst_last_i_148_n_0
    SLICE_X58Y82         LUT6 (Prop_lut6_I5_O)        0.124     6.682 r  TREE_GENERATE_INST/SORTER/CELL_ARRAY_GEN[254].MIDDLE_CELLS.cell_inst_mid_i_42/O
                         net (fo=16, routed)          1.879     8.561    TREE_GENERATE_INST/SORTER/CELL_ARRAY_GEN[254].MIDDLE_CELLS.cell_inst_mid_i_42_n_0
    SLICE_X64Y56         LUT6 (Prop_lut6_I1_O)        0.124     8.685 r  TREE_GENERATE_INST/SORTER/CELL_ARRAY_GEN[255].LAST_CELL.cell_inst_last_i_1357/O
                         net (fo=118, routed)         2.078    10.763    TREE_GENERATE_INST/SORTER/CELL_ARRAY_GEN[255].LAST_CELL.cell_inst_last_i_1357_n_0
    SLICE_X104Y43        LUT6 (Prop_lut6_I2_O)        0.124    10.887 r  TREE_GENERATE_INST/SORTER/CELL_ARRAY_GEN[255].LAST_CELL.cell_inst_last_i_1392/O
                         net (fo=1, routed)           0.820    11.707    TREE_GENERATE_INST/SORTER/CELL_ARRAY_GEN[255].LAST_CELL.cell_inst_last_i_1392_n_0
    SLICE_X104Y42        LUT6 (Prop_lut6_I1_O)        0.124    11.831 r  TREE_GENERATE_INST/SORTER/CELL_ARRAY_GEN[255].LAST_CELL.cell_inst_last_i_799/O
                         net (fo=1, routed)           0.000    11.831    TREE_GENERATE_INST/SORTER/CELL_ARRAY_GEN[255].LAST_CELL.cell_inst_last_i_799_n_0
    SLICE_X104Y42        MUXF7 (Prop_muxf7_I0_O)      0.209    12.040 r  TREE_GENERATE_INST/SORTER/CELL_ARRAY_GEN[255].LAST_CELL.cell_inst_last_i_296/O
                         net (fo=1, routed)           0.759    12.799    TREE_GENERATE_INST/SORTER/CELL_ARRAY_GEN[255].LAST_CELL.cell_inst_last_i_296_n_0
    SLICE_X96Y42         LUT3 (Prop_lut3_I1_O)        0.297    13.096 r  TREE_GENERATE_INST/SORTER/CELL_ARRAY_GEN[255].LAST_CELL.cell_inst_last_i_122/O
                         net (fo=1, routed)           1.069    14.165    TREE_GENERATE_INST/SORTER/CELL_ARRAY_GEN[255].LAST_CELL.cell_inst_last_i_122_n_0
    SLICE_X89Y43         LUT6 (Prop_lut6_I3_O)        0.124    14.289 r  TREE_GENERATE_INST/SORTER/CELL_ARRAY_GEN[255].LAST_CELL.cell_inst_last_i_55/O
                         net (fo=515, routed)         0.860    15.149    TREE_GENERATE_INST/SORTER/freqs[0][0]
    SLICE_X80Y46         CARRY4 (Prop_carry4_CYINIT_CO[3])
                                                      0.580    15.729 r  TREE_GENERATE_INST/SORTER/CELL_ARRAY_GEN[255].LAST_CELL.cell_inst_last_i_54/CO[3]
                         net (fo=1, routed)           0.000    15.729    TREE_GENERATE_INST/SORTER/CELL_ARRAY_GEN[255].LAST_CELL.cell_inst_last_i_54_n_0
    SLICE_X80Y47         CARRY4 (Prop_carry4_CI_CO[3])
                                                      0.114    15.843 r  TREE_GENERATE_INST/SORTER/CELL_ARRAY_GEN[255].LAST_CELL.cell_inst_last_i_53/CO[3]
                         net (fo=1, routed)           0.000    15.843    TREE_GENERATE_INST/SORTER/CELL_ARRAY_GEN[255].LAST_CELL.cell_inst_last_i_53_n_0
    SLICE_X80Y48         CARRY4 (Prop_carry4_CI_O[1])
                                                      0.334    16.177 r  TREE_GENERATE_INST/SORTER/CELL_ARRAY_GEN[255].LAST_CELL.cell_inst_last_i_52/O[1]
                         net (fo=513, routed)         1.862    18.039    TREE_GENERATE_INST/SORTER/plusOp[10]
    SLICE_X54Y46         LUT4 (Prop_lut4_I0_O)        0.303    18.342 r  TREE_GENERATE_INST/SORTER/CELL_ARRAY_GEN[218].MIDDLE_CELLS.cell_inst_mid_i_18/O
                         net (fo=1, routed)           0.000    18.342    TREE_GENERATE_INST/SORTER/CELL_ARRAY_GEN[218].MIDDLE_CELLS.cell_inst_mid_i_18_n_0
    SLICE_X54Y46         CARRY4 (Prop_carry4_S[1]_CO[2])
                                                      0.574    18.916 r  TREE_GENERATE_INST/SORTER/CELL_ARRAY_GEN[218].MIDDLE_CELLS.cell_inst_mid_i_4/CO[2]
                         net (fo=3, routed)           0.673    19.588    TREE_GENERATE_INST/SORTER/CELL_ARRAY_GEN[218].MIDDLE_CELLS.cell_inst_mid_i_4_n_1
    SLICE_X54Y41         LUT5 (Prop_lut5_I4_O)        0.310    19.898 r  TREE_GENERATE_INST/SORTER/CELL_ARRAY_GEN[218].MIDDLE_CELLS.cell_inst_mid_i_1/O
                         net (fo=24, routed)          1.148    21.046    TREE_GENERATE_INST/SORTER/CELL_ARRAY_GEN[218].MIDDLE_CELLS.cell_inst_mid/write_en
    SLICE_X52Y39         LUT2 (Prop_lut2_I0_O)        0.149    21.195 r  TREE_GENERATE_INST/SORTER/CELL_ARRAY_GEN[218].MIDDLE_CELLS.cell_inst_mid/r_freq[13]_i_1/O
                         net (fo=14, routed)          1.820    23.015    TREE_GENERATE_INST/SORTER/CELL_ARRAY_GEN[218].MIDDLE_CELLS.cell_inst_mid/r_symbol
    SLICE_X90Y46         FDRE                                         r  TREE_GENERATE_INST/SORTER/CELL_ARRAY_GEN[218].MIDDLE_CELLS.cell_inst_mid/r_freq_reg[10]/CE
  -------------------------------------------------------------------    -------------------

                         (clock clk_out1_clk_wiz_0 rise edge)
                                                     25.000    25.000 r  
    H16                                               0.000    25.000 r  clk (IN)
                         net (fo=0)                   0.000    25.000    CLOCK_WIZ_INST/inst/clk_in1
    H16                  IBUF (Prop_ibuf_I_O)         1.380    26.380 r  CLOCK_WIZ_INST/inst/clkin1_ibufg/O
                         net (fo=1, routed)           1.162    27.542    CLOCK_WIZ_INST/inst/clk_in1_clk_wiz_0
    MMCME2_ADV_X1Y2      MMCME2_ADV (Prop_mmcme2_adv_CLKIN1_CLKOUT0)
                                                     -7.814    19.728 r  CLOCK_WIZ_INST/inst/mmcm_adv_inst/CLKOUT0
                         net (fo=1, routed)           2.012    21.740    CLOCK_WIZ_INST/inst/clk_out1_clk_wiz_0
    BUFGCTRL_X0Y16       BUFG (Prop_bufg_I_O)         0.091    21.831 r  CLOCK_WIZ_INST/inst/clkout1_buf/O
                         net (fo=14289, routed)       1.622    23.454    TREE_GENERATE_INST/SORTER/CELL_ARRAY_GEN[218].MIDDLE_CELLS.cell_inst_mid/clk
    SLICE_X90Y46         FDRE                                         r  TREE_GENERATE_INST/SORTER/CELL_ARRAY_GEN[218].MIDDLE_CELLS.cell_inst_mid/r_freq_reg[10]/C
                         clock pessimism              0.452    23.906    
                         clock uncertainty           -0.083    23.823    
    SLICE_X90Y46         FDRE (Setup_fdre_C_CE)      -0.377    23.446    TREE_GENERATE_INST/SORTER/CELL_ARRAY_GEN[218].MIDDLE_CELLS.cell_inst_mid/r_freq_reg[10]
  -------------------------------------------------------------------
                         required time                         23.446    
                         arrival time                         -23.015    
  -------------------------------------------------------------------
                         slack                                  0.431    

Slack (MET) :             0.431ns  (required time - arrival time)
  Source:                 TREE_GENERATE_INST/SORTER/CELL_ARRAY_GEN[254].MIDDLE_CELLS.cell_inst_mid_i_339_psbram_2/C
                            (rising edge-triggered cell FDRE clocked by clk_out1_clk_wiz_0_1  {rise@0.000ns fall@12.500ns period=25.000ns})
  Destination:            TREE_GENERATE_INST/SORTER/CELL_ARRAY_GEN[218].MIDDLE_CELLS.cell_inst_mid/r_freq_reg[11]/CE
                            (rising edge-triggered cell FDRE clocked by clk_out1_clk_wiz_0  {rise@0.000ns fall@12.500ns period=25.000ns})
  Path Group:             clk_out1_clk_wiz_0
  Path Type:              Setup (Max at Slow Process Corner)
  Requirement:            25.000ns  (clk_out1_clk_wiz_0 rise@25.000ns - clk_out1_clk_wiz_0_1 rise@0.000ns)
  Data Path Delay:        24.090ns  (logic 4.566ns (18.954%)  route 19.524ns (81.046%))
  Logic Levels:           19  (CARRY4=4 LUT2=1 LUT3=3 LUT4=1 LUT5=2 LUT6=7 MUXF7=1)
  Clock Path Skew:        -0.019ns (DCD - SCD + CPR)
    Destination Clock Delay (DCD):    -1.546ns = ( 23.454 - 25.000 ) 
    Source Clock Delay      (SCD):    -1.075ns
    Clock Pessimism Removal (CPR):    0.452ns
  Clock Uncertainty:      0.083ns  ((TSJ^2 + DJ^2)^1/2) / 2 + PE
    Total System Jitter     (TSJ):    0.071ns
    Discrete Jitter          (DJ):    0.151ns
    Phase Error              (PE):    0.000ns
  Clock Domain Crossing:  Inter clock paths are considered valid unless explicitly excluded by timing constraints such as set_clock_groups or set_false_path.

    Location             Delay type                Incr(ns)  Path(ns)    Netlist Resource(s)
  -------------------------------------------------------------------    -------------------
                         (clock clk_out1_clk_wiz_0_1 rise edge)
                                                      0.000     0.000 r  
    H16                                               0.000     0.000 r  clk (IN)
                         net (fo=0)                   0.000     0.000    CLOCK_WIZ_INST/inst/clk_in1
    H16                  IBUF (Prop_ibuf_I_O)         1.451     1.451 r  CLOCK_WIZ_INST/inst/clkin1_ibufg/O
                         net (fo=1, routed)           1.285     2.736    CLOCK_WIZ_INST/inst/clk_in1_clk_wiz_0
    MMCME2_ADV_X1Y2      MMCME2_ADV (Prop_mmcme2_adv_CLKIN1_CLKOUT0)
                                                     -7.759    -5.023 r  CLOCK_WIZ_INST/inst/mmcm_adv_inst/CLKOUT0
                         net (fo=1, routed)           2.206    -2.817    CLOCK_WIZ_INST/inst/clk_out1_clk_wiz_0
    BUFGCTRL_X0Y16       BUFG (Prop_bufg_I_O)         0.101    -2.716 r  CLOCK_WIZ_INST/inst/clkout1_buf/O
                         net (fo=14289, routed)       1.641    -1.075    TREE_GENERATE_INST/SORTER/clk
    SLICE_X48Y67         FDRE                                         r  TREE_GENERATE_INST/SORTER/CELL_ARRAY_GEN[254].MIDDLE_CELLS.cell_inst_mid_i_339_psbram_2/C
  -------------------------------------------------------------------    -------------------
    SLICE_X48Y67         FDRE (Prop_fdre_C_Q)         0.456    -0.619 r  TREE_GENERATE_INST/SORTER/CELL_ARRAY_GEN[254].MIDDLE_CELLS.cell_inst_mid_i_339_psbram_2/Q
                         net (fo=255, routed)         1.759     1.140    TREE_GENERATE_INST/SORTER/input_symbol[0]
    SLICE_X53Y81         LUT6 (Prop_lut6_I1_O)        0.124     1.264 f  TREE_GENERATE_INST/SORTER/CELL_ARRAY_GEN[255].LAST_CELL.cell_inst_last_i_1856/O
                         net (fo=1, routed)           0.642     1.906    TREE_GENERATE_INST/SORTER/CELL_ARRAY_GEN[255].LAST_CELL.cell_inst_last_i_1856_n_0
    SLICE_X54Y80         LUT6 (Prop_lut6_I5_O)        0.124     2.030 f  TREE_GENERATE_INST/SORTER/CELL_ARRAY_GEN[255].LAST_CELL.cell_inst_last_i_1081/O
                         net (fo=3, routed)           1.266     3.296    TREE_GENERATE_INST/SORTER/match_idx_var180_out
    SLICE_X41Y81         LUT3 (Prop_lut3_I0_O)        0.124     3.420 f  TREE_GENERATE_INST/SORTER/CELL_ARRAY_GEN[255].LAST_CELL.cell_inst_last_i_417/O
                         net (fo=6, routed)           0.989     4.409    TREE_GENERATE_INST/SORTER/CELL_ARRAY_GEN[255].LAST_CELL.cell_inst_last_i_417_n_0
    SLICE_X40Y84         LUT5 (Prop_lut5_I2_O)        0.124     4.533 f  TREE_GENERATE_INST/SORTER/CELL_ARRAY_GEN[255].LAST_CELL.cell_inst_last_i_169/O
                         net (fo=8, routed)           0.802     5.335    TREE_GENERATE_INST/SORTER/CELL_ARRAY_GEN[255].LAST_CELL.cell_inst_last_i_169_n_0
    SLICE_X38Y82         LUT3 (Prop_lut3_I1_O)        0.124     5.459 f  TREE_GENERATE_INST/SORTER/CELL_ARRAY_GEN[255].LAST_CELL.cell_inst_last_i_148/O
                         net (fo=10, routed)          1.099     6.558    TREE_GENERATE_INST/SORTER/CELL_ARRAY_GEN[255].LAST_CELL.cell_inst_last_i_148_n_0
    SLICE_X58Y82         LUT6 (Prop_lut6_I5_O)        0.124     6.682 r  TREE_GENERATE_INST/SORTER/CELL_ARRAY_GEN[254].MIDDLE_CELLS.cell_inst_mid_i_42/O
                         net (fo=16, routed)          1.879     8.561    TREE_GENERATE_INST/SORTER/CELL_ARRAY_GEN[254].MIDDLE_CELLS.cell_inst_mid_i_42_n_0
    SLICE_X64Y56         LUT6 (Prop_lut6_I1_O)        0.124     8.685 r  TREE_GENERATE_INST/SORTER/CELL_ARRAY_GEN[255].LAST_CELL.cell_inst_last_i_1357/O
                         net (fo=118, routed)         2.078    10.763    TREE_GENERATE_INST/SORTER/CELL_ARRAY_GEN[255].LAST_CELL.cell_inst_last_i_1357_n_0
    SLICE_X104Y43        LUT6 (Prop_lut6_I2_O)        0.124    10.887 r  TREE_GENERATE_INST/SORTER/CELL_ARRAY_GEN[255].LAST_CELL.cell_inst_last_i_1392/O
                         net (fo=1, routed)           0.820    11.707    TREE_GENERATE_INST/SORTER/CELL_ARRAY_GEN[255].LAST_CELL.cell_inst_last_i_1392_n_0
    SLICE_X104Y42        LUT6 (Prop_lut6_I1_O)        0.124    11.831 r  TREE_GENERATE_INST/SORTER/CELL_ARRAY_GEN[255].LAST_CELL.cell_inst_last_i_799/O
                         net (fo=1, routed)           0.000    11.831    TREE_GENERATE_INST/SORTER/CELL_ARRAY_GEN[255].LAST_CELL.cell_inst_last_i_799_n_0
    SLICE_X104Y42        MUXF7 (Prop_muxf7_I0_O)      0.209    12.040 r  TREE_GENERATE_INST/SORTER/CELL_ARRAY_GEN[255].LAST_CELL.cell_inst_last_i_296/O
                         net (fo=1, routed)           0.759    12.799    TREE_GENERATE_INST/SORTER/CELL_ARRAY_GEN[255].LAST_CELL.cell_inst_last_i_296_n_0
    SLICE_X96Y42         LUT3 (Prop_lut3_I1_O)        0.297    13.096 r  TREE_GENERATE_INST/SORTER/CELL_ARRAY_GEN[255].LAST_CELL.cell_inst_last_i_122/O
                         net (fo=1, routed)           1.069    14.165    TREE_GENERATE_INST/SORTER/CELL_ARRAY_GEN[255].LAST_CELL.cell_inst_last_i_122_n_0
    SLICE_X89Y43         LUT6 (Prop_lut6_I3_O)        0.124    14.289 r  TREE_GENERATE_INST/SORTER/CELL_ARRAY_GEN[255].LAST_CELL.cell_inst_last_i_55/O
                         net (fo=515, routed)         0.860    15.149    TREE_GENERATE_INST/SORTER/freqs[0][0]
    SLICE_X80Y46         CARRY4 (Prop_carry4_CYINIT_CO[3])
                                                      0.580    15.729 r  TREE_GENERATE_INST/SORTER/CELL_ARRAY_GEN[255].LAST_CELL.cell_inst_last_i_54/CO[3]
                         net (fo=1, routed)           0.000    15.729    TREE_GENERATE_INST/SORTER/CELL_ARRAY_GEN[255].LAST_CELL.cell_inst_last_i_54_n_0
    SLICE_X80Y47         CARRY4 (Prop_carry4_CI_CO[3])
                                                      0.114    15.843 r  TREE_GENERATE_INST/SORTER/CELL_ARRAY_GEN[255].LAST_CELL.cell_inst_last_i_53/CO[3]
                         net (fo=1, routed)           0.000    15.843    TREE_GENERATE_INST/SORTER/CELL_ARRAY_GEN[255].LAST_CELL.cell_inst_last_i_53_n_0
    SLICE_X80Y48         CARRY4 (Prop_carry4_CI_O[1])
                                                      0.334    16.177 r  TREE_GENERATE_INST/SORTER/CELL_ARRAY_GEN[255].LAST_CELL.cell_inst_last_i_52/O[1]
                         net (fo=513, routed)         1.862    18.039    TREE_GENERATE_INST/SORTER/plusOp[10]
    SLICE_X54Y46         LUT4 (Prop_lut4_I0_O)        0.303    18.342 r  TREE_GENERATE_INST/SORTER/CELL_ARRAY_GEN[218].MIDDLE_CELLS.cell_inst_mid_i_18/O
                         net (fo=1, routed)           0.000    18.342    TREE_GENERATE_INST/SORTER/CELL_ARRAY_GEN[218].MIDDLE_CELLS.cell_inst_mid_i_18_n_0
    SLICE_X54Y46         CARRY4 (Prop_carry4_S[1]_CO[2])
                                                      0.574    18.916 r  TREE_GENERATE_INST/SORTER/CELL_ARRAY_GEN[218].MIDDLE_CELLS.cell_inst_mid_i_4/CO[2]
                         net (fo=3, routed)           0.673    19.588    TREE_GENERATE_INST/SORTER/CELL_ARRAY_GEN[218].MIDDLE_CELLS.cell_inst_mid_i_4_n_1
    SLICE_X54Y41         LUT5 (Prop_lut5_I4_O)        0.310    19.898 r  TREE_GENERATE_INST/SORTER/CELL_ARRAY_GEN[218].MIDDLE_CELLS.cell_inst_mid_i_1/O
                         net (fo=24, routed)          1.148    21.046    TREE_GENERATE_INST/SORTER/CELL_ARRAY_GEN[218].MIDDLE_CELLS.cell_inst_mid/write_en
    SLICE_X52Y39         LUT2 (Prop_lut2_I0_O)        0.149    21.195 r  TREE_GENERATE_INST/SORTER/CELL_ARRAY_GEN[218].MIDDLE_CELLS.cell_inst_mid/r_freq[13]_i_1/O
                         net (fo=14, routed)          1.820    23.015    TREE_GENERATE_INST/SORTER/CELL_ARRAY_GEN[218].MIDDLE_CELLS.cell_inst_mid/r_symbol
    SLICE_X90Y46         FDRE                                         r  TREE_GENERATE_INST/SORTER/CELL_ARRAY_GEN[218].MIDDLE_CELLS.cell_inst_mid/r_freq_reg[11]/CE
  -------------------------------------------------------------------    -------------------

                         (clock clk_out1_clk_wiz_0 rise edge)
                                                     25.000    25.000 r  
    H16                                               0.000    25.000 r  clk (IN)
                         net (fo=0)                   0.000    25.000    CLOCK_WIZ_INST/inst/clk_in1
    H16                  IBUF (Prop_ibuf_I_O)         1.380    26.380 r  CLOCK_WIZ_INST/inst/clkin1_ibufg/O
                         net (fo=1, routed)           1.162    27.542    CLOCK_WIZ_INST/inst/clk_in1_clk_wiz_0
    MMCME2_ADV_X1Y2      MMCME2_ADV (Prop_mmcme2_adv_CLKIN1_CLKOUT0)
                                                     -7.814    19.728 r  CLOCK_WIZ_INST/inst/mmcm_adv_inst/CLKOUT0
                         net (fo=1, routed)           2.012    21.740    CLOCK_WIZ_INST/inst/clk_out1_clk_wiz_0
    BUFGCTRL_X0Y16       BUFG (Prop_bufg_I_O)         0.091    21.831 r  CLOCK_WIZ_INST/inst/clkout1_buf/O
                         net (fo=14289, routed)       1.622    23.454    TREE_GENERATE_INST/SORTER/CELL_ARRAY_GEN[218].MIDDLE_CELLS.cell_inst_mid/clk
    SLICE_X90Y46         FDRE                                         r  TREE_GENERATE_INST/SORTER/CELL_ARRAY_GEN[218].MIDDLE_CELLS.cell_inst_mid/r_freq_reg[11]/C
                         clock pessimism              0.452    23.906    
                         clock uncertainty           -0.083    23.823    
    SLICE_X90Y46         FDRE (Setup_fdre_C_CE)      -0.377    23.446    TREE_GENERATE_INST/SORTER/CELL_ARRAY_GEN[218].MIDDLE_CELLS.cell_inst_mid/r_freq_reg[11]
  -------------------------------------------------------------------
                         required time                         23.446    
                         arrival time                         -23.015    
  -------------------------------------------------------------------
                         slack                                  0.431    

Slack (MET) :             0.431ns  (required time - arrival time)
  Source:                 TREE_GENERATE_INST/SORTER/CELL_ARRAY_GEN[254].MIDDLE_CELLS.cell_inst_mid_i_339_psbram_2/C
                            (rising edge-triggered cell FDRE clocked by clk_out1_clk_wiz_0_1  {rise@0.000ns fall@12.500ns period=25.000ns})
  Destination:            TREE_GENERATE_INST/SORTER/CELL_ARRAY_GEN[218].MIDDLE_CELLS.cell_inst_mid/r_freq_reg[2]/CE
                            (rising edge-triggered cell FDRE clocked by clk_out1_clk_wiz_0  {rise@0.000ns fall@12.500ns period=25.000ns})
  Path Group:             clk_out1_clk_wiz_0
  Path Type:              Setup (Max at Slow Process Corner)
  Requirement:            25.000ns  (clk_out1_clk_wiz_0 rise@25.000ns - clk_out1_clk_wiz_0_1 rise@0.000ns)
  Data Path Delay:        24.090ns  (logic 4.566ns (18.954%)  route 19.524ns (81.046%))
  Logic Levels:           19  (CARRY4=4 LUT2=1 LUT3=3 LUT4=1 LUT5=2 LUT6=7 MUXF7=1)
  Clock Path Skew:        -0.019ns (DCD - SCD + CPR)
    Destination Clock Delay (DCD):    -1.546ns = ( 23.454 - 25.000 ) 
    Source Clock Delay      (SCD):    -1.075ns
    Clock Pessimism Removal (CPR):    0.452ns
  Clock Uncertainty:      0.083ns  ((TSJ^2 + DJ^2)^1/2) / 2 + PE
    Total System Jitter     (TSJ):    0.071ns
    Discrete Jitter          (DJ):    0.151ns
    Phase Error              (PE):    0.000ns
  Clock Domain Crossing:  Inter clock paths are considered valid unless explicitly excluded by timing constraints such as set_clock_groups or set_false_path.

    Location             Delay type                Incr(ns)  Path(ns)    Netlist Resource(s)
  -------------------------------------------------------------------    -------------------
                         (clock clk_out1_clk_wiz_0_1 rise edge)
                                                      0.000     0.000 r  
    H16                                               0.000     0.000 r  clk (IN)
                         net (fo=0)                   0.000     0.000    CLOCK_WIZ_INST/inst/clk_in1
    H16                  IBUF (Prop_ibuf_I_O)         1.451     1.451 r  CLOCK_WIZ_INST/inst/clkin1_ibufg/O
                         net (fo=1, routed)           1.285     2.736    CLOCK_WIZ_INST/inst/clk_in1_clk_wiz_0
    MMCME2_ADV_X1Y2      MMCME2_ADV (Prop_mmcme2_adv_CLKIN1_CLKOUT0)
                                                     -7.759    -5.023 r  CLOCK_WIZ_INST/inst/mmcm_adv_inst/CLKOUT0
                         net (fo=1, routed)           2.206    -2.817    CLOCK_WIZ_INST/inst/clk_out1_clk_wiz_0
    BUFGCTRL_X0Y16       BUFG (Prop_bufg_I_O)         0.101    -2.716 r  CLOCK_WIZ_INST/inst/clkout1_buf/O
                         net (fo=14289, routed)       1.641    -1.075    TREE_GENERATE_INST/SORTER/clk
    SLICE_X48Y67         FDRE                                         r  TREE_GENERATE_INST/SORTER/CELL_ARRAY_GEN[254].MIDDLE_CELLS.cell_inst_mid_i_339_psbram_2/C
  -------------------------------------------------------------------    -------------------
    SLICE_X48Y67         FDRE (Prop_fdre_C_Q)         0.456    -0.619 r  TREE_GENERATE_INST/SORTER/CELL_ARRAY_GEN[254].MIDDLE_CELLS.cell_inst_mid_i_339_psbram_2/Q
                         net (fo=255, routed)         1.759     1.140    TREE_GENERATE_INST/SORTER/input_symbol[0]
    SLICE_X53Y81         LUT6 (Prop_lut6_I1_O)        0.124     1.264 f  TREE_GENERATE_INST/SORTER/CELL_ARRAY_GEN[255].LAST_CELL.cell_inst_last_i_1856/O
                         net (fo=1, routed)           0.642     1.906    TREE_GENERATE_INST/SORTER/CELL_ARRAY_GEN[255].LAST_CELL.cell_inst_last_i_1856_n_0
    SLICE_X54Y80         LUT6 (Prop_lut6_I5_O)        0.124     2.030 f  TREE_GENERATE_INST/SORTER/CELL_ARRAY_GEN[255].LAST_CELL.cell_inst_last_i_1081/O
                         net (fo=3, routed)           1.266     3.296    TREE_GENERATE_INST/SORTER/match_idx_var180_out
    SLICE_X41Y81         LUT3 (Prop_lut3_I0_O)        0.124     3.420 f  TREE_GENERATE_INST/SORTER/CELL_ARRAY_GEN[255].LAST_CELL.cell_inst_last_i_417/O
                         net (fo=6, routed)           0.989     4.409    TREE_GENERATE_INST/SORTER/CELL_ARRAY_GEN[255].LAST_CELL.cell_inst_last_i_417_n_0
    SLICE_X40Y84         LUT5 (Prop_lut5_I2_O)        0.124     4.533 f  TREE_GENERATE_INST/SORTER/CELL_ARRAY_GEN[255].LAST_CELL.cell_inst_last_i_169/O
                         net (fo=8, routed)           0.802     5.335    TREE_GENERATE_INST/SORTER/CELL_ARRAY_GEN[255].LAST_CELL.cell_inst_last_i_169_n_0
    SLICE_X38Y82         LUT3 (Prop_lut3_I1_O)        0.124     5.459 f  TREE_GENERATE_INST/SORTER/CELL_ARRAY_GEN[255].LAST_CELL.cell_inst_last_i_148/O
                         net (fo=10, routed)          1.099     6.558    TREE_GENERATE_INST/SORTER/CELL_ARRAY_GEN[255].LAST_CELL.cell_inst_last_i_148_n_0
    SLICE_X58Y82         LUT6 (Prop_lut6_I5_O)        0.124     6.682 r  TREE_GENERATE_INST/SORTER/CELL_ARRAY_GEN[254].MIDDLE_CELLS.cell_inst_mid_i_42/O
                         net (fo=16, routed)          1.879     8.561    TREE_GENERATE_INST/SORTER/CELL_ARRAY_GEN[254].MIDDLE_CELLS.cell_inst_mid_i_42_n_0
    SLICE_X64Y56         LUT6 (Prop_lut6_I1_O)        0.124     8.685 r  TREE_GENERATE_INST/SORTER/CELL_ARRAY_GEN[255].LAST_CELL.cell_inst_last_i_1357/O
                         net (fo=118, routed)         2.078    10.763    TREE_GENERATE_INST/SORTER/CELL_ARRAY_GEN[255].LAST_CELL.cell_inst_last_i_1357_n_0
    SLICE_X104Y43        LUT6 (Prop_lut6_I2_O)        0.124    10.887 r  TREE_GENERATE_INST/SORTER/CELL_ARRAY_GEN[255].LAST_CELL.cell_inst_last_i_1392/O
                         net (fo=1, routed)           0.820    11.707    TREE_GENERATE_INST/SORTER/CELL_ARRAY_GEN[255].LAST_CELL.cell_inst_last_i_1392_n_0
    SLICE_X104Y42        LUT6 (Prop_lut6_I1_O)        0.124    11.831 r  TREE_GENERATE_INST/SORTER/CELL_ARRAY_GEN[255].LAST_CELL.cell_inst_last_i_799/O
                         net (fo=1, routed)           0.000    11.831    TREE_GENERATE_INST/SORTER/CELL_ARRAY_GEN[255].LAST_CELL.cell_inst_last_i_799_n_0
    SLICE_X104Y42        MUXF7 (Prop_muxf7_I0_O)      0.209    12.040 r  TREE_GENERATE_INST/SORTER/CELL_ARRAY_GEN[255].LAST_CELL.cell_inst_last_i_296/O
                         net (fo=1, routed)           0.759    12.799    TREE_GENERATE_INST/SORTER/CELL_ARRAY_GEN[255].LAST_CELL.cell_inst_last_i_296_n_0
    SLICE_X96Y42         LUT3 (Prop_lut3_I1_O)        0.297    13.096 r  TREE_GENERATE_INST/SORTER/CELL_ARRAY_GEN[255].LAST_CELL.cell_inst_last_i_122/O
                         net (fo=1, routed)           1.069    14.165    TREE_GENERATE_INST/SORTER/CELL_ARRAY_GEN[255].LAST_CELL.cell_inst_last_i_122_n_0
    SLICE_X89Y43         LUT6 (Prop_lut6_I3_O)        0.124    14.289 r  TREE_GENERATE_INST/SORTER/CELL_ARRAY_GEN[255].LAST_CELL.cell_inst_last_i_55/O
                         net (fo=515, routed)         0.860    15.149    TREE_GENERATE_INST/SORTER/freqs[0][0]
    SLICE_X80Y46         CARRY4 (Prop_carry4_CYINIT_CO[3])
                                                      0.580    15.729 r  TREE_GENERATE_INST/SORTER/CELL_ARRAY_GEN[255].LAST_CELL.cell_inst_last_i_54/CO[3]
                         net (fo=1, routed)           0.000    15.729    TREE_GENERATE_INST/SORTER/CELL_ARRAY_GEN[255].LAST_CELL.cell_inst_last_i_54_n_0
    SLICE_X80Y47         CARRY4 (Prop_carry4_CI_CO[3])
                                                      0.114    15.843 r  TREE_GENERATE_INST/SORTER/CELL_ARRAY_GEN[255].LAST_CELL.cell_inst_last_i_53/CO[3]
                         net (fo=1, routed)           0.000    15.843    TREE_GENERATE_INST/SORTER/CELL_ARRAY_GEN[255].LAST_CELL.cell_inst_last_i_53_n_0
    SLICE_X80Y48         CARRY4 (Prop_carry4_CI_O[1])
                                                      0.334    16.177 r  TREE_GENERATE_INST/SORTER/CELL_ARRAY_GEN[255].LAST_CELL.cell_inst_last_i_52/O[1]
                         net (fo=513, routed)         1.862    18.039    TREE_GENERATE_INST/SORTER/plusOp[10]
    SLICE_X54Y46         LUT4 (Prop_lut4_I0_O)        0.303    18.342 r  TREE_GENERATE_INST/SORTER/CELL_ARRAY_GEN[218].MIDDLE_CELLS.cell_inst_mid_i_18/O
                         net (fo=1, routed)           0.000    18.342    TREE_GENERATE_INST/SORTER/CELL_ARRAY_GEN[218].MIDDLE_CELLS.cell_inst_mid_i_18_n_0
    SLICE_X54Y46         CARRY4 (Prop_carry4_S[1]_CO[2])
                                                      0.574    18.916 r  TREE_GENERATE_INST/SORTER/CELL_ARRAY_GEN[218].MIDDLE_CELLS.cell_inst_mid_i_4/CO[2]
                         net (fo=3, routed)           0.673    19.588    TREE_GENERATE_INST/SORTER/CELL_ARRAY_GEN[218].MIDDLE_CELLS.cell_inst_mid_i_4_n_1
    SLICE_X54Y41         LUT5 (Prop_lut5_I4_O)        0.310    19.898 r  TREE_GENERATE_INST/SORTER/CELL_ARRAY_GEN[218].MIDDLE_CELLS.cell_inst_mid_i_1/O
                         net (fo=24, routed)          1.148    21.046    TREE_GENERATE_INST/SORTER/CELL_ARRAY_GEN[218].MIDDLE_CELLS.cell_inst_mid/write_en
    SLICE_X52Y39         LUT2 (Prop_lut2_I0_O)        0.149    21.195 r  TREE_GENERATE_INST/SORTER/CELL_ARRAY_GEN[218].MIDDLE_CELLS.cell_inst_mid/r_freq[13]_i_1/O
                         net (fo=14, routed)          1.820    23.015    TREE_GENERATE_INST/SORTER/CELL_ARRAY_GEN[218].MIDDLE_CELLS.cell_inst_mid/r_symbol
    SLICE_X90Y46         FDRE                                         r  TREE_GENERATE_INST/SORTER/CELL_ARRAY_GEN[218].MIDDLE_CELLS.cell_inst_mid/r_freq_reg[2]/CE
  -------------------------------------------------------------------    -------------------

                         (clock clk_out1_clk_wiz_0 rise edge)
                                                     25.000    25.000 r  
    H16                                               0.000    25.000 r  clk (IN)
                         net (fo=0)                   0.000    25.000    CLOCK_WIZ_INST/inst/clk_in1
    H16                  IBUF (Prop_ibuf_I_O)         1.380    26.380 r  CLOCK_WIZ_INST/inst/clkin1_ibufg/O
                         net (fo=1, routed)           1.162    27.542    CLOCK_WIZ_INST/inst/clk_in1_clk_wiz_0
    MMCME2_ADV_X1Y2      MMCME2_ADV (Prop_mmcme2_adv_CLKIN1_CLKOUT0)
                                                     -7.814    19.728 r  CLOCK_WIZ_INST/inst/mmcm_adv_inst/CLKOUT0
                         net (fo=1, routed)           2.012    21.740    CLOCK_WIZ_INST/inst/clk_out1_clk_wiz_0
    BUFGCTRL_X0Y16       BUFG (Prop_bufg_I_O)         0.091    21.831 r  CLOCK_WIZ_INST/inst/clkout1_buf/O
                         net (fo=14289, routed)       1.622    23.454    TREE_GENERATE_INST/SORTER/CELL_ARRAY_GEN[218].MIDDLE_CELLS.cell_inst_mid/clk
    SLICE_X90Y46         FDRE                                         r  TREE_GENERATE_INST/SORTER/CELL_ARRAY_GEN[218].MIDDLE_CELLS.cell_inst_mid/r_freq_reg[2]/C
                         clock pessimism              0.452    23.906    
                         clock uncertainty           -0.083    23.823    
    SLICE_X90Y46         FDRE (Setup_fdre_C_CE)      -0.377    23.446    TREE_GENERATE_INST/SORTER/CELL_ARRAY_GEN[218].MIDDLE_CELLS.cell_inst_mid/r_freq_reg[2]
  -------------------------------------------------------------------
                         required time                         23.446    
                         arrival time                         -23.015    
  -------------------------------------------------------------------
                         slack                                  0.431    

Slack (MET) :             0.431ns  (required time - arrival time)
  Source:                 TREE_GENERATE_INST/SORTER/CELL_ARRAY_GEN[254].MIDDLE_CELLS.cell_inst_mid_i_339_psbram_2/C
                            (rising edge-triggered cell FDRE clocked by clk_out1_clk_wiz_0_1  {rise@0.000ns fall@12.500ns period=25.000ns})
  Destination:            TREE_GENERATE_INST/SORTER/CELL_ARRAY_GEN[218].MIDDLE_CELLS.cell_inst_mid/r_freq_reg[3]/CE
                            (rising edge-triggered cell FDRE clocked by clk_out1_clk_wiz_0  {rise@0.000ns fall@12.500ns period=25.000ns})
  Path Group:             clk_out1_clk_wiz_0
  Path Type:              Setup (Max at Slow Process Corner)
  Requirement:            25.000ns  (clk_out1_clk_wiz_0 rise@25.000ns - clk_out1_clk_wiz_0_1 rise@0.000ns)
  Data Path Delay:        24.090ns  (logic 4.566ns (18.954%)  route 19.524ns (81.046%))
  Logic Levels:           19  (CARRY4=4 LUT2=1 LUT3=3 LUT4=1 LUT5=2 LUT6=7 MUXF7=1)
  Clock Path Skew:        -0.019ns (DCD - SCD + CPR)
    Destination Clock Delay (DCD):    -1.546ns = ( 23.454 - 25.000 ) 
    Source Clock Delay      (SCD):    -1.075ns
    Clock Pessimism Removal (CPR):    0.452ns
  Clock Uncertainty:      0.083ns  ((TSJ^2 + DJ^2)^1/2) / 2 + PE
    Total System Jitter     (TSJ):    0.071ns
    Discrete Jitter          (DJ):    0.151ns
    Phase Error              (PE):    0.000ns
  Clock Domain Crossing:  Inter clock paths are considered valid unless explicitly excluded by timing constraints such as set_clock_groups or set_false_path.

    Location             Delay type                Incr(ns)  Path(ns)    Netlist Resource(s)
  -------------------------------------------------------------------    -------------------
                         (clock clk_out1_clk_wiz_0_1 rise edge)
                                                      0.000     0.000 r  
    H16                                               0.000     0.000 r  clk (IN)
                         net (fo=0)                   0.000     0.000    CLOCK_WIZ_INST/inst/clk_in1
    H16                  IBUF (Prop_ibuf_I_O)         1.451     1.451 r  CLOCK_WIZ_INST/inst/clkin1_ibufg/O
                         net (fo=1, routed)           1.285     2.736    CLOCK_WIZ_INST/inst/clk_in1_clk_wiz_0
    MMCME2_ADV_X1Y2      MMCME2_ADV (Prop_mmcme2_adv_CLKIN1_CLKOUT0)
                                                     -7.759    -5.023 r  CLOCK_WIZ_INST/inst/mmcm_adv_inst/CLKOUT0
                         net (fo=1, routed)           2.206    -2.817    CLOCK_WIZ_INST/inst/clk_out1_clk_wiz_0
    BUFGCTRL_X0Y16       BUFG (Prop_bufg_I_O)         0.101    -2.716 r  CLOCK_WIZ_INST/inst/clkout1_buf/O
                         net (fo=14289, routed)       1.641    -1.075    TREE_GENERATE_INST/SORTER/clk
    SLICE_X48Y67         FDRE                                         r  TREE_GENERATE_INST/SORTER/CELL_ARRAY_GEN[254].MIDDLE_CELLS.cell_inst_mid_i_339_psbram_2/C
  -------------------------------------------------------------------    -------------------
    SLICE_X48Y67         FDRE (Prop_fdre_C_Q)         0.456    -0.619 r  TREE_GENERATE_INST/SORTER/CELL_ARRAY_GEN[254].MIDDLE_CELLS.cell_inst_mid_i_339_psbram_2/Q
                         net (fo=255, routed)         1.759     1.140    TREE_GENERATE_INST/SORTER/input_symbol[0]
    SLICE_X53Y81         LUT6 (Prop_lut6_I1_O)        0.124     1.264 f  TREE_GENERATE_INST/SORTER/CELL_ARRAY_GEN[255].LAST_CELL.cell_inst_last_i_1856/O
                         net (fo=1, routed)           0.642     1.906    TREE_GENERATE_INST/SORTER/CELL_ARRAY_GEN[255].LAST_CELL.cell_inst_last_i_1856_n_0
    SLICE_X54Y80         LUT6 (Prop_lut6_I5_O)        0.124     2.030 f  TREE_GENERATE_INST/SORTER/CELL_ARRAY_GEN[255].LAST_CELL.cell_inst_last_i_1081/O
                         net (fo=3, routed)           1.266     3.296    TREE_GENERATE_INST/SORTER/match_idx_var180_out
    SLICE_X41Y81         LUT3 (Prop_lut3_I0_O)        0.124     3.420 f  TREE_GENERATE_INST/SORTER/CELL_ARRAY_GEN[255].LAST_CELL.cell_inst_last_i_417/O
                         net (fo=6, routed)           0.989     4.409    TREE_GENERATE_INST/SORTER/CELL_ARRAY_GEN[255].LAST_CELL.cell_inst_last_i_417_n_0
    SLICE_X40Y84         LUT5 (Prop_lut5_I2_O)        0.124     4.533 f  TREE_GENERATE_INST/SORTER/CELL_ARRAY_GEN[255].LAST_CELL.cell_inst_last_i_169/O
                         net (fo=8, routed)           0.802     5.335    TREE_GENERATE_INST/SORTER/CELL_ARRAY_GEN[255].LAST_CELL.cell_inst_last_i_169_n_0
    SLICE_X38Y82         LUT3 (Prop_lut3_I1_O)        0.124     5.459 f  TREE_GENERATE_INST/SORTER/CELL_ARRAY_GEN[255].LAST_CELL.cell_inst_last_i_148/O
                         net (fo=10, routed)          1.099     6.558    TREE_GENERATE_INST/SORTER/CELL_ARRAY_GEN[255].LAST_CELL.cell_inst_last_i_148_n_0
    SLICE_X58Y82         LUT6 (Prop_lut6_I5_O)        0.124     6.682 r  TREE_GENERATE_INST/SORTER/CELL_ARRAY_GEN[254].MIDDLE_CELLS.cell_inst_mid_i_42/O
                         net (fo=16, routed)          1.879     8.561    TREE_GENERATE_INST/SORTER/CELL_ARRAY_GEN[254].MIDDLE_CELLS.cell_inst_mid_i_42_n_0
    SLICE_X64Y56         LUT6 (Prop_lut6_I1_O)        0.124     8.685 r  TREE_GENERATE_INST/SORTER/CELL_ARRAY_GEN[255].LAST_CELL.cell_inst_last_i_1357/O
                         net (fo=118, routed)         2.078    10.763    TREE_GENERATE_INST/SORTER/CELL_ARRAY_GEN[255].LAST_CELL.cell_inst_last_i_1357_n_0
    SLICE_X104Y43        LUT6 (Prop_lut6_I2_O)        0.124    10.887 r  TREE_GENERATE_INST/SORTER/CELL_ARRAY_GEN[255].LAST_CELL.cell_inst_last_i_1392/O
                         net (fo=1, routed)           0.820    11.707    TREE_GENERATE_INST/SORTER/CELL_ARRAY_GEN[255].LAST_CELL.cell_inst_last_i_1392_n_0
    SLICE_X104Y42        LUT6 (Prop_lut6_I1_O)        0.124    11.831 r  TREE_GENERATE_INST/SORTER/CELL_ARRAY_GEN[255].LAST_CELL.cell_inst_last_i_799/O
                         net (fo=1, routed)           0.000    11.831    TREE_GENERATE_INST/SORTER/CELL_ARRAY_GEN[255].LAST_CELL.cell_inst_last_i_799_n_0
    SLICE_X104Y42        MUXF7 (Prop_muxf7_I0_O)      0.209    12.040 r  TREE_GENERATE_INST/SORTER/CELL_ARRAY_GEN[255].LAST_CELL.cell_inst_last_i_296/O
                         net (fo=1, routed)           0.759    12.799    TREE_GENERATE_INST/SORTER/CELL_ARRAY_GEN[255].LAST_CELL.cell_inst_last_i_296_n_0
    SLICE_X96Y42         LUT3 (Prop_lut3_I1_O)        0.297    13.096 r  TREE_GENERATE_INST/SORTER/CELL_ARRAY_GEN[255].LAST_CELL.cell_inst_last_i_122/O
                         net (fo=1, routed)           1.069    14.165    TREE_GENERATE_INST/SORTER/CELL_ARRAY_GEN[255].LAST_CELL.cell_inst_last_i_122_n_0
    SLICE_X89Y43         LUT6 (Prop_lut6_I3_O)        0.124    14.289 r  TREE_GENERATE_INST/SORTER/CELL_ARRAY_GEN[255].LAST_CELL.cell_inst_last_i_55/O
                         net (fo=515, routed)         0.860    15.149    TREE_GENERATE_INST/SORTER/freqs[0][0]
    SLICE_X80Y46         CARRY4 (Prop_carry4_CYINIT_CO[3])
                                                      0.580    15.729 r  TREE_GENERATE_INST/SORTER/CELL_ARRAY_GEN[255].LAST_CELL.cell_inst_last_i_54/CO[3]
                         net (fo=1, routed)           0.000    15.729    TREE_GENERATE_INST/SORTER/CELL_ARRAY_GEN[255].LAST_CELL.cell_inst_last_i_54_n_0
    SLICE_X80Y47         CARRY4 (Prop_carry4_CI_CO[3])
                                                      0.114    15.843 r  TREE_GENERATE_INST/SORTER/CELL_ARRAY_GEN[255].LAST_CELL.cell_inst_last_i_53/CO[3]
                         net (fo=1, routed)           0.000    15.843    TREE_GENERATE_INST/SORTER/CELL_ARRAY_GEN[255].LAST_CELL.cell_inst_last_i_53_n_0
    SLICE_X80Y48         CARRY4 (Prop_carry4_CI_O[1])
                                                      0.334    16.177 r  TREE_GENERATE_INST/SORTER/CELL_ARRAY_GEN[255].LAST_CELL.cell_inst_last_i_52/O[1]
                         net (fo=513, routed)         1.862    18.039    TREE_GENERATE_INST/SORTER/plusOp[10]
    SLICE_X54Y46         LUT4 (Prop_lut4_I0_O)        0.303    18.342 r  TREE_GENERATE_INST/SORTER/CELL_ARRAY_GEN[218].MIDDLE_CELLS.cell_inst_mid_i_18/O
                         net (fo=1, routed)           0.000    18.342    TREE_GENERATE_INST/SORTER/CELL_ARRAY_GEN[218].MIDDLE_CELLS.cell_inst_mid_i_18_n_0
    SLICE_X54Y46         CARRY4 (Prop_carry4_S[1]_CO[2])
                                                      0.574    18.916 r  TREE_GENERATE_INST/SORTER/CELL_ARRAY_GEN[218].MIDDLE_CELLS.cell_inst_mid_i_4/CO[2]
                         net (fo=3, routed)           0.673    19.588    TREE_GENERATE_INST/SORTER/CELL_ARRAY_GEN[218].MIDDLE_CELLS.cell_inst_mid_i_4_n_1
    SLICE_X54Y41         LUT5 (Prop_lut5_I4_O)        0.310    19.898 r  TREE_GENERATE_INST/SORTER/CELL_ARRAY_GEN[218].MIDDLE_CELLS.cell_inst_mid_i_1/O
                         net (fo=24, routed)          1.148    21.046    TREE_GENERATE_INST/SORTER/CELL_ARRAY_GEN[218].MIDDLE_CELLS.cell_inst_mid/write_en
    SLICE_X52Y39         LUT2 (Prop_lut2_I0_O)        0.149    21.195 r  TREE_GENERATE_INST/SORTER/CELL_ARRAY_GEN[218].MIDDLE_CELLS.cell_inst_mid/r_freq[13]_i_1/O
                         net (fo=14, routed)          1.820    23.015    TREE_GENERATE_INST/SORTER/CELL_ARRAY_GEN[218].MIDDLE_CELLS.cell_inst_mid/r_symbol
    SLICE_X90Y46         FDRE                                         r  TREE_GENERATE_INST/SORTER/CELL_ARRAY_GEN[218].MIDDLE_CELLS.cell_inst_mid/r_freq_reg[3]/CE
  -------------------------------------------------------------------    -------------------

                         (clock clk_out1_clk_wiz_0 rise edge)
                                                     25.000    25.000 r  
    H16                                               0.000    25.000 r  clk (IN)
                         net (fo=0)                   0.000    25.000    CLOCK_WIZ_INST/inst/clk_in1
    H16                  IBUF (Prop_ibuf_I_O)         1.380    26.380 r  CLOCK_WIZ_INST/inst/clkin1_ibufg/O
                         net (fo=1, routed)           1.162    27.542    CLOCK_WIZ_INST/inst/clk_in1_clk_wiz_0
    MMCME2_ADV_X1Y2      MMCME2_ADV (Prop_mmcme2_adv_CLKIN1_CLKOUT0)
                                                     -7.814    19.728 r  CLOCK_WIZ_INST/inst/mmcm_adv_inst/CLKOUT0
                         net (fo=1, routed)           2.012    21.740    CLOCK_WIZ_INST/inst/clk_out1_clk_wiz_0
    BUFGCTRL_X0Y16       BUFG (Prop_bufg_I_O)         0.091    21.831 r  CLOCK_WIZ_INST/inst/clkout1_buf/O
                         net (fo=14289, routed)       1.622    23.454    TREE_GENERATE_INST/SORTER/CELL_ARRAY_GEN[218].MIDDLE_CELLS.cell_inst_mid/clk
    SLICE_X90Y46         FDRE                                         r  TREE_GENERATE_INST/SORTER/CELL_ARRAY_GEN[218].MIDDLE_CELLS.cell_inst_mid/r_freq_reg[3]/C
                         clock pessimism              0.452    23.906    
                         clock uncertainty           -0.083    23.823    
    SLICE_X90Y46         FDRE (Setup_fdre_C_CE)      -0.377    23.446    TREE_GENERATE_INST/SORTER/CELL_ARRAY_GEN[218].MIDDLE_CELLS.cell_inst_mid/r_freq_reg[3]
  -------------------------------------------------------------------
                         required time                         23.446    
                         arrival time                         -23.015    
  -------------------------------------------------------------------
                         slack                                  0.431    

Slack (MET) :             0.435ns  (required time - arrival time)
  Source:                 TREE_GENERATE_INST/SORTER/CELL_ARRAY_GEN[254].MIDDLE_CELLS.cell_inst_mid_i_339_psbram_2/C
                            (rising edge-triggered cell FDRE clocked by clk_out1_clk_wiz_0_1  {rise@0.000ns fall@12.500ns period=25.000ns})
  Destination:            TREE_GENERATE_INST/SORTER/CELL_ARRAY_GEN[4].MIDDLE_CELLS.cell_inst_mid/r_freq_reg[8]/CE
                            (rising edge-triggered cell FDRE clocked by clk_out1_clk_wiz_0  {rise@0.000ns fall@12.500ns period=25.000ns})
  Path Group:             clk_out1_clk_wiz_0
  Path Type:              Setup (Max at Slow Process Corner)
  Requirement:            25.000ns  (clk_out1_clk_wiz_0 rise@25.000ns - clk_out1_clk_wiz_0_1 rise@0.000ns)
  Data Path Delay:        23.981ns  (logic 4.474ns (18.656%)  route 19.507ns (81.344%))
  Logic Levels:           19  (CARRY4=4 LUT2=1 LUT3=3 LUT4=1 LUT5=2 LUT6=7 MUXF7=1)
  Clock Path Skew:        -0.092ns (DCD - SCD + CPR)
    Destination Clock Delay (DCD):    -1.634ns = ( 23.366 - 25.000 ) 
    Source Clock Delay      (SCD):    -1.075ns
    Clock Pessimism Removal (CPR):    0.466ns
  Clock Uncertainty:      0.083ns  ((TSJ^2 + DJ^2)^1/2) / 2 + PE
    Total System Jitter     (TSJ):    0.071ns
    Discrete Jitter          (DJ):    0.151ns
    Phase Error              (PE):    0.000ns
  Clock Domain Crossing:  Inter clock paths are considered valid unless explicitly excluded by timing constraints such as set_clock_groups or set_false_path.

    Location             Delay type                Incr(ns)  Path(ns)    Netlist Resource(s)
  -------------------------------------------------------------------    -------------------
                         (clock clk_out1_clk_wiz_0_1 rise edge)
                                                      0.000     0.000 r  
    H16                                               0.000     0.000 r  clk (IN)
                         net (fo=0)                   0.000     0.000    CLOCK_WIZ_INST/inst/clk_in1
    H16                  IBUF (Prop_ibuf_I_O)         1.451     1.451 r  CLOCK_WIZ_INST/inst/clkin1_ibufg/O
                         net (fo=1, routed)           1.285     2.736    CLOCK_WIZ_INST/inst/clk_in1_clk_wiz_0
    MMCME2_ADV_X1Y2      MMCME2_ADV (Prop_mmcme2_adv_CLKIN1_CLKOUT0)
                                                     -7.759    -5.023 r  CLOCK_WIZ_INST/inst/mmcm_adv_inst/CLKOUT0
                         net (fo=1, routed)           2.206    -2.817    CLOCK_WIZ_INST/inst/clk_out1_clk_wiz_0
    BUFGCTRL_X0Y16       BUFG (Prop_bufg_I_O)         0.101    -2.716 r  CLOCK_WIZ_INST/inst/clkout1_buf/O
                         net (fo=14289, routed)       1.641    -1.075    TREE_GENERATE_INST/SORTER/clk
    SLICE_X48Y67         FDRE                                         r  TREE_GENERATE_INST/SORTER/CELL_ARRAY_GEN[254].MIDDLE_CELLS.cell_inst_mid_i_339_psbram_2/C
  -------------------------------------------------------------------    -------------------
    SLICE_X48Y67         FDRE (Prop_fdre_C_Q)         0.456    -0.619 r  TREE_GENERATE_INST/SORTER/CELL_ARRAY_GEN[254].MIDDLE_CELLS.cell_inst_mid_i_339_psbram_2/Q
                         net (fo=255, routed)         1.759     1.140    TREE_GENERATE_INST/SORTER/input_symbol[0]
    SLICE_X53Y81         LUT6 (Prop_lut6_I1_O)        0.124     1.264 f  TREE_GENERATE_INST/SORTER/CELL_ARRAY_GEN[255].LAST_CELL.cell_inst_last_i_1856/O
                         net (fo=1, routed)           0.642     1.906    TREE_GENERATE_INST/SORTER/CELL_ARRAY_GEN[255].LAST_CELL.cell_inst_last_i_1856_n_0
    SLICE_X54Y80         LUT6 (Prop_lut6_I5_O)        0.124     2.030 f  TREE_GENERATE_INST/SORTER/CELL_ARRAY_GEN[255].LAST_CELL.cell_inst_last_i_1081/O
                         net (fo=3, routed)           1.266     3.296    TREE_GENERATE_INST/SORTER/match_idx_var180_out
    SLICE_X41Y81         LUT3 (Prop_lut3_I0_O)        0.124     3.420 f  TREE_GENERATE_INST/SORTER/CELL_ARRAY_GEN[255].LAST_CELL.cell_inst_last_i_417/O
                         net (fo=6, routed)           0.989     4.409    TREE_GENERATE_INST/SORTER/CELL_ARRAY_GEN[255].LAST_CELL.cell_inst_last_i_417_n_0
    SLICE_X40Y84         LUT5 (Prop_lut5_I2_O)        0.124     4.533 f  TREE_GENERATE_INST/SORTER/CELL_ARRAY_GEN[255].LAST_CELL.cell_inst_last_i_169/O
                         net (fo=8, routed)           0.802     5.335    TREE_GENERATE_INST/SORTER/CELL_ARRAY_GEN[255].LAST_CELL.cell_inst_last_i_169_n_0
    SLICE_X38Y82         LUT3 (Prop_lut3_I1_O)        0.124     5.459 f  TREE_GENERATE_INST/SORTER/CELL_ARRAY_GEN[255].LAST_CELL.cell_inst_last_i_148/O
                         net (fo=10, routed)          1.099     6.558    TREE_GENERATE_INST/SORTER/CELL_ARRAY_GEN[255].LAST_CELL.cell_inst_last_i_148_n_0
    SLICE_X58Y82         LUT6 (Prop_lut6_I5_O)        0.124     6.682 r  TREE_GENERATE_INST/SORTER/CELL_ARRAY_GEN[254].MIDDLE_CELLS.cell_inst_mid_i_42/O
                         net (fo=16, routed)          1.879     8.561    TREE_GENERATE_INST/SORTER/CELL_ARRAY_GEN[254].MIDDLE_CELLS.cell_inst_mid_i_42_n_0
    SLICE_X64Y56         LUT6 (Prop_lut6_I1_O)        0.124     8.685 r  TREE_GENERATE_INST/SORTER/CELL_ARRAY_GEN[255].LAST_CELL.cell_inst_last_i_1357/O
                         net (fo=118, routed)         2.078    10.763    TREE_GENERATE_INST/SORTER/CELL_ARRAY_GEN[255].LAST_CELL.cell_inst_last_i_1357_n_0
    SLICE_X104Y43        LUT6 (Prop_lut6_I2_O)        0.124    10.887 r  TREE_GENERATE_INST/SORTER/CELL_ARRAY_GEN[255].LAST_CELL.cell_inst_last_i_1392/O
                         net (fo=1, routed)           0.820    11.707    TREE_GENERATE_INST/SORTER/CELL_ARRAY_GEN[255].LAST_CELL.cell_inst_last_i_1392_n_0
    SLICE_X104Y42        LUT6 (Prop_lut6_I1_O)        0.124    11.831 r  TREE_GENERATE_INST/SORTER/CELL_ARRAY_GEN[255].LAST_CELL.cell_inst_last_i_799/O
                         net (fo=1, routed)           0.000    11.831    TREE_GENERATE_INST/SORTER/CELL_ARRAY_GEN[255].LAST_CELL.cell_inst_last_i_799_n_0
    SLICE_X104Y42        MUXF7 (Prop_muxf7_I0_O)      0.209    12.040 r  TREE_GENERATE_INST/SORTER/CELL_ARRAY_GEN[255].LAST_CELL.cell_inst_last_i_296/O
                         net (fo=1, routed)           0.759    12.799    TREE_GENERATE_INST/SORTER/CELL_ARRAY_GEN[255].LAST_CELL.cell_inst_last_i_296_n_0
    SLICE_X96Y42         LUT3 (Prop_lut3_I1_O)        0.297    13.096 r  TREE_GENERATE_INST/SORTER/CELL_ARRAY_GEN[255].LAST_CELL.cell_inst_last_i_122/O
                         net (fo=1, routed)           1.069    14.165    TREE_GENERATE_INST/SORTER/CELL_ARRAY_GEN[255].LAST_CELL.cell_inst_last_i_122_n_0
    SLICE_X89Y43         LUT6 (Prop_lut6_I3_O)        0.124    14.289 r  TREE_GENERATE_INST/SORTER/CELL_ARRAY_GEN[255].LAST_CELL.cell_inst_last_i_55/O
                         net (fo=515, routed)         0.860    15.149    TREE_GENERATE_INST/SORTER/freqs[0][0]
    SLICE_X80Y46         CARRY4 (Prop_carry4_CYINIT_CO[3])
                                                      0.580    15.729 r  TREE_GENERATE_INST/SORTER/CELL_ARRAY_GEN[255].LAST_CELL.cell_inst_last_i_54/CO[3]
                         net (fo=1, routed)           0.000    15.729    TREE_GENERATE_INST/SORTER/CELL_ARRAY_GEN[255].LAST_CELL.cell_inst_last_i_54_n_0
    SLICE_X80Y47         CARRY4 (Prop_carry4_CI_CO[3])
                                                      0.114    15.843 r  TREE_GENERATE_INST/SORTER/CELL_ARRAY_GEN[255].LAST_CELL.cell_inst_last_i_53/CO[3]
                         net (fo=1, routed)           0.000    15.843    TREE_GENERATE_INST/SORTER/CELL_ARRAY_GEN[255].LAST_CELL.cell_inst_last_i_53_n_0
    SLICE_X80Y48         CARRY4 (Prop_carry4_CI_O[2])
                                                      0.239    16.082 r  TREE_GENERATE_INST/SORTER/CELL_ARRAY_GEN[255].LAST_CELL.cell_inst_last_i_52/O[2]
                         net (fo=513, routed)         1.877    17.959    TREE_GENERATE_INST/SORTER/plusOp[11]
    SLICE_X53Y51         LUT4 (Prop_lut4_I1_O)        0.302    18.261 r  TREE_GENERATE_INST/SORTER/CELL_ARRAY_GEN[4].MIDDLE_CELLS.cell_inst_mid_i_14/O
                         net (fo=1, routed)           0.000    18.261    TREE_GENERATE_INST/SORTER/CELL_ARRAY_GEN[4].MIDDLE_CELLS.cell_inst_mid_i_14_n_0
    SLICE_X53Y51         CARRY4 (Prop_carry4_S[1]_CO[2])
                                                      0.570    18.831 r  TREE_GENERATE_INST/SORTER/CELL_ARRAY_GEN[4].MIDDLE_CELLS.cell_inst_mid_i_4/CO[2]
                         net (fo=3, routed)           0.910    19.741    TREE_GENERATE_INST/SORTER/CELL_ARRAY_GEN[4].MIDDLE_CELLS.cell_inst_mid_i_4_n_1
    SLICE_X55Y56         LUT5 (Prop_lut5_I4_O)        0.313    20.054 r  TREE_GENERATE_INST/SORTER/CELL_ARRAY_GEN[4].MIDDLE_CELLS.cell_inst_mid_i_1/O
                         net (fo=24, routed)          1.017    21.071    TREE_GENERATE_INST/SORTER/CELL_ARRAY_GEN[4].MIDDLE_CELLS.cell_inst_mid/write_en
    SLICE_X57Y58         LUT2 (Prop_lut2_I0_O)        0.154    21.225 r  TREE_GENERATE_INST/SORTER/CELL_ARRAY_GEN[4].MIDDLE_CELLS.cell_inst_mid/r_freq[13]_i_1/O
                         net (fo=14, routed)          1.681    22.906    TREE_GENERATE_INST/SORTER/CELL_ARRAY_GEN[4].MIDDLE_CELLS.cell_inst_mid/r_symbol
    SLICE_X88Y80         FDRE                                         r  TREE_GENERATE_INST/SORTER/CELL_ARRAY_GEN[4].MIDDLE_CELLS.cell_inst_mid/r_freq_reg[8]/CE
  -------------------------------------------------------------------    -------------------

                         (clock clk_out1_clk_wiz_0 rise edge)
                                                     25.000    25.000 r  
    H16                                               0.000    25.000 r  clk (IN)
                         net (fo=0)                   0.000    25.000    CLOCK_WIZ_INST/inst/clk_in1
    H16                  IBUF (Prop_ibuf_I_O)         1.380    26.380 r  CLOCK_WIZ_INST/inst/clkin1_ibufg/O
                         net (fo=1, routed)           1.162    27.542    CLOCK_WIZ_INST/inst/clk_in1_clk_wiz_0
    MMCME2_ADV_X1Y2      MMCME2_ADV (Prop_mmcme2_adv_CLKIN1_CLKOUT0)
                                                     -7.814    19.728 r  CLOCK_WIZ_INST/inst/mmcm_adv_inst/CLKOUT0
                         net (fo=1, routed)           2.012    21.740    CLOCK_WIZ_INST/inst/clk_out1_clk_wiz_0
    BUFGCTRL_X0Y16       BUFG (Prop_bufg_I_O)         0.091    21.831 r  CLOCK_WIZ_INST/inst/clkout1_buf/O
                         net (fo=14289, routed)       1.535    23.366    TREE_GENERATE_INST/SORTER/CELL_ARRAY_GEN[4].MIDDLE_CELLS.cell_inst_mid/clk
    SLICE_X88Y80         FDRE                                         r  TREE_GENERATE_INST/SORTER/CELL_ARRAY_GEN[4].MIDDLE_CELLS.cell_inst_mid/r_freq_reg[8]/C
                         clock pessimism              0.466    23.832    
                         clock uncertainty           -0.083    23.749    
    SLICE_X88Y80         FDRE (Setup_fdre_C_CE)      -0.408    23.341    TREE_GENERATE_INST/SORTER/CELL_ARRAY_GEN[4].MIDDLE_CELLS.cell_inst_mid/r_freq_reg[8]
  -------------------------------------------------------------------
                         required time                         23.341    
                         arrival time                         -22.906    
  -------------------------------------------------------------------
                         slack                                  0.435    

Slack (MET) :             0.435ns  (required time - arrival time)
  Source:                 TREE_GENERATE_INST/SORTER/CELL_ARRAY_GEN[254].MIDDLE_CELLS.cell_inst_mid_i_339_psbram_2/C
                            (rising edge-triggered cell FDRE clocked by clk_out1_clk_wiz_0_1  {rise@0.000ns fall@12.500ns period=25.000ns})
  Destination:            TREE_GENERATE_INST/SORTER/CELL_ARRAY_GEN[4].MIDDLE_CELLS.cell_inst_mid/r_freq_reg[9]/CE
                            (rising edge-triggered cell FDRE clocked by clk_out1_clk_wiz_0  {rise@0.000ns fall@12.500ns period=25.000ns})
  Path Group:             clk_out1_clk_wiz_0
  Path Type:              Setup (Max at Slow Process Corner)
  Requirement:            25.000ns  (clk_out1_clk_wiz_0 rise@25.000ns - clk_out1_clk_wiz_0_1 rise@0.000ns)
  Data Path Delay:        23.981ns  (logic 4.474ns (18.656%)  route 19.507ns (81.344%))
  Logic Levels:           19  (CARRY4=4 LUT2=1 LUT3=3 LUT4=1 LUT5=2 LUT6=7 MUXF7=1)
  Clock Path Skew:        -0.092ns (DCD - SCD + CPR)
    Destination Clock Delay (DCD):    -1.634ns = ( 23.366 - 25.000 ) 
    Source Clock Delay      (SCD):    -1.075ns
    Clock Pessimism Removal (CPR):    0.466ns
  Clock Uncertainty:      0.083ns  ((TSJ^2 + DJ^2)^1/2) / 2 + PE
    Total System Jitter     (TSJ):    0.071ns
    Discrete Jitter          (DJ):    0.151ns
    Phase Error              (PE):    0.000ns
  Clock Domain Crossing:  Inter clock paths are considered valid unless explicitly excluded by timing constraints such as set_clock_groups or set_false_path.

    Location             Delay type                Incr(ns)  Path(ns)    Netlist Resource(s)
  -------------------------------------------------------------------    -------------------
                         (clock clk_out1_clk_wiz_0_1 rise edge)
                                                      0.000     0.000 r  
    H16                                               0.000     0.000 r  clk (IN)
                         net (fo=0)                   0.000     0.000    CLOCK_WIZ_INST/inst/clk_in1
    H16                  IBUF (Prop_ibuf_I_O)         1.451     1.451 r  CLOCK_WIZ_INST/inst/clkin1_ibufg/O
                         net (fo=1, routed)           1.285     2.736    CLOCK_WIZ_INST/inst/clk_in1_clk_wiz_0
    MMCME2_ADV_X1Y2      MMCME2_ADV (Prop_mmcme2_adv_CLKIN1_CLKOUT0)
                                                     -7.759    -5.023 r  CLOCK_WIZ_INST/inst/mmcm_adv_inst/CLKOUT0
                         net (fo=1, routed)           2.206    -2.817    CLOCK_WIZ_INST/inst/clk_out1_clk_wiz_0
    BUFGCTRL_X0Y16       BUFG (Prop_bufg_I_O)         0.101    -2.716 r  CLOCK_WIZ_INST/inst/clkout1_buf/O
                         net (fo=14289, routed)       1.641    -1.075    TREE_GENERATE_INST/SORTER/clk
    SLICE_X48Y67         FDRE                                         r  TREE_GENERATE_INST/SORTER/CELL_ARRAY_GEN[254].MIDDLE_CELLS.cell_inst_mid_i_339_psbram_2/C
  -------------------------------------------------------------------    -------------------
    SLICE_X48Y67         FDRE (Prop_fdre_C_Q)         0.456    -0.619 r  TREE_GENERATE_INST/SORTER/CELL_ARRAY_GEN[254].MIDDLE_CELLS.cell_inst_mid_i_339_psbram_2/Q
                         net (fo=255, routed)         1.759     1.140    TREE_GENERATE_INST/SORTER/input_symbol[0]
    SLICE_X53Y81         LUT6 (Prop_lut6_I1_O)        0.124     1.264 f  TREE_GENERATE_INST/SORTER/CELL_ARRAY_GEN[255].LAST_CELL.cell_inst_last_i_1856/O
                         net (fo=1, routed)           0.642     1.906    TREE_GENERATE_INST/SORTER/CELL_ARRAY_GEN[255].LAST_CELL.cell_inst_last_i_1856_n_0
    SLICE_X54Y80         LUT6 (Prop_lut6_I5_O)        0.124     2.030 f  TREE_GENERATE_INST/SORTER/CELL_ARRAY_GEN[255].LAST_CELL.cell_inst_last_i_1081/O
                         net (fo=3, routed)           1.266     3.296    TREE_GENERATE_INST/SORTER/match_idx_var180_out
    SLICE_X41Y81         LUT3 (Prop_lut3_I0_O)        0.124     3.420 f  TREE_GENERATE_INST/SORTER/CELL_ARRAY_GEN[255].LAST_CELL.cell_inst_last_i_417/O
                         net (fo=6, routed)           0.989     4.409    TREE_GENERATE_INST/SORTER/CELL_ARRAY_GEN[255].LAST_CELL.cell_inst_last_i_417_n_0
    SLICE_X40Y84         LUT5 (Prop_lut5_I2_O)        0.124     4.533 f  TREE_GENERATE_INST/SORTER/CELL_ARRAY_GEN[255].LAST_CELL.cell_inst_last_i_169/O
                         net (fo=8, routed)           0.802     5.335    TREE_GENERATE_INST/SORTER/CELL_ARRAY_GEN[255].LAST_CELL.cell_inst_last_i_169_n_0
    SLICE_X38Y82         LUT3 (Prop_lut3_I1_O)        0.124     5.459 f  TREE_GENERATE_INST/SORTER/CELL_ARRAY_GEN[255].LAST_CELL.cell_inst_last_i_148/O
                         net (fo=10, routed)          1.099     6.558    TREE_GENERATE_INST/SORTER/CELL_ARRAY_GEN[255].LAST_CELL.cell_inst_last_i_148_n_0
    SLICE_X58Y82         LUT6 (Prop_lut6_I5_O)        0.124     6.682 r  TREE_GENERATE_INST/SORTER/CELL_ARRAY_GEN[254].MIDDLE_CELLS.cell_inst_mid_i_42/O
                         net (fo=16, routed)          1.879     8.561    TREE_GENERATE_INST/SORTER/CELL_ARRAY_GEN[254].MIDDLE_CELLS.cell_inst_mid_i_42_n_0
    SLICE_X64Y56         LUT6 (Prop_lut6_I1_O)        0.124     8.685 r  TREE_GENERATE_INST/SORTER/CELL_ARRAY_GEN[255].LAST_CELL.cell_inst_last_i_1357/O
                         net (fo=118, routed)         2.078    10.763    TREE_GENERATE_INST/SORTER/CELL_ARRAY_GEN[255].LAST_CELL.cell_inst_last_i_1357_n_0
    SLICE_X104Y43        LUT6 (Prop_lut6_I2_O)        0.124    10.887 r  TREE_GENERATE_INST/SORTER/CELL_ARRAY_GEN[255].LAST_CELL.cell_inst_last_i_1392/O
                         net (fo=1, routed)           0.820    11.707    TREE_GENERATE_INST/SORTER/CELL_ARRAY_GEN[255].LAST_CELL.cell_inst_last_i_1392_n_0
    SLICE_X104Y42        LUT6 (Prop_lut6_I1_O)        0.124    11.831 r  TREE_GENERATE_INST/SORTER/CELL_ARRAY_GEN[255].LAST_CELL.cell_inst_last_i_799/O
                         net (fo=1, routed)           0.000    11.831    TREE_GENERATE_INST/SORTER/CELL_ARRAY_GEN[255].LAST_CELL.cell_inst_last_i_799_n_0
    SLICE_X104Y42        MUXF7 (Prop_muxf7_I0_O)      0.209    12.040 r  TREE_GENERATE_INST/SORTER/CELL_ARRAY_GEN[255].LAST_CELL.cell_inst_last_i_296/O
                         net (fo=1, routed)           0.759    12.799    TREE_GENERATE_INST/SORTER/CELL_ARRAY_GEN[255].LAST_CELL.cell_inst_last_i_296_n_0
    SLICE_X96Y42         LUT3 (Prop_lut3_I1_O)        0.297    13.096 r  TREE_GENERATE_INST/SORTER/CELL_ARRAY_GEN[255].LAST_CELL.cell_inst_last_i_122/O
                         net (fo=1, routed)           1.069    14.165    TREE_GENERATE_INST/SORTER/CELL_ARRAY_GEN[255].LAST_CELL.cell_inst_last_i_122_n_0
    SLICE_X89Y43         LUT6 (Prop_lut6_I3_O)        0.124    14.289 r  TREE_GENERATE_INST/SORTER/CELL_ARRAY_GEN[255].LAST_CELL.cell_inst_last_i_55/O
                         net (fo=515, routed)         0.860    15.149    TREE_GENERATE_INST/SORTER/freqs[0][0]
    SLICE_X80Y46         CARRY4 (Prop_carry4_CYINIT_CO[3])
                                                      0.580    15.729 r  TREE_GENERATE_INST/SORTER/CELL_ARRAY_GEN[255].LAST_CELL.cell_inst_last_i_54/CO[3]
                         net (fo=1, routed)           0.000    15.729    TREE_GENERATE_INST/SORTER/CELL_ARRAY_GEN[255].LAST_CELL.cell_inst_last_i_54_n_0
    SLICE_X80Y47         CARRY4 (Prop_carry4_CI_CO[3])
                                                      0.114    15.843 r  TREE_GENERATE_INST/SORTER/CELL_ARRAY_GEN[255].LAST_CELL.cell_inst_last_i_53/CO[3]
                         net (fo=1, routed)           0.000    15.843    TREE_GENERATE_INST/SORTER/CELL_ARRAY_GEN[255].LAST_CELL.cell_inst_last_i_53_n_0
    SLICE_X80Y48         CARRY4 (Prop_carry4_CI_O[2])
                                                      0.239    16.082 r  TREE_GENERATE_INST/SORTER/CELL_ARRAY_GEN[255].LAST_CELL.cell_inst_last_i_52/O[2]
                         net (fo=513, routed)         1.877    17.959    TREE_GENERATE_INST/SORTER/plusOp[11]
    SLICE_X53Y51         LUT4 (Prop_lut4_I1_O)        0.302    18.261 r  TREE_GENERATE_INST/SORTER/CELL_ARRAY_GEN[4].MIDDLE_CELLS.cell_inst_mid_i_14/O
                         net (fo=1, routed)           0.000    18.261    TREE_GENERATE_INST/SORTER/CELL_ARRAY_GEN[4].MIDDLE_CELLS.cell_inst_mid_i_14_n_0
    SLICE_X53Y51         CARRY4 (Prop_carry4_S[1]_CO[2])
                                                      0.570    18.831 r  TREE_GENERATE_INST/SORTER/CELL_ARRAY_GEN[4].MIDDLE_CELLS.cell_inst_mid_i_4/CO[2]
                         net (fo=3, routed)           0.910    19.741    TREE_GENERATE_INST/SORTER/CELL_ARRAY_GEN[4].MIDDLE_CELLS.cell_inst_mid_i_4_n_1
    SLICE_X55Y56         LUT5 (Prop_lut5_I4_O)        0.313    20.054 r  TREE_GENERATE_INST/SORTER/CELL_ARRAY_GEN[4].MIDDLE_CELLS.cell_inst_mid_i_1/O
                         net (fo=24, routed)          1.017    21.071    TREE_GENERATE_INST/SORTER/CELL_ARRAY_GEN[4].MIDDLE_CELLS.cell_inst_mid/write_en
    SLICE_X57Y58         LUT2 (Prop_lut2_I0_O)        0.154    21.225 r  TREE_GENERATE_INST/SORTER/CELL_ARRAY_GEN[4].MIDDLE_CELLS.cell_inst_mid/r_freq[13]_i_1/O
                         net (fo=14, routed)          1.681    22.906    TREE_GENERATE_INST/SORTER/CELL_ARRAY_GEN[4].MIDDLE_CELLS.cell_inst_mid/r_symbol
    SLICE_X88Y80         FDRE                                         r  TREE_GENERATE_INST/SORTER/CELL_ARRAY_GEN[4].MIDDLE_CELLS.cell_inst_mid/r_freq_reg[9]/CE
  -------------------------------------------------------------------    -------------------

                         (clock clk_out1_clk_wiz_0 rise edge)
                                                     25.000    25.000 r  
    H16                                               0.000    25.000 r  clk (IN)
                         net (fo=0)                   0.000    25.000    CLOCK_WIZ_INST/inst/clk_in1
    H16                  IBUF (Prop_ibuf_I_O)         1.380    26.380 r  CLOCK_WIZ_INST/inst/clkin1_ibufg/O
                         net (fo=1, routed)           1.162    27.542    CLOCK_WIZ_INST/inst/clk_in1_clk_wiz_0
    MMCME2_ADV_X1Y2      MMCME2_ADV (Prop_mmcme2_adv_CLKIN1_CLKOUT0)
                                                     -7.814    19.728 r  CLOCK_WIZ_INST/inst/mmcm_adv_inst/CLKOUT0
                         net (fo=1, routed)           2.012    21.740    CLOCK_WIZ_INST/inst/clk_out1_clk_wiz_0
    BUFGCTRL_X0Y16       BUFG (Prop_bufg_I_O)         0.091    21.831 r  CLOCK_WIZ_INST/inst/clkout1_buf/O
                         net (fo=14289, routed)       1.535    23.366    TREE_GENERATE_INST/SORTER/CELL_ARRAY_GEN[4].MIDDLE_CELLS.cell_inst_mid/clk
    SLICE_X88Y80         FDRE                                         r  TREE_GENERATE_INST/SORTER/CELL_ARRAY_GEN[4].MIDDLE_CELLS.cell_inst_mid/r_freq_reg[9]/C
                         clock pessimism              0.466    23.832    
                         clock uncertainty           -0.083    23.749    
    SLICE_X88Y80         FDRE (Setup_fdre_C_CE)      -0.408    23.341    TREE_GENERATE_INST/SORTER/CELL_ARRAY_GEN[4].MIDDLE_CELLS.cell_inst_mid/r_freq_reg[9]
  -------------------------------------------------------------------
                         required time                         23.341    
                         arrival time                         -22.906    
  -------------------------------------------------------------------
                         slack                                  0.435    





Min Delay Paths
--------------------------------------------------------------------------------------
Slack (MET) :             0.024ns  (arrival time - required time)
  Source:                 CANONICAL_CODE_GENERATE_INST/dict_wr_addr_reg[2]/C
                            (rising edge-triggered cell FDRE clocked by clk_out1_clk_wiz_0_1  {rise@0.000ns fall@12.500ns period=25.000ns})
  Destination:            CANONICAL_CODE_GENERATE_INST/DICTIONARY_BRAM/ram_name_reg/ADDRBWRADDR[7]
                            (rising edge-triggered cell RAMB18E1 clocked by clk_out1_clk_wiz_0  {rise@0.000ns fall@12.500ns period=25.000ns})
  Path Group:             clk_out1_clk_wiz_0
  Path Type:              Hold (Min at Fast Process Corner)
  Requirement:            0.000ns  (clk_out1_clk_wiz_0 rise@0.000ns - clk_out1_clk_wiz_0_1 rise@0.000ns)
  Data Path Delay:        0.348ns  (logic 0.141ns (40.491%)  route 0.207ns (59.509%))
  Logic Levels:           0  
  Clock Path Skew:        0.058ns (DCD - SCD - CPR)
    Destination Clock Delay (DCD):    -0.732ns
    Source Clock Delay      (SCD):    -0.541ns
    Clock Pessimism Removal (CPR):    -0.250ns
  Clock Uncertainty:      0.083ns  ((TSJ^2 + DJ^2)^1/2) / 2 + PE
    Total System Jitter     (TSJ):    0.071ns
    Discrete Jitter          (DJ):    0.151ns
    Phase Error              (PE):    0.000ns
  Clock Domain Crossing:  Inter clock paths are considered valid unless explicitly excluded by timing constraints such as set_clock_groups or set_false_path.

    Location             Delay type                Incr(ns)  Path(ns)    Netlist Resource(s)
  -------------------------------------------------------------------    -------------------
                         (clock clk_out1_clk_wiz_0_1 rise edge)
                                                      0.000     0.000 r  
    H16                                               0.000     0.000 r  clk (IN)
                         net (fo=0)                   0.000     0.000    CLOCK_WIZ_INST/inst/clk_in1
    H16                  IBUF (Prop_ibuf_I_O)         0.219     0.219 r  CLOCK_WIZ_INST/inst/clkin1_ibufg/O
                         net (fo=1, routed)           0.440     0.659    CLOCK_WIZ_INST/inst/clk_in1_clk_wiz_0
    MMCME2_ADV_X1Y2      MMCME2_ADV (Prop_mmcme2_adv_CLKIN1_CLKOUT0)
                                                     -2.613    -1.954 r  CLOCK_WIZ_INST/inst/mmcm_adv_inst/CLKOUT0
                         net (fo=1, routed)           0.696    -1.257    CLOCK_WIZ_INST/inst/clk_out1_clk_wiz_0
    BUFGCTRL_X0Y16       BUFG (Prop_bufg_I_O)         0.026    -1.231 r  CLOCK_WIZ_INST/inst/clkout1_buf/O
                         net (fo=14289, routed)       0.690    -0.541    CANONICAL_CODE_GENERATE_INST/clk
    SLICE_X105Y105       FDRE                                         r  CANONICAL_CODE_GENERATE_INST/dict_wr_addr_reg[2]/C
  -------------------------------------------------------------------    -------------------
    SLICE_X105Y105       FDRE (Prop_fdre_C_Q)         0.141    -0.400 r  CANONICAL_CODE_GENERATE_INST/dict_wr_addr_reg[2]/Q
                         net (fo=1, routed)           0.207    -0.193    CANONICAL_CODE_GENERATE_INST/DICTIONARY_BRAM/addra[2]
    RAMB18_X5Y42         RAMB18E1                                     r  CANONICAL_CODE_GENERATE_INST/DICTIONARY_BRAM/ram_name_reg/ADDRBWRADDR[7]
  -------------------------------------------------------------------    -------------------

                         (clock clk_out1_clk_wiz_0 rise edge)
                                                      0.000     0.000 r  
    H16                                               0.000     0.000 r  clk (IN)
                         net (fo=0)                   0.000     0.000    CLOCK_WIZ_INST/inst/clk_in1
    H16                  IBUF (Prop_ibuf_I_O)         0.406     0.406 r  CLOCK_WIZ_INST/inst/clkin1_ibufg/O
                         net (fo=1, routed)           0.480     0.886    CLOCK_WIZ_INST/inst/clk_in1_clk_wiz_0
    MMCME2_ADV_X1Y2      MMCME2_ADV (Prop_mmcme2_adv_CLKIN1_CLKOUT0)
                                                     -3.407    -2.521 r  CLOCK_WIZ_INST/inst/mmcm_adv_inst/CLKOUT0
                         net (fo=1, routed)           0.752    -1.769    CLOCK_WIZ_INST/inst/clk_out1_clk_wiz_0
    BUFGCTRL_X0Y16       BUFG (Prop_bufg_I_O)         0.029    -1.740 r  CLOCK_WIZ_INST/inst/clkout1_buf/O
                         net (fo=14289, routed)       1.007    -0.732    CANONICAL_CODE_GENERATE_INST/DICTIONARY_BRAM/clka
    RAMB18_X5Y42         RAMB18E1                                     r  CANONICAL_CODE_GENERATE_INST/DICTIONARY_BRAM/ram_name_reg/CLKBWRCLK
                         clock pessimism              0.250    -0.483    
                         clock uncertainty            0.083    -0.399    
    RAMB18_X5Y42         RAMB18E1 (Hold_ramb18e1_CLKBWRCLK_ADDRBWRADDR[7])
                                                      0.183    -0.216    CANONICAL_CODE_GENERATE_INST/DICTIONARY_BRAM/ram_name_reg
  -------------------------------------------------------------------
                         required time                          0.216    
                         arrival time                          -0.193    
  -------------------------------------------------------------------
                         slack                                  0.024    

Slack (MET) :             0.045ns  (arrival time - required time)
  Source:                 TREE_GENERATE_INST/SORTER/CELL_ARRAY_GEN[220].MIDDLE_CELLS.cell_inst_mid/r_symbol_reg[2]/C
                            (rising edge-triggered cell FDSE clocked by clk_out1_clk_wiz_0_1  {rise@0.000ns fall@12.500ns period=25.000ns})
  Destination:            TREE_GENERATE_INST/SORTER/CELL_ARRAY_GEN[219].MIDDLE_CELLS.cell_inst_mid/r_symbol_reg[2]/D
                            (rising edge-triggered cell FDRE clocked by clk_out1_clk_wiz_0  {rise@0.000ns fall@12.500ns period=25.000ns})
  Path Group:             clk_out1_clk_wiz_0
  Path Type:              Hold (Min at Fast Process Corner)
  Requirement:            0.000ns  (clk_out1_clk_wiz_0 rise@0.000ns - clk_out1_clk_wiz_0_1 rise@0.000ns)
  Data Path Delay:        0.501ns  (logic 0.186ns (37.124%)  route 0.315ns (62.876%))
  Logic Levels:           1  (LUT6=1)
  Clock Path Skew:        0.281ns (DCD - SCD - CPR)
    Destination Clock Delay (DCD):    -0.882ns
    Source Clock Delay      (SCD):    -0.654ns
    Clock Pessimism Removal (CPR):    -0.509ns
  Clock Uncertainty:      0.083ns  ((TSJ^2 + DJ^2)^1/2) / 2 + PE
    Total System Jitter     (TSJ):    0.071ns
    Discrete Jitter          (DJ):    0.151ns
    Phase Error              (PE):    0.000ns
  Clock Domain Crossing:  Inter clock paths are considered valid unless explicitly excluded by timing constraints such as set_clock_groups or set_false_path.

    Location             Delay type                Incr(ns)  Path(ns)    Netlist Resource(s)
  -------------------------------------------------------------------    -------------------
                         (clock clk_out1_clk_wiz_0_1 rise edge)
                                                      0.000     0.000 r  
    H16                                               0.000     0.000 r  clk (IN)
                         net (fo=0)                   0.000     0.000    CLOCK_WIZ_INST/inst/clk_in1
    H16                  IBUF (Prop_ibuf_I_O)         0.219     0.219 r  CLOCK_WIZ_INST/inst/clkin1_ibufg/O
                         net (fo=1, routed)           0.440     0.659    CLOCK_WIZ_INST/inst/clk_in1_clk_wiz_0
    MMCME2_ADV_X1Y2      MMCME2_ADV (Prop_mmcme2_adv_CLKIN1_CLKOUT0)
                                                     -2.613    -1.954 r  CLOCK_WIZ_INST/inst/mmcm_adv_inst/CLKOUT0
                         net (fo=1, routed)           0.696    -1.257    CLOCK_WIZ_INST/inst/clk_out1_clk_wiz_0
    BUFGCTRL_X0Y16       BUFG (Prop_bufg_I_O)         0.026    -1.231 r  CLOCK_WIZ_INST/inst/clkout1_buf/O
                         net (fo=14289, routed)       0.577    -0.654    TREE_GENERATE_INST/SORTER/CELL_ARRAY_GEN[220].MIDDLE_CELLS.cell_inst_mid/clk
    SLICE_X28Y50         FDSE                                         r  TREE_GENERATE_INST/SORTER/CELL_ARRAY_GEN[220].MIDDLE_CELLS.cell_inst_mid/r_symbol_reg[2]/C
  -------------------------------------------------------------------    -------------------
    SLICE_X28Y50         FDSE (Prop_fdse_C_Q)         0.141    -0.513 r  TREE_GENERATE_INST/SORTER/CELL_ARRAY_GEN[220].MIDDLE_CELLS.cell_inst_mid/r_symbol_reg[2]/Q
                         net (fo=5, routed)           0.315    -0.198    TREE_GENERATE_INST/SORTER/CELL_ARRAY_GEN[219].MIDDLE_CELLS.cell_inst_mid/right_symbol[2]
    SLICE_X28Y45         LUT6 (Prop_lut6_I0_O)        0.045    -0.153 r  TREE_GENERATE_INST/SORTER/CELL_ARRAY_GEN[219].MIDDLE_CELLS.cell_inst_mid/r_symbol[2]_i_1/O
                         net (fo=1, routed)           0.000    -0.153    TREE_GENERATE_INST/SORTER/CELL_ARRAY_GEN[219].MIDDLE_CELLS.cell_inst_mid/r_symbol[2]_i_1_n_0
    SLICE_X28Y45         FDRE                                         r  TREE_GENERATE_INST/SORTER/CELL_ARRAY_GEN[219].MIDDLE_CELLS.cell_inst_mid/r_symbol_reg[2]/D
  -------------------------------------------------------------------    -------------------

                         (clock clk_out1_clk_wiz_0 rise edge)
                                                      0.000     0.000 r  
    H16                                               0.000     0.000 r  clk (IN)
                         net (fo=0)                   0.000     0.000    CLOCK_WIZ_INST/inst/clk_in1
    H16                  IBUF (Prop_ibuf_I_O)         0.406     0.406 r  CLOCK_WIZ_INST/inst/clkin1_ibufg/O
                         net (fo=1, routed)           0.480     0.886    CLOCK_WIZ_INST/inst/clk_in1_clk_wiz_0
    MMCME2_ADV_X1Y2      MMCME2_ADV (Prop_mmcme2_adv_CLKIN1_CLKOUT0)
                                                     -3.407    -2.521 r  CLOCK_WIZ_INST/inst/mmcm_adv_inst/CLKOUT0
                         net (fo=1, routed)           0.752    -1.769    CLOCK_WIZ_INST/inst/clk_out1_clk_wiz_0
    BUFGCTRL_X0Y16       BUFG (Prop_bufg_I_O)         0.029    -1.740 r  CLOCK_WIZ_INST/inst/clkout1_buf/O
                         net (fo=14289, routed)       0.858    -0.882    TREE_GENERATE_INST/SORTER/CELL_ARRAY_GEN[219].MIDDLE_CELLS.cell_inst_mid/clk
    SLICE_X28Y45         FDRE                                         r  TREE_GENERATE_INST/SORTER/CELL_ARRAY_GEN[219].MIDDLE_CELLS.cell_inst_mid/r_symbol_reg[2]/C
                         clock pessimism              0.509    -0.373    
                         clock uncertainty            0.083    -0.290    
    SLICE_X28Y45         FDRE (Hold_fdre_C_D)         0.092    -0.198    TREE_GENERATE_INST/SORTER/CELL_ARRAY_GEN[219].MIDDLE_CELLS.cell_inst_mid/r_symbol_reg[2]
  -------------------------------------------------------------------
                         required time                          0.198    
                         arrival time                          -0.153    
  -------------------------------------------------------------------
                         slack                                  0.045    

Slack (MET) :             0.060ns  (arrival time - required time)
  Source:                 TREE_GENERATE_INST/SORTER/CELL_ARRAY_GEN[217].MIDDLE_CELLS.cell_inst_mid/r_freq_reg[7]/C
                            (rising edge-triggered cell FDRE clocked by clk_out1_clk_wiz_0_1  {rise@0.000ns fall@12.500ns period=25.000ns})
  Destination:            TREE_GENERATE_INST/SORTER/CELL_ARRAY_GEN[216].MIDDLE_CELLS.cell_inst_mid/r_freq_reg[7]/D
                            (rising edge-triggered cell FDRE clocked by clk_out1_clk_wiz_0  {rise@0.000ns fall@12.500ns period=25.000ns})
  Path Group:             clk_out1_clk_wiz_0
  Path Type:              Hold (Min at Fast Process Corner)
  Requirement:            0.000ns  (clk_out1_clk_wiz_0 rise@0.000ns - clk_out1_clk_wiz_0_1 rise@0.000ns)
  Data Path Delay:        0.533ns  (logic 0.247ns (46.376%)  route 0.286ns (53.624%))
  Logic Levels:           1  (LUT3=1)
  Clock Path Skew:        0.258ns (DCD - SCD - CPR)
    Destination Clock Delay (DCD):    -0.916ns
    Source Clock Delay      (SCD):    -0.671ns
    Clock Pessimism Removal (CPR):    -0.504ns
  Clock Uncertainty:      0.083ns  ((TSJ^2 + DJ^2)^1/2) / 2 + PE
    Total System Jitter     (TSJ):    0.071ns
    Discrete Jitter          (DJ):    0.151ns
    Phase Error              (PE):    0.000ns
  Clock Domain Crossing:  Inter clock paths are considered valid unless explicitly excluded by timing constraints such as set_clock_groups or set_false_path.

    Location             Delay type                Incr(ns)  Path(ns)    Netlist Resource(s)
  -------------------------------------------------------------------    -------------------
                         (clock clk_out1_clk_wiz_0_1 rise edge)
                                                      0.000     0.000 r  
    H16                                               0.000     0.000 r  clk (IN)
                         net (fo=0)                   0.000     0.000    CLOCK_WIZ_INST/inst/clk_in1
    H16                  IBUF (Prop_ibuf_I_O)         0.219     0.219 r  CLOCK_WIZ_INST/inst/clkin1_ibufg/O
                         net (fo=1, routed)           0.440     0.659    CLOCK_WIZ_INST/inst/clk_in1_clk_wiz_0
    MMCME2_ADV_X1Y2      MMCME2_ADV (Prop_mmcme2_adv_CLKIN1_CLKOUT0)
                                                     -2.613    -1.954 r  CLOCK_WIZ_INST/inst/mmcm_adv_inst/CLKOUT0
                         net (fo=1, routed)           0.696    -1.257    CLOCK_WIZ_INST/inst/clk_out1_clk_wiz_0
    BUFGCTRL_X0Y16       BUFG (Prop_bufg_I_O)         0.026    -1.231 r  CLOCK_WIZ_INST/inst/clkout1_buf/O
                         net (fo=14289, routed)       0.561    -0.671    TREE_GENERATE_INST/SORTER/CELL_ARRAY_GEN[217].MIDDLE_CELLS.cell_inst_mid/clk
    SLICE_X42Y41         FDRE                                         r  TREE_GENERATE_INST/SORTER/CELL_ARRAY_GEN[217].MIDDLE_CELLS.cell_inst_mid/r_freq_reg[7]/C
  -------------------------------------------------------------------    -------------------
    SLICE_X42Y41         FDRE (Prop_fdre_C_Q)         0.148    -0.523 r  TREE_GENERATE_INST/SORTER/CELL_ARRAY_GEN[217].MIDDLE_CELLS.cell_inst_mid/r_freq_reg[7]/Q
                         net (fo=6, routed)           0.286    -0.237    TREE_GENERATE_INST/SORTER/CELL_ARRAY_GEN[216].MIDDLE_CELLS.cell_inst_mid/right_freq[7]
    SLICE_X50Y41         LUT3 (Prop_lut3_I2_O)        0.099    -0.138 r  TREE_GENERATE_INST/SORTER/CELL_ARRAY_GEN[216].MIDDLE_CELLS.cell_inst_mid/r_freq[7]_i_1/O
                         net (fo=1, routed)           0.000    -0.138    TREE_GENERATE_INST/SORTER/CELL_ARRAY_GEN[216].MIDDLE_CELLS.cell_inst_mid/r_freq[7]_i_1_n_0
    SLICE_X50Y41         FDRE                                         r  TREE_GENERATE_INST/SORTER/CELL_ARRAY_GEN[216].MIDDLE_CELLS.cell_inst_mid/r_freq_reg[7]/D
  -------------------------------------------------------------------    -------------------

                         (clock clk_out1_clk_wiz_0 rise edge)
                                                      0.000     0.000 r  
    H16                                               0.000     0.000 r  clk (IN)
                         net (fo=0)                   0.000     0.000    CLOCK_WIZ_INST/inst/clk_in1
    H16                  IBUF (Prop_ibuf_I_O)         0.406     0.406 r  CLOCK_WIZ_INST/inst/clkin1_ibufg/O
                         net (fo=1, routed)           0.480     0.886    CLOCK_WIZ_INST/inst/clk_in1_clk_wiz_0
    MMCME2_ADV_X1Y2      MMCME2_ADV (Prop_mmcme2_adv_CLKIN1_CLKOUT0)
                                                     -3.407    -2.521 r  CLOCK_WIZ_INST/inst/mmcm_adv_inst/CLKOUT0
                         net (fo=1, routed)           0.752    -1.769    CLOCK_WIZ_INST/inst/clk_out1_clk_wiz_0
    BUFGCTRL_X0Y16       BUFG (Prop_bufg_I_O)         0.029    -1.740 r  CLOCK_WIZ_INST/inst/clkout1_buf/O
                         net (fo=14289, routed)       0.824    -0.916    TREE_GENERATE_INST/SORTER/CELL_ARRAY_GEN[216].MIDDLE_CELLS.cell_inst_mid/clk
    SLICE_X50Y41         FDRE                                         r  TREE_GENERATE_INST/SORTER/CELL_ARRAY_GEN[216].MIDDLE_CELLS.cell_inst_mid/r_freq_reg[7]/C
                         clock pessimism              0.504    -0.412    
                         clock uncertainty            0.083    -0.329    
    SLICE_X50Y41         FDRE (Hold_fdre_C_D)         0.131    -0.198    TREE_GENERATE_INST/SORTER/CELL_ARRAY_GEN[216].MIDDLE_CELLS.cell_inst_mid/r_freq_reg[7]
  -------------------------------------------------------------------
                         required time                          0.198    
                         arrival time                          -0.138    
  -------------------------------------------------------------------
                         slack                                  0.060    

Slack (MET) :             0.062ns  (arrival time - required time)
  Source:                 TREE_GENERATE_INST/SORTER/CELL_ARRAY_GEN[134].MIDDLE_CELLS.cell_inst_mid/r_symbol_reg[6]/C
                            (rising edge-triggered cell FDRE clocked by clk_out1_clk_wiz_0_1  {rise@0.000ns fall@12.500ns period=25.000ns})
  Destination:            TREE_GENERATE_INST/SORTER/CELL_ARRAY_GEN[133].MIDDLE_CELLS.cell_inst_mid/r_symbol_reg[6]/D
                            (rising edge-triggered cell FDRE clocked by clk_out1_clk_wiz_0  {rise@0.000ns fall@12.500ns period=25.000ns})
  Path Group:             clk_out1_clk_wiz_0
  Path Type:              Hold (Min at Fast Process Corner)
  Requirement:            0.000ns  (clk_out1_clk_wiz_0 rise@0.000ns - clk_out1_clk_wiz_0_1 rise@0.000ns)
  Data Path Delay:        0.507ns  (logic 0.209ns (41.215%)  route 0.298ns (58.785%))
  Logic Levels:           1  (LUT3=1)
  Clock Path Skew:        0.270ns (DCD - SCD - CPR)
    Destination Clock Delay (DCD):    -0.920ns
    Source Clock Delay      (SCD):    -0.686ns
    Clock Pessimism Removal (CPR):    -0.504ns
  Clock Uncertainty:      0.083ns  ((TSJ^2 + DJ^2)^1/2) / 2 + PE
    Total System Jitter     (TSJ):    0.071ns
    Discrete Jitter          (DJ):    0.151ns
    Phase Error              (PE):    0.000ns
  Clock Domain Crossing:  Inter clock paths are considered valid unless explicitly excluded by timing constraints such as set_clock_groups or set_false_path.

    Location             Delay type                Incr(ns)  Path(ns)    Netlist Resource(s)
  -------------------------------------------------------------------    -------------------
                         (clock clk_out1_clk_wiz_0_1 rise edge)
                                                      0.000     0.000 r  
    H16                                               0.000     0.000 r  clk (IN)
                         net (fo=0)                   0.000     0.000    CLOCK_WIZ_INST/inst/clk_in1
    H16                  IBUF (Prop_ibuf_I_O)         0.219     0.219 r  CLOCK_WIZ_INST/inst/clkin1_ibufg/O
                         net (fo=1, routed)           0.440     0.659    CLOCK_WIZ_INST/inst/clk_in1_clk_wiz_0
    MMCME2_ADV_X1Y2      MMCME2_ADV (Prop_mmcme2_adv_CLKIN1_CLKOUT0)
                                                     -2.613    -1.954 r  CLOCK_WIZ_INST/inst/mmcm_adv_inst/CLKOUT0
                         net (fo=1, routed)           0.696    -1.257    CLOCK_WIZ_INST/inst/clk_out1_clk_wiz_0
    BUFGCTRL_X0Y16       BUFG (Prop_bufg_I_O)         0.026    -1.231 r  CLOCK_WIZ_INST/inst/clkout1_buf/O
                         net (fo=14289, routed)       0.545    -0.686    TREE_GENERATE_INST/SORTER/CELL_ARRAY_GEN[134].MIDDLE_CELLS.cell_inst_mid/clk
    SLICE_X50Y68         FDRE                                         r  TREE_GENERATE_INST/SORTER/CELL_ARRAY_GEN[134].MIDDLE_CELLS.cell_inst_mid/r_symbol_reg[6]/C
  -------------------------------------------------------------------    -------------------
    SLICE_X50Y68         FDRE (Prop_fdre_C_Q)         0.164    -0.522 r  TREE_GENERATE_INST/SORTER/CELL_ARRAY_GEN[134].MIDDLE_CELLS.cell_inst_mid/r_symbol_reg[6]/Q
                         net (fo=5, routed)           0.298    -0.224    TREE_GENERATE_INST/SORTER/CELL_ARRAY_GEN[133].MIDDLE_CELLS.cell_inst_mid/right_symbol[6]
    SLICE_X40Y62         LUT3 (Prop_lut3_I2_O)        0.045    -0.179 r  TREE_GENERATE_INST/SORTER/CELL_ARRAY_GEN[133].MIDDLE_CELLS.cell_inst_mid/r_symbol[6]_i_2/O
                         net (fo=1, routed)           0.000    -0.179    TREE_GENERATE_INST/SORTER/CELL_ARRAY_GEN[133].MIDDLE_CELLS.cell_inst_mid/r_symbol[6]_i_2_n_0
    SLICE_X40Y62         FDRE                                         r  TREE_GENERATE_INST/SORTER/CELL_ARRAY_GEN[133].MIDDLE_CELLS.cell_inst_mid/r_symbol_reg[6]/D
  -------------------------------------------------------------------    -------------------

                         (clock clk_out1_clk_wiz_0 rise edge)
                                                      0.000     0.000 r  
    H16                                               0.000     0.000 r  clk (IN)
                         net (fo=0)                   0.000     0.000    CLOCK_WIZ_INST/inst/clk_in1
    H16                  IBUF (Prop_ibuf_I_O)         0.406     0.406 r  CLOCK_WIZ_INST/inst/clkin1_ibufg/O
                         net (fo=1, routed)           0.480     0.886    CLOCK_WIZ_INST/inst/clk_in1_clk_wiz_0
    MMCME2_ADV_X1Y2      MMCME2_ADV (Prop_mmcme2_adv_CLKIN1_CLKOUT0)
                                                     -3.407    -2.521 r  CLOCK_WIZ_INST/inst/mmcm_adv_inst/CLKOUT0
                         net (fo=1, routed)           0.752    -1.769    CLOCK_WIZ_INST/inst/clk_out1_clk_wiz_0
    BUFGCTRL_X0Y16       BUFG (Prop_bufg_I_O)         0.029    -1.740 r  CLOCK_WIZ_INST/inst/clkout1_buf/O
                         net (fo=14289, routed)       0.820    -0.920    TREE_GENERATE_INST/SORTER/CELL_ARRAY_GEN[133].MIDDLE_CELLS.cell_inst_mid/clk
    SLICE_X40Y62         FDRE                                         r  TREE_GENERATE_INST/SORTER/CELL_ARRAY_GEN[133].MIDDLE_CELLS.cell_inst_mid/r_symbol_reg[6]/C
                         clock pessimism              0.504    -0.416    
                         clock uncertainty            0.083    -0.333    
    SLICE_X40Y62         FDRE (Hold_fdre_C_D)         0.092    -0.241    TREE_GENERATE_INST/SORTER/CELL_ARRAY_GEN[133].MIDDLE_CELLS.cell_inst_mid/r_symbol_reg[6]
  -------------------------------------------------------------------
                         required time                          0.241    
                         arrival time                          -0.179    
  -------------------------------------------------------------------
                         slack                                  0.062    

Slack (MET) :             0.068ns  (arrival time - required time)
  Source:                 UART_TX_INST/tx_par_bit_reg/C
                            (rising edge-triggered cell FDRE clocked by clk_out1_clk_wiz_0_1  {rise@0.000ns fall@12.500ns period=25.000ns})
  Destination:            UART_TX_INST/tx_reg/D
                            (rising edge-triggered cell FDRE clocked by clk_out1_clk_wiz_0  {rise@0.000ns fall@12.500ns period=25.000ns})
  Path Group:             clk_out1_clk_wiz_0
  Path Type:              Hold (Min at Fast Process Corner)
  Requirement:            0.000ns  (clk_out1_clk_wiz_0 rise@0.000ns - clk_out1_clk_wiz_0_1 rise@0.000ns)
  Data Path Delay:        0.284ns  (logic 0.186ns (65.445%)  route 0.098ns (34.555%))
  Logic Levels:           1  (LUT6=1)
  Clock Path Skew:        0.013ns (DCD - SCD - CPR)
    Destination Clock Delay (DCD):    -0.775ns
    Source Clock Delay      (SCD):    -0.541ns
    Clock Pessimism Removal (CPR):    -0.247ns
  Clock Uncertainty:      0.083ns  ((TSJ^2 + DJ^2)^1/2) / 2 + PE
    Total System Jitter     (TSJ):    0.071ns
    Discrete Jitter          (DJ):    0.151ns
    Phase Error              (PE):    0.000ns
  Clock Domain Crossing:  Inter clock paths are considered valid unless explicitly excluded by timing constraints such as set_clock_groups or set_false_path.

    Location             Delay type                Incr(ns)  Path(ns)    Netlist Resource(s)
  -------------------------------------------------------------------    -------------------
                         (clock clk_out1_clk_wiz_0_1 rise edge)
                                                      0.000     0.000 r  
    H16                                               0.000     0.000 r  clk (IN)
                         net (fo=0)                   0.000     0.000    CLOCK_WIZ_INST/inst/clk_in1
    H16                  IBUF (Prop_ibuf_I_O)         0.219     0.219 r  CLOCK_WIZ_INST/inst/clkin1_ibufg/O
                         net (fo=1, routed)           0.440     0.659    CLOCK_WIZ_INST/inst/clk_in1_clk_wiz_0
    MMCME2_ADV_X1Y2      MMCME2_ADV (Prop_mmcme2_adv_CLKIN1_CLKOUT0)
                                                     -2.613    -1.954 r  CLOCK_WIZ_INST/inst/mmcm_adv_inst/CLKOUT0
                         net (fo=1, routed)           0.696    -1.257    CLOCK_WIZ_INST/inst/clk_out1_clk_wiz_0
    BUFGCTRL_X0Y16       BUFG (Prop_bufg_I_O)         0.026    -1.231 r  CLOCK_WIZ_INST/inst/clkout1_buf/O
                         net (fo=14289, routed)       0.690    -0.541    UART_TX_INST/clk
    SLICE_X105Y103       FDRE                                         r  UART_TX_INST/tx_par_bit_reg/C
  -------------------------------------------------------------------    -------------------
    SLICE_X105Y103       FDRE (Prop_fdre_C_Q)         0.141    -0.400 r  UART_TX_INST/tx_par_bit_reg/Q
                         net (fo=2, routed)           0.098    -0.302    UART_TX_INST/tx_par_bit_reg_n_0
    SLICE_X104Y103       LUT6 (Prop_lut6_I5_O)        0.045    -0.257 r  UART_TX_INST/tx_i_1/O
                         net (fo=1, routed)           0.000    -0.257    UART_TX_INST/tx_i_1_n_0
    SLICE_X104Y103       FDRE                                         r  UART_TX_INST/tx_reg/D
  -------------------------------------------------------------------    -------------------

                         (clock clk_out1_clk_wiz_0 rise edge)
                                                      0.000     0.000 r  
    H16                                               0.000     0.000 r  clk (IN)
                         net (fo=0)                   0.000     0.000    CLOCK_WIZ_INST/inst/clk_in1
    H16                  IBUF (Prop_ibuf_I_O)         0.406     0.406 r  CLOCK_WIZ_INST/inst/clkin1_ibufg/O
                         net (fo=1, routed)           0.480     0.886    CLOCK_WIZ_INST/inst/clk_in1_clk_wiz_0
    MMCME2_ADV_X1Y2      MMCME2_ADV (Prop_mmcme2_adv_CLKIN1_CLKOUT0)
                                                     -3.407    -2.521 r  CLOCK_WIZ_INST/inst/mmcm_adv_inst/CLKOUT0
                         net (fo=1, routed)           0.752    -1.769    CLOCK_WIZ_INST/inst/clk_out1_clk_wiz_0
    BUFGCTRL_X0Y16       BUFG (Prop_bufg_I_O)         0.029    -1.740 r  CLOCK_WIZ_INST/inst/clkout1_buf/O
                         net (fo=14289, routed)       0.965    -0.775    UART_TX_INST/clk
    SLICE_X104Y103       FDRE                                         r  UART_TX_INST/tx_reg/C
                         clock pessimism              0.247    -0.528    
                         clock uncertainty            0.083    -0.445    
    SLICE_X104Y103       FDRE (Hold_fdre_C_D)         0.120    -0.325    UART_TX_INST/tx_reg
  -------------------------------------------------------------------
                         required time                          0.325    
                         arrival time                          -0.257    
  -------------------------------------------------------------------
                         slack                                  0.068    

Slack (MET) :             0.072ns  (arrival time - required time)
  Source:                 TREE_GENERATE_INST/SORTER/CELL_ARRAY_GEN[156].MIDDLE_CELLS.cell_inst_mid/r_symbol_reg[6]/C
                            (rising edge-triggered cell FDRE clocked by clk_out1_clk_wiz_0_1  {rise@0.000ns fall@12.500ns period=25.000ns})
  Destination:            TREE_GENERATE_INST/SORTER/CELL_ARRAY_GEN[155].MIDDLE_CELLS.cell_inst_mid/r_symbol_reg[6]/D
                            (rising edge-triggered cell FDRE clocked by clk_out1_clk_wiz_0  {rise@0.000ns fall@12.500ns period=25.000ns})
  Path Group:             clk_out1_clk_wiz_0
  Path Type:              Hold (Min at Fast Process Corner)
  Requirement:            0.000ns  (clk_out1_clk_wiz_0 rise@0.000ns - clk_out1_clk_wiz_0_1 rise@0.000ns)
  Data Path Delay:        0.506ns  (logic 0.226ns (44.630%)  route 0.280ns (55.370%))
  Logic Levels:           1  (LUT6=1)
  Clock Path Skew:        0.259ns (DCD - SCD - CPR)
    Destination Clock Delay (DCD):    -0.922ns
    Source Clock Delay      (SCD):    -0.677ns
    Clock Pessimism Removal (CPR):    -0.504ns
  Clock Uncertainty:      0.083ns  ((TSJ^2 + DJ^2)^1/2) / 2 + PE
    Total System Jitter     (TSJ):    0.071ns
    Discrete Jitter          (DJ):    0.151ns
    Phase Error              (PE):    0.000ns
  Clock Domain Crossing:  Inter clock paths are considered valid unless explicitly excluded by timing constraints such as set_clock_groups or set_false_path.

    Location             Delay type                Incr(ns)  Path(ns)    Netlist Resource(s)
  -------------------------------------------------------------------    -------------------
                         (clock clk_out1_clk_wiz_0_1 rise edge)
                                                      0.000     0.000 r  
    H16                                               0.000     0.000 r  clk (IN)
                         net (fo=0)                   0.000     0.000    CLOCK_WIZ_INST/inst/clk_in1
    H16                  IBUF (Prop_ibuf_I_O)         0.219     0.219 r  CLOCK_WIZ_INST/inst/clkin1_ibufg/O
                         net (fo=1, routed)           0.440     0.659    CLOCK_WIZ_INST/inst/clk_in1_clk_wiz_0
    MMCME2_ADV_X1Y2      MMCME2_ADV (Prop_mmcme2_adv_CLKIN1_CLKOUT0)
                                                     -2.613    -1.954 r  CLOCK_WIZ_INST/inst/mmcm_adv_inst/CLKOUT0
                         net (fo=1, routed)           0.696    -1.257    CLOCK_WIZ_INST/inst/clk_out1_clk_wiz_0
    BUFGCTRL_X0Y16       BUFG (Prop_bufg_I_O)         0.026    -1.231 r  CLOCK_WIZ_INST/inst/clkout1_buf/O
                         net (fo=14289, routed)       0.554    -0.677    TREE_GENERATE_INST/SORTER/CELL_ARRAY_GEN[156].MIDDLE_CELLS.cell_inst_mid/clk
    SLICE_X48Y59         FDRE                                         r  TREE_GENERATE_INST/SORTER/CELL_ARRAY_GEN[156].MIDDLE_CELLS.cell_inst_mid/r_symbol_reg[6]/C
  -------------------------------------------------------------------    -------------------
    SLICE_X48Y59         FDRE (Prop_fdre_C_Q)         0.128    -0.549 r  TREE_GENERATE_INST/SORTER/CELL_ARRAY_GEN[156].MIDDLE_CELLS.cell_inst_mid/r_symbol_reg[6]/Q
                         net (fo=5, routed)           0.280    -0.269    TREE_GENERATE_INST/SORTER/CELL_ARRAY_GEN[155].MIDDLE_CELLS.cell_inst_mid/right_symbol[6]
    SLICE_X51Y60         LUT6 (Prop_lut6_I0_O)        0.098    -0.171 r  TREE_GENERATE_INST/SORTER/CELL_ARRAY_GEN[155].MIDDLE_CELLS.cell_inst_mid/r_symbol[6]_i_1/O
                         net (fo=1, routed)           0.000    -0.171    TREE_GENERATE_INST/SORTER/CELL_ARRAY_GEN[155].MIDDLE_CELLS.cell_inst_mid/r_symbol[6]_i_1_n_0
    SLICE_X51Y60         FDRE                                         r  TREE_GENERATE_INST/SORTER/CELL_ARRAY_GEN[155].MIDDLE_CELLS.cell_inst_mid/r_symbol_reg[6]/D
  -------------------------------------------------------------------    -------------------

                         (clock clk_out1_clk_wiz_0 rise edge)
                                                      0.000     0.000 r  
    H16                                               0.000     0.000 r  clk (IN)
                         net (fo=0)                   0.000     0.000    CLOCK_WIZ_INST/inst/clk_in1
    H16                  IBUF (Prop_ibuf_I_O)         0.406     0.406 r  CLOCK_WIZ_INST/inst/clkin1_ibufg/O
                         net (fo=1, routed)           0.480     0.886    CLOCK_WIZ_INST/inst/clk_in1_clk_wiz_0
    MMCME2_ADV_X1Y2      MMCME2_ADV (Prop_mmcme2_adv_CLKIN1_CLKOUT0)
                                                     -3.407    -2.521 r  CLOCK_WIZ_INST/inst/mmcm_adv_inst/CLKOUT0
                         net (fo=1, routed)           0.752    -1.769    CLOCK_WIZ_INST/inst/clk_out1_clk_wiz_0
    BUFGCTRL_X0Y16       BUFG (Prop_bufg_I_O)         0.029    -1.740 r  CLOCK_WIZ_INST/inst/clkout1_buf/O
                         net (fo=14289, routed)       0.818    -0.922    TREE_GENERATE_INST/SORTER/CELL_ARRAY_GEN[155].MIDDLE_CELLS.cell_inst_mid/clk
    SLICE_X51Y60         FDRE                                         r  TREE_GENERATE_INST/SORTER/CELL_ARRAY_GEN[155].MIDDLE_CELLS.cell_inst_mid/r_symbol_reg[6]/C
                         clock pessimism              0.504    -0.418    
                         clock uncertainty            0.083    -0.335    
    SLICE_X51Y60         FDRE (Hold_fdre_C_D)         0.092    -0.243    TREE_GENERATE_INST/SORTER/CELL_ARRAY_GEN[155].MIDDLE_CELLS.cell_inst_mid/r_symbol_reg[6]
  -------------------------------------------------------------------
                         required time                          0.243    
                         arrival time                          -0.171    
  -------------------------------------------------------------------
                         slack                                  0.072    

Slack (MET) :             0.075ns  (arrival time - required time)
  Source:                 CANONICAL_CODE_GENERATE_INST/dict_wr_addr_reg[3]/C
                            (rising edge-triggered cell FDRE clocked by clk_out1_clk_wiz_0_1  {rise@0.000ns fall@12.500ns period=25.000ns})
  Destination:            CANONICAL_CODE_GENERATE_INST/DICTIONARY_BRAM/ram_name_reg/ADDRBWRADDR[8]
                            (rising edge-triggered cell RAMB18E1 clocked by clk_out1_clk_wiz_0  {rise@0.000ns fall@12.500ns period=25.000ns})
  Path Group:             clk_out1_clk_wiz_0
  Path Type:              Hold (Min at Fast Process Corner)
  Requirement:            0.000ns  (clk_out1_clk_wiz_0 rise@0.000ns - clk_out1_clk_wiz_0_1 rise@0.000ns)
  Data Path Delay:        0.400ns  (logic 0.141ns (35.278%)  route 0.259ns (64.722%))
  Logic Levels:           0  
  Clock Path Skew:        0.058ns (DCD - SCD - CPR)
    Destination Clock Delay (DCD):    -0.732ns
    Source Clock Delay      (SCD):    -0.541ns
    Clock Pessimism Removal (CPR):    -0.250ns
  Clock Uncertainty:      0.083ns  ((TSJ^2 + DJ^2)^1/2) / 2 + PE
    Total System Jitter     (TSJ):    0.071ns
    Discrete Jitter          (DJ):    0.151ns
    Phase Error              (PE):    0.000ns
  Clock Domain Crossing:  Inter clock paths are considered valid unless explicitly excluded by timing constraints such as set_clock_groups or set_false_path.

    Location             Delay type                Incr(ns)  Path(ns)    Netlist Resource(s)
  -------------------------------------------------------------------    -------------------
                         (clock clk_out1_clk_wiz_0_1 rise edge)
                                                      0.000     0.000 r  
    H16                                               0.000     0.000 r  clk (IN)
                         net (fo=0)                   0.000     0.000    CLOCK_WIZ_INST/inst/clk_in1
    H16                  IBUF (Prop_ibuf_I_O)         0.219     0.219 r  CLOCK_WIZ_INST/inst/clkin1_ibufg/O
                         net (fo=1, routed)           0.440     0.659    CLOCK_WIZ_INST/inst/clk_in1_clk_wiz_0
    MMCME2_ADV_X1Y2      MMCME2_ADV (Prop_mmcme2_adv_CLKIN1_CLKOUT0)
                                                     -2.613    -1.954 r  CLOCK_WIZ_INST/inst/mmcm_adv_inst/CLKOUT0
                         net (fo=1, routed)           0.696    -1.257    CLOCK_WIZ_INST/inst/clk_out1_clk_wiz_0
    BUFGCTRL_X0Y16       BUFG (Prop_bufg_I_O)         0.026    -1.231 r  CLOCK_WIZ_INST/inst/clkout1_buf/O
                         net (fo=14289, routed)       0.690    -0.541    CANONICAL_CODE_GENERATE_INST/clk
    SLICE_X105Y105       FDRE                                         r  CANONICAL_CODE_GENERATE_INST/dict_wr_addr_reg[3]/C
  -------------------------------------------------------------------    -------------------
    SLICE_X105Y105       FDRE (Prop_fdre_C_Q)         0.141    -0.400 r  CANONICAL_CODE_GENERATE_INST/dict_wr_addr_reg[3]/Q
                         net (fo=1, routed)           0.259    -0.141    CANONICAL_CODE_GENERATE_INST/DICTIONARY_BRAM/addra[3]
    RAMB18_X5Y42         RAMB18E1                                     r  CANONICAL_CODE_GENERATE_INST/DICTIONARY_BRAM/ram_name_reg/ADDRBWRADDR[8]
  -------------------------------------------------------------------    -------------------

                         (clock clk_out1_clk_wiz_0 rise edge)
                                                      0.000     0.000 r  
    H16                                               0.000     0.000 r  clk (IN)
                         net (fo=0)                   0.000     0.000    CLOCK_WIZ_INST/inst/clk_in1
    H16                  IBUF (Prop_ibuf_I_O)         0.406     0.406 r  CLOCK_WIZ_INST/inst/clkin1_ibufg/O
                         net (fo=1, routed)           0.480     0.886    CLOCK_WIZ_INST/inst/clk_in1_clk_wiz_0
    MMCME2_ADV_X1Y2      MMCME2_ADV (Prop_mmcme2_adv_CLKIN1_CLKOUT0)
                                                     -3.407    -2.521 r  CLOCK_WIZ_INST/inst/mmcm_adv_inst/CLKOUT0
                         net (fo=1, routed)           0.752    -1.769    CLOCK_WIZ_INST/inst/clk_out1_clk_wiz_0
    BUFGCTRL_X0Y16       BUFG (Prop_bufg_I_O)         0.029    -1.740 r  CLOCK_WIZ_INST/inst/clkout1_buf/O
                         net (fo=14289, routed)       1.007    -0.732    CANONICAL_CODE_GENERATE_INST/DICTIONARY_BRAM/clka
    RAMB18_X5Y42         RAMB18E1                                     r  CANONICAL_CODE_GENERATE_INST/DICTIONARY_BRAM/ram_name_reg/CLKBWRCLK
                         clock pessimism              0.250    -0.483    
                         clock uncertainty            0.083    -0.399    
    RAMB18_X5Y42         RAMB18E1 (Hold_ramb18e1_CLKBWRCLK_ADDRBWRADDR[8])
                                                      0.183    -0.216    CANONICAL_CODE_GENERATE_INST/DICTIONARY_BRAM/ram_name_reg
  -------------------------------------------------------------------
                         required time                          0.216    
                         arrival time                          -0.141    
  -------------------------------------------------------------------
                         slack                                  0.075    

Slack (MET) :             0.076ns  (arrival time - required time)
  Source:                 TREE_GENERATE_INST/tree_addr_reg_reg[2]/C
                            (rising edge-triggered cell FDRE clocked by clk_out1_clk_wiz_0_1  {rise@0.000ns fall@12.500ns period=25.000ns})
  Destination:            TREE_GENERATE_INST/LEFT_CHILD/ram_name_reg/ADDRARDADDR[6]
                            (rising edge-triggered cell RAMB18E1 clocked by clk_out1_clk_wiz_0  {rise@0.000ns fall@12.500ns period=25.000ns})
  Path Group:             clk_out1_clk_wiz_0
  Path Type:              Hold (Min at Fast Process Corner)
  Requirement:            0.000ns  (clk_out1_clk_wiz_0 rise@0.000ns - clk_out1_clk_wiz_0_1 rise@0.000ns)
  Data Path Delay:        0.394ns  (logic 0.141ns (35.794%)  route 0.253ns (64.206%))
  Logic Levels:           0  
  Clock Path Skew:        0.051ns (DCD - SCD - CPR)
    Destination Clock Delay (DCD):    -0.836ns
    Source Clock Delay      (SCD):    -0.633ns
    Clock Pessimism Removal (CPR):    -0.254ns
  Clock Uncertainty:      0.083ns  ((TSJ^2 + DJ^2)^1/2) / 2 + PE
    Total System Jitter     (TSJ):    0.071ns
    Discrete Jitter          (DJ):    0.151ns
    Phase Error              (PE):    0.000ns
  Clock Domain Crossing:  Inter clock paths are considered valid unless explicitly excluded by timing constraints such as set_clock_groups or set_false_path.

    Location             Delay type                Incr(ns)  Path(ns)    Netlist Resource(s)
  -------------------------------------------------------------------    -------------------
                         (clock clk_out1_clk_wiz_0_1 rise edge)
                                                      0.000     0.000 r  
    H16                                               0.000     0.000 r  clk (IN)
                         net (fo=0)                   0.000     0.000    CLOCK_WIZ_INST/inst/clk_in1
    H16                  IBUF (Prop_ibuf_I_O)         0.219     0.219 r  CLOCK_WIZ_INST/inst/clkin1_ibufg/O
                         net (fo=1, routed)           0.440     0.659    CLOCK_WIZ_INST/inst/clk_in1_clk_wiz_0
    MMCME2_ADV_X1Y2      MMCME2_ADV (Prop_mmcme2_adv_CLKIN1_CLKOUT0)
                                                     -2.613    -1.954 r  CLOCK_WIZ_INST/inst/mmcm_adv_inst/CLKOUT0
                         net (fo=1, routed)           0.696    -1.257    CLOCK_WIZ_INST/inst/clk_out1_clk_wiz_0
    BUFGCTRL_X0Y16       BUFG (Prop_bufg_I_O)         0.026    -1.231 r  CLOCK_WIZ_INST/inst/clkout1_buf/O
                         net (fo=14289, routed)       0.598    -0.633    TREE_GENERATE_INST/clk
    SLICE_X91Y69         FDRE                                         r  TREE_GENERATE_INST/tree_addr_reg_reg[2]/C
  -------------------------------------------------------------------    -------------------
    SLICE_X91Y69         FDRE (Prop_fdre_C_Q)         0.141    -0.492 r  TREE_GENERATE_INST/tree_addr_reg_reg[2]/Q
                         net (fo=2, routed)           0.253    -0.239    TREE_GENERATE_INST/LEFT_CHILD/addra[2]
    RAMB18_X4Y29         RAMB18E1                                     r  TREE_GENERATE_INST/LEFT_CHILD/ram_name_reg/ADDRARDADDR[6]
  -------------------------------------------------------------------    -------------------

                         (clock clk_out1_clk_wiz_0 rise edge)
                                                      0.000     0.000 r  
    H16                                               0.000     0.000 r  clk (IN)
                         net (fo=0)                   0.000     0.000    CLOCK_WIZ_INST/inst/clk_in1
    H16                  IBUF (Prop_ibuf_I_O)         0.406     0.406 r  CLOCK_WIZ_INST/inst/clkin1_ibufg/O
                         net (fo=1, routed)           0.480     0.886    CLOCK_WIZ_INST/inst/clk_in1_clk_wiz_0
    MMCME2_ADV_X1Y2      MMCME2_ADV (Prop_mmcme2_adv_CLKIN1_CLKOUT0)
                                                     -3.407    -2.521 r  CLOCK_WIZ_INST/inst/mmcm_adv_inst/CLKOUT0
                         net (fo=1, routed)           0.752    -1.769    CLOCK_WIZ_INST/inst/clk_out1_clk_wiz_0
    BUFGCTRL_X0Y16       BUFG (Prop_bufg_I_O)         0.029    -1.740 r  CLOCK_WIZ_INST/inst/clkout1_buf/O
                         net (fo=14289, routed)       0.903    -0.836    TREE_GENERATE_INST/LEFT_CHILD/clka
    RAMB18_X4Y29         RAMB18E1                                     r  TREE_GENERATE_INST/LEFT_CHILD/ram_name_reg/CLKARDCLK
                         clock pessimism              0.254    -0.582    
                         clock uncertainty            0.083    -0.499    
    RAMB18_X4Y29         RAMB18E1 (Hold_ramb18e1_CLKARDCLK_ADDRARDADDR[6])
                                                      0.183    -0.316    TREE_GENERATE_INST/LEFT_CHILD/ram_name_reg
  -------------------------------------------------------------------
                         required time                          0.316    
                         arrival time                          -0.239    
  -------------------------------------------------------------------
                         slack                                  0.076    

Slack (MET) :             0.076ns  (arrival time - required time)
  Source:                 TREE_GENERATE_INST/tree_addr_reg_reg[2]/C
                            (rising edge-triggered cell FDRE clocked by clk_out1_clk_wiz_0_1  {rise@0.000ns fall@12.500ns period=25.000ns})
  Destination:            TREE_GENERATE_INST/RIGHT_CHILD/ram_name_reg/ADDRARDADDR[6]
                            (rising edge-triggered cell RAMB18E1 clocked by clk_out1_clk_wiz_0  {rise@0.000ns fall@12.500ns period=25.000ns})
  Path Group:             clk_out1_clk_wiz_0
  Path Type:              Hold (Min at Fast Process Corner)
  Requirement:            0.000ns  (clk_out1_clk_wiz_0 rise@0.000ns - clk_out1_clk_wiz_0_1 rise@0.000ns)
  Data Path Delay:        0.394ns  (logic 0.141ns (35.794%)  route 0.253ns (64.206%))
  Logic Levels:           0  
  Clock Path Skew:        0.051ns (DCD - SCD - CPR)
    Destination Clock Delay (DCD):    -0.836ns
    Source Clock Delay      (SCD):    -0.633ns
    Clock Pessimism Removal (CPR):    -0.254ns
  Clock Uncertainty:      0.083ns  ((TSJ^2 + DJ^2)^1/2) / 2 + PE
    Total System Jitter     (TSJ):    0.071ns
    Discrete Jitter          (DJ):    0.151ns
    Phase Error              (PE):    0.000ns
  Clock Domain Crossing:  Inter clock paths are considered valid unless explicitly excluded by timing constraints such as set_clock_groups or set_false_path.

    Location             Delay type                Incr(ns)  Path(ns)    Netlist Resource(s)
  -------------------------------------------------------------------    -------------------
                         (clock clk_out1_clk_wiz_0_1 rise edge)
                                                      0.000     0.000 r  
    H16                                               0.000     0.000 r  clk (IN)
                         net (fo=0)                   0.000     0.000    CLOCK_WIZ_INST/inst/clk_in1
    H16                  IBUF (Prop_ibuf_I_O)         0.219     0.219 r  CLOCK_WIZ_INST/inst/clkin1_ibufg/O
                         net (fo=1, routed)           0.440     0.659    CLOCK_WIZ_INST/inst/clk_in1_clk_wiz_0
    MMCME2_ADV_X1Y2      MMCME2_ADV (Prop_mmcme2_adv_CLKIN1_CLKOUT0)
                                                     -2.613    -1.954 r  CLOCK_WIZ_INST/inst/mmcm_adv_inst/CLKOUT0
                         net (fo=1, routed)           0.696    -1.257    CLOCK_WIZ_INST/inst/clk_out1_clk_wiz_0
    BUFGCTRL_X0Y16       BUFG (Prop_bufg_I_O)         0.026    -1.231 r  CLOCK_WIZ_INST/inst/clkout1_buf/O
                         net (fo=14289, routed)       0.598    -0.633    TREE_GENERATE_INST/clk
    SLICE_X91Y69         FDRE                                         r  TREE_GENERATE_INST/tree_addr_reg_reg[2]/C
  -------------------------------------------------------------------    -------------------
    SLICE_X91Y69         FDRE (Prop_fdre_C_Q)         0.141    -0.492 r  TREE_GENERATE_INST/tree_addr_reg_reg[2]/Q
                         net (fo=2, routed)           0.253    -0.239    TREE_GENERATE_INST/RIGHT_CHILD/addra[2]
    RAMB18_X4Y28         RAMB18E1                                     r  TREE_GENERATE_INST/RIGHT_CHILD/ram_name_reg/ADDRARDADDR[6]
  -------------------------------------------------------------------    -------------------

                         (clock clk_out1_clk_wiz_0 rise edge)
                                                      0.000     0.000 r  
    H16                                               0.000     0.000 r  clk (IN)
                         net (fo=0)                   0.000     0.000    CLOCK_WIZ_INST/inst/clk_in1
    H16                  IBUF (Prop_ibuf_I_O)         0.406     0.406 r  CLOCK_WIZ_INST/inst/clkin1_ibufg/O
                         net (fo=1, routed)           0.480     0.886    CLOCK_WIZ_INST/inst/clk_in1_clk_wiz_0
    MMCME2_ADV_X1Y2      MMCME2_ADV (Prop_mmcme2_adv_CLKIN1_CLKOUT0)
                                                     -3.407    -2.521 r  CLOCK_WIZ_INST/inst/mmcm_adv_inst/CLKOUT0
                         net (fo=1, routed)           0.752    -1.769    CLOCK_WIZ_INST/inst/clk_out1_clk_wiz_0
    BUFGCTRL_X0Y16       BUFG (Prop_bufg_I_O)         0.029    -1.740 r  CLOCK_WIZ_INST/inst/clkout1_buf/O
                         net (fo=14289, routed)       0.903    -0.836    TREE_GENERATE_INST/RIGHT_CHILD/clka
    RAMB18_X4Y28         RAMB18E1                                     r  TREE_GENERATE_INST/RIGHT_CHILD/ram_name_reg/CLKARDCLK
                         clock pessimism              0.254    -0.582    
                         clock uncertainty            0.083    -0.499    
    RAMB18_X4Y28         RAMB18E1 (Hold_ramb18e1_CLKARDCLK_ADDRARDADDR[6])
                                                      0.183    -0.316    TREE_GENERATE_INST/RIGHT_CHILD/ram_name_reg
  -------------------------------------------------------------------
                         required time                          0.316    
                         arrival time                          -0.239    
  -------------------------------------------------------------------
                         slack                                  0.076    

Slack (MET) :             0.078ns  (arrival time - required time)
  Source:                 TREE_GENERATE_INST/tree_addr_reg_reg[4]/C
                            (rising edge-triggered cell FDRE clocked by clk_out1_clk_wiz_0_1  {rise@0.000ns fall@12.500ns period=25.000ns})
  Destination:            TREE_GENERATE_INST/LEFT_CHILD/ram_name_reg/ADDRARDADDR[8]
                            (rising edge-triggered cell RAMB18E1 clocked by clk_out1_clk_wiz_0  {rise@0.000ns fall@12.500ns period=25.000ns})
  Path Group:             clk_out1_clk_wiz_0
  Path Type:              Hold (Min at Fast Process Corner)
  Requirement:            0.000ns  (clk_out1_clk_wiz_0 rise@0.000ns - clk_out1_clk_wiz_0_1 rise@0.000ns)
  Data Path Delay:        0.395ns  (logic 0.141ns (35.653%)  route 0.254ns (64.347%))
  Logic Levels:           0  
  Clock Path Skew:        0.051ns (DCD - SCD - CPR)
    Destination Clock Delay (DCD):    -0.836ns
    Source Clock Delay      (SCD):    -0.633ns
    Clock Pessimism Removal (CPR):    -0.254ns
  Clock Uncertainty:      0.083ns  ((TSJ^2 + DJ^2)^1/2) / 2 + PE
    Total System Jitter     (TSJ):    0.071ns
    Discrete Jitter          (DJ):    0.151ns
    Phase Error              (PE):    0.000ns
  Clock Domain Crossing:  Inter clock paths are considered valid unless explicitly excluded by timing constraints such as set_clock_groups or set_false_path.

    Location             Delay type                Incr(ns)  Path(ns)    Netlist Resource(s)
  -------------------------------------------------------------------    -------------------
                         (clock clk_out1_clk_wiz_0_1 rise edge)
                                                      0.000     0.000 r  
    H16                                               0.000     0.000 r  clk (IN)
                         net (fo=0)                   0.000     0.000    CLOCK_WIZ_INST/inst/clk_in1
    H16                  IBUF (Prop_ibuf_I_O)         0.219     0.219 r  CLOCK_WIZ_INST/inst/clkin1_ibufg/O
                         net (fo=1, routed)           0.440     0.659    CLOCK_WIZ_INST/inst/clk_in1_clk_wiz_0
    MMCME2_ADV_X1Y2      MMCME2_ADV (Prop_mmcme2_adv_CLKIN1_CLKOUT0)
                                                     -2.613    -1.954 r  CLOCK_WIZ_INST/inst/mmcm_adv_inst/CLKOUT0
                         net (fo=1, routed)           0.696    -1.257    CLOCK_WIZ_INST/inst/clk_out1_clk_wiz_0
    BUFGCTRL_X0Y16       BUFG (Prop_bufg_I_O)         0.026    -1.231 r  CLOCK_WIZ_INST/inst/clkout1_buf/O
                         net (fo=14289, routed)       0.598    -0.633    TREE_GENERATE_INST/clk
    SLICE_X91Y69         FDRE                                         r  TREE_GENERATE_INST/tree_addr_reg_reg[4]/C
  -------------------------------------------------------------------    -------------------
    SLICE_X91Y69         FDRE (Prop_fdre_C_Q)         0.141    -0.492 r  TREE_GENERATE_INST/tree_addr_reg_reg[4]/Q
                         net (fo=2, routed)           0.254    -0.238    TREE_GENERATE_INST/LEFT_CHILD/addra[4]
    RAMB18_X4Y29         RAMB18E1                                     r  TREE_GENERATE_INST/LEFT_CHILD/ram_name_reg/ADDRARDADDR[8]
  -------------------------------------------------------------------    -------------------

                         (clock clk_out1_clk_wiz_0 rise edge)
                                                      0.000     0.000 r  
    H16                                               0.000     0.000 r  clk (IN)
                         net (fo=0)                   0.000     0.000    CLOCK_WIZ_INST/inst/clk_in1
    H16                  IBUF (Prop_ibuf_I_O)         0.406     0.406 r  CLOCK_WIZ_INST/inst/clkin1_ibufg/O
                         net (fo=1, routed)           0.480     0.886    CLOCK_WIZ_INST/inst/clk_in1_clk_wiz_0
    MMCME2_ADV_X1Y2      MMCME2_ADV (Prop_mmcme2_adv_CLKIN1_CLKOUT0)
                                                     -3.407    -2.521 r  CLOCK_WIZ_INST/inst/mmcm_adv_inst/CLKOUT0
                         net (fo=1, routed)           0.752    -1.769    CLOCK_WIZ_INST/inst/clk_out1_clk_wiz_0
    BUFGCTRL_X0Y16       BUFG (Prop_bufg_I_O)         0.029    -1.740 r  CLOCK_WIZ_INST/inst/clkout1_buf/O
                         net (fo=14289, routed)       0.903    -0.836    TREE_GENERATE_INST/LEFT_CHILD/clka
    RAMB18_X4Y29         RAMB18E1                                     r  TREE_GENERATE_INST/LEFT_CHILD/ram_name_reg/CLKARDCLK
                         clock pessimism              0.254    -0.582    
                         clock uncertainty            0.083    -0.499    
    RAMB18_X4Y29         RAMB18E1 (Hold_ramb18e1_CLKARDCLK_ADDRARDADDR[8])
                                                      0.183    -0.316    TREE_GENERATE_INST/LEFT_CHILD/ram_name_reg
  -------------------------------------------------------------------
                         required time                          0.316    
                         arrival time                          -0.238    
  -------------------------------------------------------------------
                         slack                                  0.078    





---------------------------------------------------------------------------------------------------
From Clock:  clk_out1_clk_wiz_0
  To Clock:  clk_out1_clk_wiz_0_1

Setup :            0  Failing Endpoints,  Worst Slack        0.352ns,  Total Violation        0.000ns
Hold  :            0  Failing Endpoints,  Worst Slack        0.024ns,  Total Violation        0.000ns
---------------------------------------------------------------------------------------------------


Max Delay Paths
--------------------------------------------------------------------------------------
Slack (MET) :             0.352ns  (required time - arrival time)
  Source:                 TREE_GENERATE_INST/SORTER/CELL_ARRAY_GEN[254].MIDDLE_CELLS.cell_inst_mid_i_339_psbram_2/C
                            (rising edge-triggered cell FDRE clocked by clk_out1_clk_wiz_0  {rise@0.000ns fall@12.500ns period=25.000ns})
  Destination:            TREE_GENERATE_INST/SORTER/CELL_ARRAY_GEN[216].MIDDLE_CELLS.cell_inst_mid/r_freq_reg[8]/CE
                            (rising edge-triggered cell FDRE clocked by clk_out1_clk_wiz_0_1  {rise@0.000ns fall@12.500ns period=25.000ns})
  Path Group:             clk_out1_clk_wiz_0_1
  Path Type:              Setup (Max at Slow Process Corner)
  Requirement:            25.000ns  (clk_out1_clk_wiz_0_1 rise@25.000ns - clk_out1_clk_wiz_0 rise@0.000ns)
  Data Path Delay:        24.099ns  (logic 4.565ns (18.943%)  route 19.534ns (81.057%))
  Logic Levels:           19  (CARRY4=4 LUT2=1 LUT3=3 LUT4=1 LUT5=2 LUT6=7 MUXF7=1)
  Clock Path Skew:        -0.089ns (DCD - SCD + CPR)
    Destination Clock Delay (DCD):    -1.631ns = ( 23.369 - 25.000 ) 
    Source Clock Delay      (SCD):    -1.075ns
    Clock Pessimism Removal (CPR):    0.466ns
  Clock Uncertainty:      0.083ns  ((TSJ^2 + DJ^2)^1/2) / 2 + PE
    Total System Jitter     (TSJ):    0.071ns
    Discrete Jitter          (DJ):    0.151ns
    Phase Error              (PE):    0.000ns
  Clock Domain Crossing:  Inter clock paths are considered valid unless explicitly excluded by timing constraints such as set_clock_groups or set_false_path.

    Location             Delay type                Incr(ns)  Path(ns)    Netlist Resource(s)
  -------------------------------------------------------------------    -------------------
                         (clock clk_out1_clk_wiz_0 rise edge)
                                                      0.000     0.000 r  
    H16                                               0.000     0.000 r  clk (IN)
                         net (fo=0)                   0.000     0.000    CLOCK_WIZ_INST/inst/clk_in1
    H16                  IBUF (Prop_ibuf_I_O)         1.451     1.451 r  CLOCK_WIZ_INST/inst/clkin1_ibufg/O
                         net (fo=1, routed)           1.285     2.736    CLOCK_WIZ_INST/inst/clk_in1_clk_wiz_0
    MMCME2_ADV_X1Y2      MMCME2_ADV (Prop_mmcme2_adv_CLKIN1_CLKOUT0)
                                                     -7.759    -5.023 r  CLOCK_WIZ_INST/inst/mmcm_adv_inst/CLKOUT0
                         net (fo=1, routed)           2.206    -2.817    CLOCK_WIZ_INST/inst/clk_out1_clk_wiz_0
    BUFGCTRL_X0Y16       BUFG (Prop_bufg_I_O)         0.101    -2.716 r  CLOCK_WIZ_INST/inst/clkout1_buf/O
                         net (fo=14289, routed)       1.641    -1.075    TREE_GENERATE_INST/SORTER/clk
    SLICE_X48Y67         FDRE                                         r  TREE_GENERATE_INST/SORTER/CELL_ARRAY_GEN[254].MIDDLE_CELLS.cell_inst_mid_i_339_psbram_2/C
  -------------------------------------------------------------------    -------------------
    SLICE_X48Y67         FDRE (Prop_fdre_C_Q)         0.456    -0.619 r  TREE_GENERATE_INST/SORTER/CELL_ARRAY_GEN[254].MIDDLE_CELLS.cell_inst_mid_i_339_psbram_2/Q
                         net (fo=255, routed)         1.759     1.140    TREE_GENERATE_INST/SORTER/input_symbol[0]
    SLICE_X53Y81         LUT6 (Prop_lut6_I1_O)        0.124     1.264 f  TREE_GENERATE_INST/SORTER/CELL_ARRAY_GEN[255].LAST_CELL.cell_inst_last_i_1856/O
                         net (fo=1, routed)           0.642     1.906    TREE_GENERATE_INST/SORTER/CELL_ARRAY_GEN[255].LAST_CELL.cell_inst_last_i_1856_n_0
    SLICE_X54Y80         LUT6 (Prop_lut6_I5_O)        0.124     2.030 f  TREE_GENERATE_INST/SORTER/CELL_ARRAY_GEN[255].LAST_CELL.cell_inst_last_i_1081/O
                         net (fo=3, routed)           1.266     3.296    TREE_GENERATE_INST/SORTER/match_idx_var180_out
    SLICE_X41Y81         LUT3 (Prop_lut3_I0_O)        0.124     3.420 f  TREE_GENERATE_INST/SORTER/CELL_ARRAY_GEN[255].LAST_CELL.cell_inst_last_i_417/O
                         net (fo=6, routed)           0.989     4.409    TREE_GENERATE_INST/SORTER/CELL_ARRAY_GEN[255].LAST_CELL.cell_inst_last_i_417_n_0
    SLICE_X40Y84         LUT5 (Prop_lut5_I2_O)        0.124     4.533 f  TREE_GENERATE_INST/SORTER/CELL_ARRAY_GEN[255].LAST_CELL.cell_inst_last_i_169/O
                         net (fo=8, routed)           0.802     5.335    TREE_GENERATE_INST/SORTER/CELL_ARRAY_GEN[255].LAST_CELL.cell_inst_last_i_169_n_0
    SLICE_X38Y82         LUT3 (Prop_lut3_I1_O)        0.124     5.459 f  TREE_GENERATE_INST/SORTER/CELL_ARRAY_GEN[255].LAST_CELL.cell_inst_last_i_148/O
                         net (fo=10, routed)          1.099     6.558    TREE_GENERATE_INST/SORTER/CELL_ARRAY_GEN[255].LAST_CELL.cell_inst_last_i_148_n_0
    SLICE_X58Y82         LUT6 (Prop_lut6_I5_O)        0.124     6.682 r  TREE_GENERATE_INST/SORTER/CELL_ARRAY_GEN[254].MIDDLE_CELLS.cell_inst_mid_i_42/O
                         net (fo=16, routed)          1.879     8.561    TREE_GENERATE_INST/SORTER/CELL_ARRAY_GEN[254].MIDDLE_CELLS.cell_inst_mid_i_42_n_0
    SLICE_X64Y56         LUT6 (Prop_lut6_I1_O)        0.124     8.685 r  TREE_GENERATE_INST/SORTER/CELL_ARRAY_GEN[255].LAST_CELL.cell_inst_last_i_1357/O
                         net (fo=118, routed)         2.078    10.763    TREE_GENERATE_INST/SORTER/CELL_ARRAY_GEN[255].LAST_CELL.cell_inst_last_i_1357_n_0
    SLICE_X104Y43        LUT6 (Prop_lut6_I2_O)        0.124    10.887 r  TREE_GENERATE_INST/SORTER/CELL_ARRAY_GEN[255].LAST_CELL.cell_inst_last_i_1392/O
                         net (fo=1, routed)           0.820    11.707    TREE_GENERATE_INST/SORTER/CELL_ARRAY_GEN[255].LAST_CELL.cell_inst_last_i_1392_n_0
    SLICE_X104Y42        LUT6 (Prop_lut6_I1_O)        0.124    11.831 r  TREE_GENERATE_INST/SORTER/CELL_ARRAY_GEN[255].LAST_CELL.cell_inst_last_i_799/O
                         net (fo=1, routed)           0.000    11.831    TREE_GENERATE_INST/SORTER/CELL_ARRAY_GEN[255].LAST_CELL.cell_inst_last_i_799_n_0
    SLICE_X104Y42        MUXF7 (Prop_muxf7_I0_O)      0.209    12.040 r  TREE_GENERATE_INST/SORTER/CELL_ARRAY_GEN[255].LAST_CELL.cell_inst_last_i_296/O
                         net (fo=1, routed)           0.759    12.799    TREE_GENERATE_INST/SORTER/CELL_ARRAY_GEN[255].LAST_CELL.cell_inst_last_i_296_n_0
    SLICE_X96Y42         LUT3 (Prop_lut3_I1_O)        0.297    13.096 r  TREE_GENERATE_INST/SORTER/CELL_ARRAY_GEN[255].LAST_CELL.cell_inst_last_i_122/O
                         net (fo=1, routed)           1.069    14.165    TREE_GENERATE_INST/SORTER/CELL_ARRAY_GEN[255].LAST_CELL.cell_inst_last_i_122_n_0
    SLICE_X89Y43         LUT6 (Prop_lut6_I3_O)        0.124    14.289 r  TREE_GENERATE_INST/SORTER/CELL_ARRAY_GEN[255].LAST_CELL.cell_inst_last_i_55/O
                         net (fo=515, routed)         0.860    15.149    TREE_GENERATE_INST/SORTER/freqs[0][0]
    SLICE_X80Y46         CARRY4 (Prop_carry4_CYINIT_CO[3])
                                                      0.580    15.729 r  TREE_GENERATE_INST/SORTER/CELL_ARRAY_GEN[255].LAST_CELL.cell_inst_last_i_54/CO[3]
                         net (fo=1, routed)           0.000    15.729    TREE_GENERATE_INST/SORTER/CELL_ARRAY_GEN[255].LAST_CELL.cell_inst_last_i_54_n_0
    SLICE_X80Y47         CARRY4 (Prop_carry4_CI_CO[3])
                                                      0.114    15.843 r  TREE_GENERATE_INST/SORTER/CELL_ARRAY_GEN[255].LAST_CELL.cell_inst_last_i_53/CO[3]
                         net (fo=1, routed)           0.000    15.843    TREE_GENERATE_INST/SORTER/CELL_ARRAY_GEN[255].LAST_CELL.cell_inst_last_i_53_n_0
    SLICE_X80Y48         CARRY4 (Prop_carry4_CI_O[1])
                                                      0.334    16.177 r  TREE_GENERATE_INST/SORTER/CELL_ARRAY_GEN[255].LAST_CELL.cell_inst_last_i_52/O[1]
                         net (fo=513, routed)         1.816    17.993    TREE_GENERATE_INST/SORTER/plusOp[10]
    SLICE_X53Y47         LUT4 (Prop_lut4_I3_O)        0.303    18.296 r  TREE_GENERATE_INST/SORTER/CELL_ARRAY_GEN[217].MIDDLE_CELLS.cell_inst_mid_i_10/O
                         net (fo=1, routed)           0.000    18.296    TREE_GENERATE_INST/SORTER/CELL_ARRAY_GEN[217].MIDDLE_CELLS.cell_inst_mid_i_10_n_0
    SLICE_X53Y47         CARRY4 (Prop_carry4_S[1]_CO[2])
                                                      0.570    18.866 f  TREE_GENERATE_INST/SORTER/CELL_ARRAY_GEN[217].MIDDLE_CELLS.cell_inst_mid_i_3/CO[2]
                         net (fo=3, routed)           0.663    19.529    TREE_GENERATE_INST/SORTER/CELL_ARRAY_GEN[217].MIDDLE_CELLS.cell_inst_mid_i_3_n_1
    SLICE_X51Y41         LUT5 (Prop_lut5_I2_O)        0.313    19.842 r  TREE_GENERATE_INST/SORTER/CELL_ARRAY_GEN[216].MIDDLE_CELLS.cell_inst_mid_i_1/O
                         net (fo=24, routed)          1.081    20.923    TREE_GENERATE_INST/SORTER/CELL_ARRAY_GEN[216].MIDDLE_CELLS.cell_inst_mid/write_en
    SLICE_X56Y42         LUT2 (Prop_lut2_I0_O)        0.149    21.072 r  TREE_GENERATE_INST/SORTER/CELL_ARRAY_GEN[216].MIDDLE_CELLS.cell_inst_mid/r_freq[13]_i_1/O
                         net (fo=14, routed)          1.951    23.023    TREE_GENERATE_INST/SORTER/CELL_ARRAY_GEN[216].MIDDLE_CELLS.cell_inst_mid/r_symbol
    SLICE_X82Y67         FDRE                                         r  TREE_GENERATE_INST/SORTER/CELL_ARRAY_GEN[216].MIDDLE_CELLS.cell_inst_mid/r_freq_reg[8]/CE
  -------------------------------------------------------------------    -------------------

                         (clock clk_out1_clk_wiz_0_1 rise edge)
                                                     25.000    25.000 r  
    H16                                               0.000    25.000 r  clk (IN)
                         net (fo=0)                   0.000    25.000    CLOCK_WIZ_INST/inst/clk_in1
    H16                  IBUF (Prop_ibuf_I_O)         1.380    26.380 r  CLOCK_WIZ_INST/inst/clkin1_ibufg/O
                         net (fo=1, routed)           1.162    27.542    CLOCK_WIZ_INST/inst/clk_in1_clk_wiz_0
    MMCME2_ADV_X1Y2      MMCME2_ADV (Prop_mmcme2_adv_CLKIN1_CLKOUT0)
                                                     -7.814    19.728 r  CLOCK_WIZ_INST/inst/mmcm_adv_inst/CLKOUT0
                         net (fo=1, routed)           2.012    21.740    CLOCK_WIZ_INST/inst/clk_out1_clk_wiz_0
    BUFGCTRL_X0Y16       BUFG (Prop_bufg_I_O)         0.091    21.831 r  CLOCK_WIZ_INST/inst/clkout1_buf/O
                         net (fo=14289, routed)       1.538    23.369    TREE_GENERATE_INST/SORTER/CELL_ARRAY_GEN[216].MIDDLE_CELLS.cell_inst_mid/clk
    SLICE_X82Y67         FDRE                                         r  TREE_GENERATE_INST/SORTER/CELL_ARRAY_GEN[216].MIDDLE_CELLS.cell_inst_mid/r_freq_reg[8]/C
                         clock pessimism              0.466    23.835    
                         clock uncertainty           -0.083    23.752    
    SLICE_X82Y67         FDRE (Setup_fdre_C_CE)      -0.377    23.375    TREE_GENERATE_INST/SORTER/CELL_ARRAY_GEN[216].MIDDLE_CELLS.cell_inst_mid/r_freq_reg[8]
  -------------------------------------------------------------------
                         required time                         23.375    
                         arrival time                         -23.023    
  -------------------------------------------------------------------
                         slack                                  0.352    

Slack (MET) :             0.352ns  (required time - arrival time)
  Source:                 TREE_GENERATE_INST/SORTER/CELL_ARRAY_GEN[254].MIDDLE_CELLS.cell_inst_mid_i_339_psbram_2/C
                            (rising edge-triggered cell FDRE clocked by clk_out1_clk_wiz_0  {rise@0.000ns fall@12.500ns period=25.000ns})
  Destination:            TREE_GENERATE_INST/SORTER/CELL_ARRAY_GEN[216].MIDDLE_CELLS.cell_inst_mid/r_freq_reg[9]/CE
                            (rising edge-triggered cell FDRE clocked by clk_out1_clk_wiz_0_1  {rise@0.000ns fall@12.500ns period=25.000ns})
  Path Group:             clk_out1_clk_wiz_0_1
  Path Type:              Setup (Max at Slow Process Corner)
  Requirement:            25.000ns  (clk_out1_clk_wiz_0_1 rise@25.000ns - clk_out1_clk_wiz_0 rise@0.000ns)
  Data Path Delay:        24.099ns  (logic 4.565ns (18.943%)  route 19.534ns (81.057%))
  Logic Levels:           19  (CARRY4=4 LUT2=1 LUT3=3 LUT4=1 LUT5=2 LUT6=7 MUXF7=1)
  Clock Path Skew:        -0.089ns (DCD - SCD + CPR)
    Destination Clock Delay (DCD):    -1.631ns = ( 23.369 - 25.000 ) 
    Source Clock Delay      (SCD):    -1.075ns
    Clock Pessimism Removal (CPR):    0.466ns
  Clock Uncertainty:      0.083ns  ((TSJ^2 + DJ^2)^1/2) / 2 + PE
    Total System Jitter     (TSJ):    0.071ns
    Discrete Jitter          (DJ):    0.151ns
    Phase Error              (PE):    0.000ns
  Clock Domain Crossing:  Inter clock paths are considered valid unless explicitly excluded by timing constraints such as set_clock_groups or set_false_path.

    Location             Delay type                Incr(ns)  Path(ns)    Netlist Resource(s)
  -------------------------------------------------------------------    -------------------
                         (clock clk_out1_clk_wiz_0 rise edge)
                                                      0.000     0.000 r  
    H16                                               0.000     0.000 r  clk (IN)
                         net (fo=0)                   0.000     0.000    CLOCK_WIZ_INST/inst/clk_in1
    H16                  IBUF (Prop_ibuf_I_O)         1.451     1.451 r  CLOCK_WIZ_INST/inst/clkin1_ibufg/O
                         net (fo=1, routed)           1.285     2.736    CLOCK_WIZ_INST/inst/clk_in1_clk_wiz_0
    MMCME2_ADV_X1Y2      MMCME2_ADV (Prop_mmcme2_adv_CLKIN1_CLKOUT0)
                                                     -7.759    -5.023 r  CLOCK_WIZ_INST/inst/mmcm_adv_inst/CLKOUT0
                         net (fo=1, routed)           2.206    -2.817    CLOCK_WIZ_INST/inst/clk_out1_clk_wiz_0
    BUFGCTRL_X0Y16       BUFG (Prop_bufg_I_O)         0.101    -2.716 r  CLOCK_WIZ_INST/inst/clkout1_buf/O
                         net (fo=14289, routed)       1.641    -1.075    TREE_GENERATE_INST/SORTER/clk
    SLICE_X48Y67         FDRE                                         r  TREE_GENERATE_INST/SORTER/CELL_ARRAY_GEN[254].MIDDLE_CELLS.cell_inst_mid_i_339_psbram_2/C
  -------------------------------------------------------------------    -------------------
    SLICE_X48Y67         FDRE (Prop_fdre_C_Q)         0.456    -0.619 r  TREE_GENERATE_INST/SORTER/CELL_ARRAY_GEN[254].MIDDLE_CELLS.cell_inst_mid_i_339_psbram_2/Q
                         net (fo=255, routed)         1.759     1.140    TREE_GENERATE_INST/SORTER/input_symbol[0]
    SLICE_X53Y81         LUT6 (Prop_lut6_I1_O)        0.124     1.264 f  TREE_GENERATE_INST/SORTER/CELL_ARRAY_GEN[255].LAST_CELL.cell_inst_last_i_1856/O
                         net (fo=1, routed)           0.642     1.906    TREE_GENERATE_INST/SORTER/CELL_ARRAY_GEN[255].LAST_CELL.cell_inst_last_i_1856_n_0
    SLICE_X54Y80         LUT6 (Prop_lut6_I5_O)        0.124     2.030 f  TREE_GENERATE_INST/SORTER/CELL_ARRAY_GEN[255].LAST_CELL.cell_inst_last_i_1081/O
                         net (fo=3, routed)           1.266     3.296    TREE_GENERATE_INST/SORTER/match_idx_var180_out
    SLICE_X41Y81         LUT3 (Prop_lut3_I0_O)        0.124     3.420 f  TREE_GENERATE_INST/SORTER/CELL_ARRAY_GEN[255].LAST_CELL.cell_inst_last_i_417/O
                         net (fo=6, routed)           0.989     4.409    TREE_GENERATE_INST/SORTER/CELL_ARRAY_GEN[255].LAST_CELL.cell_inst_last_i_417_n_0
    SLICE_X40Y84         LUT5 (Prop_lut5_I2_O)        0.124     4.533 f  TREE_GENERATE_INST/SORTER/CELL_ARRAY_GEN[255].LAST_CELL.cell_inst_last_i_169/O
                         net (fo=8, routed)           0.802     5.335    TREE_GENERATE_INST/SORTER/CELL_ARRAY_GEN[255].LAST_CELL.cell_inst_last_i_169_n_0
    SLICE_X38Y82         LUT3 (Prop_lut3_I1_O)        0.124     5.459 f  TREE_GENERATE_INST/SORTER/CELL_ARRAY_GEN[255].LAST_CELL.cell_inst_last_i_148/O
                         net (fo=10, routed)          1.099     6.558    TREE_GENERATE_INST/SORTER/CELL_ARRAY_GEN[255].LAST_CELL.cell_inst_last_i_148_n_0
    SLICE_X58Y82         LUT6 (Prop_lut6_I5_O)        0.124     6.682 r  TREE_GENERATE_INST/SORTER/CELL_ARRAY_GEN[254].MIDDLE_CELLS.cell_inst_mid_i_42/O
                         net (fo=16, routed)          1.879     8.561    TREE_GENERATE_INST/SORTER/CELL_ARRAY_GEN[254].MIDDLE_CELLS.cell_inst_mid_i_42_n_0
    SLICE_X64Y56         LUT6 (Prop_lut6_I1_O)        0.124     8.685 r  TREE_GENERATE_INST/SORTER/CELL_ARRAY_GEN[255].LAST_CELL.cell_inst_last_i_1357/O
                         net (fo=118, routed)         2.078    10.763    TREE_GENERATE_INST/SORTER/CELL_ARRAY_GEN[255].LAST_CELL.cell_inst_last_i_1357_n_0
    SLICE_X104Y43        LUT6 (Prop_lut6_I2_O)        0.124    10.887 r  TREE_GENERATE_INST/SORTER/CELL_ARRAY_GEN[255].LAST_CELL.cell_inst_last_i_1392/O
                         net (fo=1, routed)           0.820    11.707    TREE_GENERATE_INST/SORTER/CELL_ARRAY_GEN[255].LAST_CELL.cell_inst_last_i_1392_n_0
    SLICE_X104Y42        LUT6 (Prop_lut6_I1_O)        0.124    11.831 r  TREE_GENERATE_INST/SORTER/CELL_ARRAY_GEN[255].LAST_CELL.cell_inst_last_i_799/O
                         net (fo=1, routed)           0.000    11.831    TREE_GENERATE_INST/SORTER/CELL_ARRAY_GEN[255].LAST_CELL.cell_inst_last_i_799_n_0
    SLICE_X104Y42        MUXF7 (Prop_muxf7_I0_O)      0.209    12.040 r  TREE_GENERATE_INST/SORTER/CELL_ARRAY_GEN[255].LAST_CELL.cell_inst_last_i_296/O
                         net (fo=1, routed)           0.759    12.799    TREE_GENERATE_INST/SORTER/CELL_ARRAY_GEN[255].LAST_CELL.cell_inst_last_i_296_n_0
    SLICE_X96Y42         LUT3 (Prop_lut3_I1_O)        0.297    13.096 r  TREE_GENERATE_INST/SORTER/CELL_ARRAY_GEN[255].LAST_CELL.cell_inst_last_i_122/O
                         net (fo=1, routed)           1.069    14.165    TREE_GENERATE_INST/SORTER/CELL_ARRAY_GEN[255].LAST_CELL.cell_inst_last_i_122_n_0
    SLICE_X89Y43         LUT6 (Prop_lut6_I3_O)        0.124    14.289 r  TREE_GENERATE_INST/SORTER/CELL_ARRAY_GEN[255].LAST_CELL.cell_inst_last_i_55/O
                         net (fo=515, routed)         0.860    15.149    TREE_GENERATE_INST/SORTER/freqs[0][0]
    SLICE_X80Y46         CARRY4 (Prop_carry4_CYINIT_CO[3])
                                                      0.580    15.729 r  TREE_GENERATE_INST/SORTER/CELL_ARRAY_GEN[255].LAST_CELL.cell_inst_last_i_54/CO[3]
                         net (fo=1, routed)           0.000    15.729    TREE_GENERATE_INST/SORTER/CELL_ARRAY_GEN[255].LAST_CELL.cell_inst_last_i_54_n_0
    SLICE_X80Y47         CARRY4 (Prop_carry4_CI_CO[3])
                                                      0.114    15.843 r  TREE_GENERATE_INST/SORTER/CELL_ARRAY_GEN[255].LAST_CELL.cell_inst_last_i_53/CO[3]
                         net (fo=1, routed)           0.000    15.843    TREE_GENERATE_INST/SORTER/CELL_ARRAY_GEN[255].LAST_CELL.cell_inst_last_i_53_n_0
    SLICE_X80Y48         CARRY4 (Prop_carry4_CI_O[1])
                                                      0.334    16.177 r  TREE_GENERATE_INST/SORTER/CELL_ARRAY_GEN[255].LAST_CELL.cell_inst_last_i_52/O[1]
                         net (fo=513, routed)         1.816    17.993    TREE_GENERATE_INST/SORTER/plusOp[10]
    SLICE_X53Y47         LUT4 (Prop_lut4_I3_O)        0.303    18.296 r  TREE_GENERATE_INST/SORTER/CELL_ARRAY_GEN[217].MIDDLE_CELLS.cell_inst_mid_i_10/O
                         net (fo=1, routed)           0.000    18.296    TREE_GENERATE_INST/SORTER/CELL_ARRAY_GEN[217].MIDDLE_CELLS.cell_inst_mid_i_10_n_0
    SLICE_X53Y47         CARRY4 (Prop_carry4_S[1]_CO[2])
                                                      0.570    18.866 f  TREE_GENERATE_INST/SORTER/CELL_ARRAY_GEN[217].MIDDLE_CELLS.cell_inst_mid_i_3/CO[2]
                         net (fo=3, routed)           0.663    19.529    TREE_GENERATE_INST/SORTER/CELL_ARRAY_GEN[217].MIDDLE_CELLS.cell_inst_mid_i_3_n_1
    SLICE_X51Y41         LUT5 (Prop_lut5_I2_O)        0.313    19.842 r  TREE_GENERATE_INST/SORTER/CELL_ARRAY_GEN[216].MIDDLE_CELLS.cell_inst_mid_i_1/O
                         net (fo=24, routed)          1.081    20.923    TREE_GENERATE_INST/SORTER/CELL_ARRAY_GEN[216].MIDDLE_CELLS.cell_inst_mid/write_en
    SLICE_X56Y42         LUT2 (Prop_lut2_I0_O)        0.149    21.072 r  TREE_GENERATE_INST/SORTER/CELL_ARRAY_GEN[216].MIDDLE_CELLS.cell_inst_mid/r_freq[13]_i_1/O
                         net (fo=14, routed)          1.951    23.023    TREE_GENERATE_INST/SORTER/CELL_ARRAY_GEN[216].MIDDLE_CELLS.cell_inst_mid/r_symbol
    SLICE_X82Y67         FDRE                                         r  TREE_GENERATE_INST/SORTER/CELL_ARRAY_GEN[216].MIDDLE_CELLS.cell_inst_mid/r_freq_reg[9]/CE
  -------------------------------------------------------------------    -------------------

                         (clock clk_out1_clk_wiz_0_1 rise edge)
                                                     25.000    25.000 r  
    H16                                               0.000    25.000 r  clk (IN)
                         net (fo=0)                   0.000    25.000    CLOCK_WIZ_INST/inst/clk_in1
    H16                  IBUF (Prop_ibuf_I_O)         1.380    26.380 r  CLOCK_WIZ_INST/inst/clkin1_ibufg/O
                         net (fo=1, routed)           1.162    27.542    CLOCK_WIZ_INST/inst/clk_in1_clk_wiz_0
    MMCME2_ADV_X1Y2      MMCME2_ADV (Prop_mmcme2_adv_CLKIN1_CLKOUT0)
                                                     -7.814    19.728 r  CLOCK_WIZ_INST/inst/mmcm_adv_inst/CLKOUT0
                         net (fo=1, routed)           2.012    21.740    CLOCK_WIZ_INST/inst/clk_out1_clk_wiz_0
    BUFGCTRL_X0Y16       BUFG (Prop_bufg_I_O)         0.091    21.831 r  CLOCK_WIZ_INST/inst/clkout1_buf/O
                         net (fo=14289, routed)       1.538    23.369    TREE_GENERATE_INST/SORTER/CELL_ARRAY_GEN[216].MIDDLE_CELLS.cell_inst_mid/clk
    SLICE_X82Y67         FDRE                                         r  TREE_GENERATE_INST/SORTER/CELL_ARRAY_GEN[216].MIDDLE_CELLS.cell_inst_mid/r_freq_reg[9]/C
                         clock pessimism              0.466    23.835    
                         clock uncertainty           -0.083    23.752    
    SLICE_X82Y67         FDRE (Setup_fdre_C_CE)      -0.377    23.375    TREE_GENERATE_INST/SORTER/CELL_ARRAY_GEN[216].MIDDLE_CELLS.cell_inst_mid/r_freq_reg[9]
  -------------------------------------------------------------------
                         required time                         23.375    
                         arrival time                         -23.023    
  -------------------------------------------------------------------
                         slack                                  0.352    

Slack (MET) :             0.379ns  (required time - arrival time)
  Source:                 TREE_GENERATE_INST/SORTER/CELL_ARRAY_GEN[254].MIDDLE_CELLS.cell_inst_mid_i_339_psbram_2/C
                            (rising edge-triggered cell FDRE clocked by clk_out1_clk_wiz_0  {rise@0.000ns fall@12.500ns period=25.000ns})
  Destination:            TREE_GENERATE_INST/SORTER/CELL_ARRAY_GEN[4].MIDDLE_CELLS.cell_inst_mid/r_freq_reg[0]/CE
                            (rising edge-triggered cell FDRE clocked by clk_out1_clk_wiz_0_1  {rise@0.000ns fall@12.500ns period=25.000ns})
  Path Group:             clk_out1_clk_wiz_0_1
  Path Type:              Setup (Max at Slow Process Corner)
  Requirement:            25.000ns  (clk_out1_clk_wiz_0_1 rise@25.000ns - clk_out1_clk_wiz_0 rise@0.000ns)
  Data Path Delay:        24.150ns  (logic 4.474ns (18.526%)  route 19.676ns (81.474%))
  Logic Levels:           19  (CARRY4=4 LUT2=1 LUT3=3 LUT4=1 LUT5=2 LUT6=7 MUXF7=1)
  Clock Path Skew:        -0.016ns (DCD - SCD + CPR)
    Destination Clock Delay (DCD):    -1.543ns = ( 23.457 - 25.000 ) 
    Source Clock Delay      (SCD):    -1.075ns
    Clock Pessimism Removal (CPR):    0.452ns
  Clock Uncertainty:      0.083ns  ((TSJ^2 + DJ^2)^1/2) / 2 + PE
    Total System Jitter     (TSJ):    0.071ns
    Discrete Jitter          (DJ):    0.151ns
    Phase Error              (PE):    0.000ns
  Clock Domain Crossing:  Inter clock paths are considered valid unless explicitly excluded by timing constraints such as set_clock_groups or set_false_path.

    Location             Delay type                Incr(ns)  Path(ns)    Netlist Resource(s)
  -------------------------------------------------------------------    -------------------
                         (clock clk_out1_clk_wiz_0 rise edge)
                                                      0.000     0.000 r  
    H16                                               0.000     0.000 r  clk (IN)
                         net (fo=0)                   0.000     0.000    CLOCK_WIZ_INST/inst/clk_in1
    H16                  IBUF (Prop_ibuf_I_O)         1.451     1.451 r  CLOCK_WIZ_INST/inst/clkin1_ibufg/O
                         net (fo=1, routed)           1.285     2.736    CLOCK_WIZ_INST/inst/clk_in1_clk_wiz_0
    MMCME2_ADV_X1Y2      MMCME2_ADV (Prop_mmcme2_adv_CLKIN1_CLKOUT0)
                                                     -7.759    -5.023 r  CLOCK_WIZ_INST/inst/mmcm_adv_inst/CLKOUT0
                         net (fo=1, routed)           2.206    -2.817    CLOCK_WIZ_INST/inst/clk_out1_clk_wiz_0
    BUFGCTRL_X0Y16       BUFG (Prop_bufg_I_O)         0.101    -2.716 r  CLOCK_WIZ_INST/inst/clkout1_buf/O
                         net (fo=14289, routed)       1.641    -1.075    TREE_GENERATE_INST/SORTER/clk
    SLICE_X48Y67         FDRE                                         r  TREE_GENERATE_INST/SORTER/CELL_ARRAY_GEN[254].MIDDLE_CELLS.cell_inst_mid_i_339_psbram_2/C
  -------------------------------------------------------------------    -------------------
    SLICE_X48Y67         FDRE (Prop_fdre_C_Q)         0.456    -0.619 r  TREE_GENERATE_INST/SORTER/CELL_ARRAY_GEN[254].MIDDLE_CELLS.cell_inst_mid_i_339_psbram_2/Q
                         net (fo=255, routed)         1.759     1.140    TREE_GENERATE_INST/SORTER/input_symbol[0]
    SLICE_X53Y81         LUT6 (Prop_lut6_I1_O)        0.124     1.264 f  TREE_GENERATE_INST/SORTER/CELL_ARRAY_GEN[255].LAST_CELL.cell_inst_last_i_1856/O
                         net (fo=1, routed)           0.642     1.906    TREE_GENERATE_INST/SORTER/CELL_ARRAY_GEN[255].LAST_CELL.cell_inst_last_i_1856_n_0
    SLICE_X54Y80         LUT6 (Prop_lut6_I5_O)        0.124     2.030 f  TREE_GENERATE_INST/SORTER/CELL_ARRAY_GEN[255].LAST_CELL.cell_inst_last_i_1081/O
                         net (fo=3, routed)           1.266     3.296    TREE_GENERATE_INST/SORTER/match_idx_var180_out
    SLICE_X41Y81         LUT3 (Prop_lut3_I0_O)        0.124     3.420 f  TREE_GENERATE_INST/SORTER/CELL_ARRAY_GEN[255].LAST_CELL.cell_inst_last_i_417/O
                         net (fo=6, routed)           0.989     4.409    TREE_GENERATE_INST/SORTER/CELL_ARRAY_GEN[255].LAST_CELL.cell_inst_last_i_417_n_0
    SLICE_X40Y84         LUT5 (Prop_lut5_I2_O)        0.124     4.533 f  TREE_GENERATE_INST/SORTER/CELL_ARRAY_GEN[255].LAST_CELL.cell_inst_last_i_169/O
                         net (fo=8, routed)           0.802     5.335    TREE_GENERATE_INST/SORTER/CELL_ARRAY_GEN[255].LAST_CELL.cell_inst_last_i_169_n_0
    SLICE_X38Y82         LUT3 (Prop_lut3_I1_O)        0.124     5.459 f  TREE_GENERATE_INST/SORTER/CELL_ARRAY_GEN[255].LAST_CELL.cell_inst_last_i_148/O
                         net (fo=10, routed)          1.099     6.558    TREE_GENERATE_INST/SORTER/CELL_ARRAY_GEN[255].LAST_CELL.cell_inst_last_i_148_n_0
    SLICE_X58Y82         LUT6 (Prop_lut6_I5_O)        0.124     6.682 r  TREE_GENERATE_INST/SORTER/CELL_ARRAY_GEN[254].MIDDLE_CELLS.cell_inst_mid_i_42/O
                         net (fo=16, routed)          1.879     8.561    TREE_GENERATE_INST/SORTER/CELL_ARRAY_GEN[254].MIDDLE_CELLS.cell_inst_mid_i_42_n_0
    SLICE_X64Y56         LUT6 (Prop_lut6_I1_O)        0.124     8.685 r  TREE_GENERATE_INST/SORTER/CELL_ARRAY_GEN[255].LAST_CELL.cell_inst_last_i_1357/O
                         net (fo=118, routed)         2.078    10.763    TREE_GENERATE_INST/SORTER/CELL_ARRAY_GEN[255].LAST_CELL.cell_inst_last_i_1357_n_0
    SLICE_X104Y43        LUT6 (Prop_lut6_I2_O)        0.124    10.887 r  TREE_GENERATE_INST/SORTER/CELL_ARRAY_GEN[255].LAST_CELL.cell_inst_last_i_1392/O
                         net (fo=1, routed)           0.820    11.707    TREE_GENERATE_INST/SORTER/CELL_ARRAY_GEN[255].LAST_CELL.cell_inst_last_i_1392_n_0
    SLICE_X104Y42        LUT6 (Prop_lut6_I1_O)        0.124    11.831 r  TREE_GENERATE_INST/SORTER/CELL_ARRAY_GEN[255].LAST_CELL.cell_inst_last_i_799/O
                         net (fo=1, routed)           0.000    11.831    TREE_GENERATE_INST/SORTER/CELL_ARRAY_GEN[255].LAST_CELL.cell_inst_last_i_799_n_0
    SLICE_X104Y42        MUXF7 (Prop_muxf7_I0_O)      0.209    12.040 r  TREE_GENERATE_INST/SORTER/CELL_ARRAY_GEN[255].LAST_CELL.cell_inst_last_i_296/O
                         net (fo=1, routed)           0.759    12.799    TREE_GENERATE_INST/SORTER/CELL_ARRAY_GEN[255].LAST_CELL.cell_inst_last_i_296_n_0
    SLICE_X96Y42         LUT3 (Prop_lut3_I1_O)        0.297    13.096 r  TREE_GENERATE_INST/SORTER/CELL_ARRAY_GEN[255].LAST_CELL.cell_inst_last_i_122/O
                         net (fo=1, routed)           1.069    14.165    TREE_GENERATE_INST/SORTER/CELL_ARRAY_GEN[255].LAST_CELL.cell_inst_last_i_122_n_0
    SLICE_X89Y43         LUT6 (Prop_lut6_I3_O)        0.124    14.289 r  TREE_GENERATE_INST/SORTER/CELL_ARRAY_GEN[255].LAST_CELL.cell_inst_last_i_55/O
                         net (fo=515, routed)         0.860    15.149    TREE_GENERATE_INST/SORTER/freqs[0][0]
    SLICE_X80Y46         CARRY4 (Prop_carry4_CYINIT_CO[3])
                                                      0.580    15.729 r  TREE_GENERATE_INST/SORTER/CELL_ARRAY_GEN[255].LAST_CELL.cell_inst_last_i_54/CO[3]
                         net (fo=1, routed)           0.000    15.729    TREE_GENERATE_INST/SORTER/CELL_ARRAY_GEN[255].LAST_CELL.cell_inst_last_i_54_n_0
    SLICE_X80Y47         CARRY4 (Prop_carry4_CI_CO[3])
                                                      0.114    15.843 r  TREE_GENERATE_INST/SORTER/CELL_ARRAY_GEN[255].LAST_CELL.cell_inst_last_i_53/CO[3]
                         net (fo=1, routed)           0.000    15.843    TREE_GENERATE_INST/SORTER/CELL_ARRAY_GEN[255].LAST_CELL.cell_inst_last_i_53_n_0
    SLICE_X80Y48         CARRY4 (Prop_carry4_CI_O[2])
                                                      0.239    16.082 r  TREE_GENERATE_INST/SORTER/CELL_ARRAY_GEN[255].LAST_CELL.cell_inst_last_i_52/O[2]
                         net (fo=513, routed)         1.877    17.959    TREE_GENERATE_INST/SORTER/plusOp[11]
    SLICE_X53Y51         LUT4 (Prop_lut4_I1_O)        0.302    18.261 r  TREE_GENERATE_INST/SORTER/CELL_ARRAY_GEN[4].MIDDLE_CELLS.cell_inst_mid_i_14/O
                         net (fo=1, routed)           0.000    18.261    TREE_GENERATE_INST/SORTER/CELL_ARRAY_GEN[4].MIDDLE_CELLS.cell_inst_mid_i_14_n_0
    SLICE_X53Y51         CARRY4 (Prop_carry4_S[1]_CO[2])
                                                      0.570    18.831 r  TREE_GENERATE_INST/SORTER/CELL_ARRAY_GEN[4].MIDDLE_CELLS.cell_inst_mid_i_4/CO[2]
                         net (fo=3, routed)           0.910    19.741    TREE_GENERATE_INST/SORTER/CELL_ARRAY_GEN[4].MIDDLE_CELLS.cell_inst_mid_i_4_n_1
    SLICE_X55Y56         LUT5 (Prop_lut5_I4_O)        0.313    20.054 r  TREE_GENERATE_INST/SORTER/CELL_ARRAY_GEN[4].MIDDLE_CELLS.cell_inst_mid_i_1/O
                         net (fo=24, routed)          1.017    21.071    TREE_GENERATE_INST/SORTER/CELL_ARRAY_GEN[4].MIDDLE_CELLS.cell_inst_mid/write_en
    SLICE_X57Y58         LUT2 (Prop_lut2_I0_O)        0.154    21.225 r  TREE_GENERATE_INST/SORTER/CELL_ARRAY_GEN[4].MIDDLE_CELLS.cell_inst_mid/r_freq[13]_i_1/O
                         net (fo=14, routed)          1.850    23.074    TREE_GENERATE_INST/SORTER/CELL_ARRAY_GEN[4].MIDDLE_CELLS.cell_inst_mid/r_symbol
    SLICE_X100Y46        FDRE                                         r  TREE_GENERATE_INST/SORTER/CELL_ARRAY_GEN[4].MIDDLE_CELLS.cell_inst_mid/r_freq_reg[0]/CE
  -------------------------------------------------------------------    -------------------

                         (clock clk_out1_clk_wiz_0_1 rise edge)
                                                     25.000    25.000 r  
    H16                                               0.000    25.000 r  clk (IN)
                         net (fo=0)                   0.000    25.000    CLOCK_WIZ_INST/inst/clk_in1
    H16                  IBUF (Prop_ibuf_I_O)         1.380    26.380 r  CLOCK_WIZ_INST/inst/clkin1_ibufg/O
                         net (fo=1, routed)           1.162    27.542    CLOCK_WIZ_INST/inst/clk_in1_clk_wiz_0
    MMCME2_ADV_X1Y2      MMCME2_ADV (Prop_mmcme2_adv_CLKIN1_CLKOUT0)
                                                     -7.814    19.728 r  CLOCK_WIZ_INST/inst/mmcm_adv_inst/CLKOUT0
                         net (fo=1, routed)           2.012    21.740    CLOCK_WIZ_INST/inst/clk_out1_clk_wiz_0
    BUFGCTRL_X0Y16       BUFG (Prop_bufg_I_O)         0.091    21.831 r  CLOCK_WIZ_INST/inst/clkout1_buf/O
                         net (fo=14289, routed)       1.625    23.457    TREE_GENERATE_INST/SORTER/CELL_ARRAY_GEN[4].MIDDLE_CELLS.cell_inst_mid/clk
    SLICE_X100Y46        FDRE                                         r  TREE_GENERATE_INST/SORTER/CELL_ARRAY_GEN[4].MIDDLE_CELLS.cell_inst_mid/r_freq_reg[0]/C
                         clock pessimism              0.452    23.909    
                         clock uncertainty           -0.083    23.826    
    SLICE_X100Y46        FDRE (Setup_fdre_C_CE)      -0.372    23.454    TREE_GENERATE_INST/SORTER/CELL_ARRAY_GEN[4].MIDDLE_CELLS.cell_inst_mid/r_freq_reg[0]
  -------------------------------------------------------------------
                         required time                         23.454    
                         arrival time                         -23.074    
  -------------------------------------------------------------------
                         slack                                  0.379    

Slack (MET) :             0.379ns  (required time - arrival time)
  Source:                 TREE_GENERATE_INST/SORTER/CELL_ARRAY_GEN[254].MIDDLE_CELLS.cell_inst_mid_i_339_psbram_2/C
                            (rising edge-triggered cell FDRE clocked by clk_out1_clk_wiz_0  {rise@0.000ns fall@12.500ns period=25.000ns})
  Destination:            TREE_GENERATE_INST/SORTER/CELL_ARRAY_GEN[4].MIDDLE_CELLS.cell_inst_mid/r_freq_reg[1]/CE
                            (rising edge-triggered cell FDRE clocked by clk_out1_clk_wiz_0_1  {rise@0.000ns fall@12.500ns period=25.000ns})
  Path Group:             clk_out1_clk_wiz_0_1
  Path Type:              Setup (Max at Slow Process Corner)
  Requirement:            25.000ns  (clk_out1_clk_wiz_0_1 rise@25.000ns - clk_out1_clk_wiz_0 rise@0.000ns)
  Data Path Delay:        24.150ns  (logic 4.474ns (18.526%)  route 19.676ns (81.474%))
  Logic Levels:           19  (CARRY4=4 LUT2=1 LUT3=3 LUT4=1 LUT5=2 LUT6=7 MUXF7=1)
  Clock Path Skew:        -0.016ns (DCD - SCD + CPR)
    Destination Clock Delay (DCD):    -1.543ns = ( 23.457 - 25.000 ) 
    Source Clock Delay      (SCD):    -1.075ns
    Clock Pessimism Removal (CPR):    0.452ns
  Clock Uncertainty:      0.083ns  ((TSJ^2 + DJ^2)^1/2) / 2 + PE
    Total System Jitter     (TSJ):    0.071ns
    Discrete Jitter          (DJ):    0.151ns
    Phase Error              (PE):    0.000ns
  Clock Domain Crossing:  Inter clock paths are considered valid unless explicitly excluded by timing constraints such as set_clock_groups or set_false_path.

    Location             Delay type                Incr(ns)  Path(ns)    Netlist Resource(s)
  -------------------------------------------------------------------    -------------------
                         (clock clk_out1_clk_wiz_0 rise edge)
                                                      0.000     0.000 r  
    H16                                               0.000     0.000 r  clk (IN)
                         net (fo=0)                   0.000     0.000    CLOCK_WIZ_INST/inst/clk_in1
    H16                  IBUF (Prop_ibuf_I_O)         1.451     1.451 r  CLOCK_WIZ_INST/inst/clkin1_ibufg/O
                         net (fo=1, routed)           1.285     2.736    CLOCK_WIZ_INST/inst/clk_in1_clk_wiz_0
    MMCME2_ADV_X1Y2      MMCME2_ADV (Prop_mmcme2_adv_CLKIN1_CLKOUT0)
                                                     -7.759    -5.023 r  CLOCK_WIZ_INST/inst/mmcm_adv_inst/CLKOUT0
                         net (fo=1, routed)           2.206    -2.817    CLOCK_WIZ_INST/inst/clk_out1_clk_wiz_0
    BUFGCTRL_X0Y16       BUFG (Prop_bufg_I_O)         0.101    -2.716 r  CLOCK_WIZ_INST/inst/clkout1_buf/O
                         net (fo=14289, routed)       1.641    -1.075    TREE_GENERATE_INST/SORTER/clk
    SLICE_X48Y67         FDRE                                         r  TREE_GENERATE_INST/SORTER/CELL_ARRAY_GEN[254].MIDDLE_CELLS.cell_inst_mid_i_339_psbram_2/C
  -------------------------------------------------------------------    -------------------
    SLICE_X48Y67         FDRE (Prop_fdre_C_Q)         0.456    -0.619 r  TREE_GENERATE_INST/SORTER/CELL_ARRAY_GEN[254].MIDDLE_CELLS.cell_inst_mid_i_339_psbram_2/Q
                         net (fo=255, routed)         1.759     1.140    TREE_GENERATE_INST/SORTER/input_symbol[0]
    SLICE_X53Y81         LUT6 (Prop_lut6_I1_O)        0.124     1.264 f  TREE_GENERATE_INST/SORTER/CELL_ARRAY_GEN[255].LAST_CELL.cell_inst_last_i_1856/O
                         net (fo=1, routed)           0.642     1.906    TREE_GENERATE_INST/SORTER/CELL_ARRAY_GEN[255].LAST_CELL.cell_inst_last_i_1856_n_0
    SLICE_X54Y80         LUT6 (Prop_lut6_I5_O)        0.124     2.030 f  TREE_GENERATE_INST/SORTER/CELL_ARRAY_GEN[255].LAST_CELL.cell_inst_last_i_1081/O
                         net (fo=3, routed)           1.266     3.296    TREE_GENERATE_INST/SORTER/match_idx_var180_out
    SLICE_X41Y81         LUT3 (Prop_lut3_I0_O)        0.124     3.420 f  TREE_GENERATE_INST/SORTER/CELL_ARRAY_GEN[255].LAST_CELL.cell_inst_last_i_417/O
                         net (fo=6, routed)           0.989     4.409    TREE_GENERATE_INST/SORTER/CELL_ARRAY_GEN[255].LAST_CELL.cell_inst_last_i_417_n_0
    SLICE_X40Y84         LUT5 (Prop_lut5_I2_O)        0.124     4.533 f  TREE_GENERATE_INST/SORTER/CELL_ARRAY_GEN[255].LAST_CELL.cell_inst_last_i_169/O
                         net (fo=8, routed)           0.802     5.335    TREE_GENERATE_INST/SORTER/CELL_ARRAY_GEN[255].LAST_CELL.cell_inst_last_i_169_n_0
    SLICE_X38Y82         LUT3 (Prop_lut3_I1_O)        0.124     5.459 f  TREE_GENERATE_INST/SORTER/CELL_ARRAY_GEN[255].LAST_CELL.cell_inst_last_i_148/O
                         net (fo=10, routed)          1.099     6.558    TREE_GENERATE_INST/SORTER/CELL_ARRAY_GEN[255].LAST_CELL.cell_inst_last_i_148_n_0
    SLICE_X58Y82         LUT6 (Prop_lut6_I5_O)        0.124     6.682 r  TREE_GENERATE_INST/SORTER/CELL_ARRAY_GEN[254].MIDDLE_CELLS.cell_inst_mid_i_42/O
                         net (fo=16, routed)          1.879     8.561    TREE_GENERATE_INST/SORTER/CELL_ARRAY_GEN[254].MIDDLE_CELLS.cell_inst_mid_i_42_n_0
    SLICE_X64Y56         LUT6 (Prop_lut6_I1_O)        0.124     8.685 r  TREE_GENERATE_INST/SORTER/CELL_ARRAY_GEN[255].LAST_CELL.cell_inst_last_i_1357/O
                         net (fo=118, routed)         2.078    10.763    TREE_GENERATE_INST/SORTER/CELL_ARRAY_GEN[255].LAST_CELL.cell_inst_last_i_1357_n_0
    SLICE_X104Y43        LUT6 (Prop_lut6_I2_O)        0.124    10.887 r  TREE_GENERATE_INST/SORTER/CELL_ARRAY_GEN[255].LAST_CELL.cell_inst_last_i_1392/O
                         net (fo=1, routed)           0.820    11.707    TREE_GENERATE_INST/SORTER/CELL_ARRAY_GEN[255].LAST_CELL.cell_inst_last_i_1392_n_0
    SLICE_X104Y42        LUT6 (Prop_lut6_I1_O)        0.124    11.831 r  TREE_GENERATE_INST/SORTER/CELL_ARRAY_GEN[255].LAST_CELL.cell_inst_last_i_799/O
                         net (fo=1, routed)           0.000    11.831    TREE_GENERATE_INST/SORTER/CELL_ARRAY_GEN[255].LAST_CELL.cell_inst_last_i_799_n_0
    SLICE_X104Y42        MUXF7 (Prop_muxf7_I0_O)      0.209    12.040 r  TREE_GENERATE_INST/SORTER/CELL_ARRAY_GEN[255].LAST_CELL.cell_inst_last_i_296/O
                         net (fo=1, routed)           0.759    12.799    TREE_GENERATE_INST/SORTER/CELL_ARRAY_GEN[255].LAST_CELL.cell_inst_last_i_296_n_0
    SLICE_X96Y42         LUT3 (Prop_lut3_I1_O)        0.297    13.096 r  TREE_GENERATE_INST/SORTER/CELL_ARRAY_GEN[255].LAST_CELL.cell_inst_last_i_122/O
                         net (fo=1, routed)           1.069    14.165    TREE_GENERATE_INST/SORTER/CELL_ARRAY_GEN[255].LAST_CELL.cell_inst_last_i_122_n_0
    SLICE_X89Y43         LUT6 (Prop_lut6_I3_O)        0.124    14.289 r  TREE_GENERATE_INST/SORTER/CELL_ARRAY_GEN[255].LAST_CELL.cell_inst_last_i_55/O
                         net (fo=515, routed)         0.860    15.149    TREE_GENERATE_INST/SORTER/freqs[0][0]
    SLICE_X80Y46         CARRY4 (Prop_carry4_CYINIT_CO[3])
                                                      0.580    15.729 r  TREE_GENERATE_INST/SORTER/CELL_ARRAY_GEN[255].LAST_CELL.cell_inst_last_i_54/CO[3]
                         net (fo=1, routed)           0.000    15.729    TREE_GENERATE_INST/SORTER/CELL_ARRAY_GEN[255].LAST_CELL.cell_inst_last_i_54_n_0
    SLICE_X80Y47         CARRY4 (Prop_carry4_CI_CO[3])
                                                      0.114    15.843 r  TREE_GENERATE_INST/SORTER/CELL_ARRAY_GEN[255].LAST_CELL.cell_inst_last_i_53/CO[3]
                         net (fo=1, routed)           0.000    15.843    TREE_GENERATE_INST/SORTER/CELL_ARRAY_GEN[255].LAST_CELL.cell_inst_last_i_53_n_0
    SLICE_X80Y48         CARRY4 (Prop_carry4_CI_O[2])
                                                      0.239    16.082 r  TREE_GENERATE_INST/SORTER/CELL_ARRAY_GEN[255].LAST_CELL.cell_inst_last_i_52/O[2]
                         net (fo=513, routed)         1.877    17.959    TREE_GENERATE_INST/SORTER/plusOp[11]
    SLICE_X53Y51         LUT4 (Prop_lut4_I1_O)        0.302    18.261 r  TREE_GENERATE_INST/SORTER/CELL_ARRAY_GEN[4].MIDDLE_CELLS.cell_inst_mid_i_14/O
                         net (fo=1, routed)           0.000    18.261    TREE_GENERATE_INST/SORTER/CELL_ARRAY_GEN[4].MIDDLE_CELLS.cell_inst_mid_i_14_n_0
    SLICE_X53Y51         CARRY4 (Prop_carry4_S[1]_CO[2])
                                                      0.570    18.831 r  TREE_GENERATE_INST/SORTER/CELL_ARRAY_GEN[4].MIDDLE_CELLS.cell_inst_mid_i_4/CO[2]
                         net (fo=3, routed)           0.910    19.741    TREE_GENERATE_INST/SORTER/CELL_ARRAY_GEN[4].MIDDLE_CELLS.cell_inst_mid_i_4_n_1
    SLICE_X55Y56         LUT5 (Prop_lut5_I4_O)        0.313    20.054 r  TREE_GENERATE_INST/SORTER/CELL_ARRAY_GEN[4].MIDDLE_CELLS.cell_inst_mid_i_1/O
                         net (fo=24, routed)          1.017    21.071    TREE_GENERATE_INST/SORTER/CELL_ARRAY_GEN[4].MIDDLE_CELLS.cell_inst_mid/write_en
    SLICE_X57Y58         LUT2 (Prop_lut2_I0_O)        0.154    21.225 r  TREE_GENERATE_INST/SORTER/CELL_ARRAY_GEN[4].MIDDLE_CELLS.cell_inst_mid/r_freq[13]_i_1/O
                         net (fo=14, routed)          1.850    23.074    TREE_GENERATE_INST/SORTER/CELL_ARRAY_GEN[4].MIDDLE_CELLS.cell_inst_mid/r_symbol
    SLICE_X100Y46        FDRE                                         r  TREE_GENERATE_INST/SORTER/CELL_ARRAY_GEN[4].MIDDLE_CELLS.cell_inst_mid/r_freq_reg[1]/CE
  -------------------------------------------------------------------    -------------------

                         (clock clk_out1_clk_wiz_0_1 rise edge)
                                                     25.000    25.000 r  
    H16                                               0.000    25.000 r  clk (IN)
                         net (fo=0)                   0.000    25.000    CLOCK_WIZ_INST/inst/clk_in1
    H16                  IBUF (Prop_ibuf_I_O)         1.380    26.380 r  CLOCK_WIZ_INST/inst/clkin1_ibufg/O
                         net (fo=1, routed)           1.162    27.542    CLOCK_WIZ_INST/inst/clk_in1_clk_wiz_0
    MMCME2_ADV_X1Y2      MMCME2_ADV (Prop_mmcme2_adv_CLKIN1_CLKOUT0)
                                                     -7.814    19.728 r  CLOCK_WIZ_INST/inst/mmcm_adv_inst/CLKOUT0
                         net (fo=1, routed)           2.012    21.740    CLOCK_WIZ_INST/inst/clk_out1_clk_wiz_0
    BUFGCTRL_X0Y16       BUFG (Prop_bufg_I_O)         0.091    21.831 r  CLOCK_WIZ_INST/inst/clkout1_buf/O
                         net (fo=14289, routed)       1.625    23.457    TREE_GENERATE_INST/SORTER/CELL_ARRAY_GEN[4].MIDDLE_CELLS.cell_inst_mid/clk
    SLICE_X100Y46        FDRE                                         r  TREE_GENERATE_INST/SORTER/CELL_ARRAY_GEN[4].MIDDLE_CELLS.cell_inst_mid/r_freq_reg[1]/C
                         clock pessimism              0.452    23.909    
                         clock uncertainty           -0.083    23.826    
    SLICE_X100Y46        FDRE (Setup_fdre_C_CE)      -0.372    23.454    TREE_GENERATE_INST/SORTER/CELL_ARRAY_GEN[4].MIDDLE_CELLS.cell_inst_mid/r_freq_reg[1]
  -------------------------------------------------------------------
                         required time                         23.454    
                         arrival time                         -23.074    
  -------------------------------------------------------------------
                         slack                                  0.379    

Slack (MET) :             0.431ns  (required time - arrival time)
  Source:                 TREE_GENERATE_INST/SORTER/CELL_ARRAY_GEN[254].MIDDLE_CELLS.cell_inst_mid_i_339_psbram_2/C
                            (rising edge-triggered cell FDRE clocked by clk_out1_clk_wiz_0  {rise@0.000ns fall@12.500ns period=25.000ns})
  Destination:            TREE_GENERATE_INST/SORTER/CELL_ARRAY_GEN[218].MIDDLE_CELLS.cell_inst_mid/r_freq_reg[10]/CE
                            (rising edge-triggered cell FDRE clocked by clk_out1_clk_wiz_0_1  {rise@0.000ns fall@12.500ns period=25.000ns})
  Path Group:             clk_out1_clk_wiz_0_1
  Path Type:              Setup (Max at Slow Process Corner)
  Requirement:            25.000ns  (clk_out1_clk_wiz_0_1 rise@25.000ns - clk_out1_clk_wiz_0 rise@0.000ns)
  Data Path Delay:        24.090ns  (logic 4.566ns (18.954%)  route 19.524ns (81.046%))
  Logic Levels:           19  (CARRY4=4 LUT2=1 LUT3=3 LUT4=1 LUT5=2 LUT6=7 MUXF7=1)
  Clock Path Skew:        -0.019ns (DCD - SCD + CPR)
    Destination Clock Delay (DCD):    -1.546ns = ( 23.454 - 25.000 ) 
    Source Clock Delay      (SCD):    -1.075ns
    Clock Pessimism Removal (CPR):    0.452ns
  Clock Uncertainty:      0.083ns  ((TSJ^2 + DJ^2)^1/2) / 2 + PE
    Total System Jitter     (TSJ):    0.071ns
    Discrete Jitter          (DJ):    0.151ns
    Phase Error              (PE):    0.000ns
  Clock Domain Crossing:  Inter clock paths are considered valid unless explicitly excluded by timing constraints such as set_clock_groups or set_false_path.

    Location             Delay type                Incr(ns)  Path(ns)    Netlist Resource(s)
  -------------------------------------------------------------------    -------------------
                         (clock clk_out1_clk_wiz_0 rise edge)
                                                      0.000     0.000 r  
    H16                                               0.000     0.000 r  clk (IN)
                         net (fo=0)                   0.000     0.000    CLOCK_WIZ_INST/inst/clk_in1
    H16                  IBUF (Prop_ibuf_I_O)         1.451     1.451 r  CLOCK_WIZ_INST/inst/clkin1_ibufg/O
                         net (fo=1, routed)           1.285     2.736    CLOCK_WIZ_INST/inst/clk_in1_clk_wiz_0
    MMCME2_ADV_X1Y2      MMCME2_ADV (Prop_mmcme2_adv_CLKIN1_CLKOUT0)
                                                     -7.759    -5.023 r  CLOCK_WIZ_INST/inst/mmcm_adv_inst/CLKOUT0
                         net (fo=1, routed)           2.206    -2.817    CLOCK_WIZ_INST/inst/clk_out1_clk_wiz_0
    BUFGCTRL_X0Y16       BUFG (Prop_bufg_I_O)         0.101    -2.716 r  CLOCK_WIZ_INST/inst/clkout1_buf/O
                         net (fo=14289, routed)       1.641    -1.075    TREE_GENERATE_INST/SORTER/clk
    SLICE_X48Y67         FDRE                                         r  TREE_GENERATE_INST/SORTER/CELL_ARRAY_GEN[254].MIDDLE_CELLS.cell_inst_mid_i_339_psbram_2/C
  -------------------------------------------------------------------    -------------------
    SLICE_X48Y67         FDRE (Prop_fdre_C_Q)         0.456    -0.619 r  TREE_GENERATE_INST/SORTER/CELL_ARRAY_GEN[254].MIDDLE_CELLS.cell_inst_mid_i_339_psbram_2/Q
                         net (fo=255, routed)         1.759     1.140    TREE_GENERATE_INST/SORTER/input_symbol[0]
    SLICE_X53Y81         LUT6 (Prop_lut6_I1_O)        0.124     1.264 f  TREE_GENERATE_INST/SORTER/CELL_ARRAY_GEN[255].LAST_CELL.cell_inst_last_i_1856/O
                         net (fo=1, routed)           0.642     1.906    TREE_GENERATE_INST/SORTER/CELL_ARRAY_GEN[255].LAST_CELL.cell_inst_last_i_1856_n_0
    SLICE_X54Y80         LUT6 (Prop_lut6_I5_O)        0.124     2.030 f  TREE_GENERATE_INST/SORTER/CELL_ARRAY_GEN[255].LAST_CELL.cell_inst_last_i_1081/O
                         net (fo=3, routed)           1.266     3.296    TREE_GENERATE_INST/SORTER/match_idx_var180_out
    SLICE_X41Y81         LUT3 (Prop_lut3_I0_O)        0.124     3.420 f  TREE_GENERATE_INST/SORTER/CELL_ARRAY_GEN[255].LAST_CELL.cell_inst_last_i_417/O
                         net (fo=6, routed)           0.989     4.409    TREE_GENERATE_INST/SORTER/CELL_ARRAY_GEN[255].LAST_CELL.cell_inst_last_i_417_n_0
    SLICE_X40Y84         LUT5 (Prop_lut5_I2_O)        0.124     4.533 f  TREE_GENERATE_INST/SORTER/CELL_ARRAY_GEN[255].LAST_CELL.cell_inst_last_i_169/O
                         net (fo=8, routed)           0.802     5.335    TREE_GENERATE_INST/SORTER/CELL_ARRAY_GEN[255].LAST_CELL.cell_inst_last_i_169_n_0
    SLICE_X38Y82         LUT3 (Prop_lut3_I1_O)        0.124     5.459 f  TREE_GENERATE_INST/SORTER/CELL_ARRAY_GEN[255].LAST_CELL.cell_inst_last_i_148/O
                         net (fo=10, routed)          1.099     6.558    TREE_GENERATE_INST/SORTER/CELL_ARRAY_GEN[255].LAST_CELL.cell_inst_last_i_148_n_0
    SLICE_X58Y82         LUT6 (Prop_lut6_I5_O)        0.124     6.682 r  TREE_GENERATE_INST/SORTER/CELL_ARRAY_GEN[254].MIDDLE_CELLS.cell_inst_mid_i_42/O
                         net (fo=16, routed)          1.879     8.561    TREE_GENERATE_INST/SORTER/CELL_ARRAY_GEN[254].MIDDLE_CELLS.cell_inst_mid_i_42_n_0
    SLICE_X64Y56         LUT6 (Prop_lut6_I1_O)        0.124     8.685 r  TREE_GENERATE_INST/SORTER/CELL_ARRAY_GEN[255].LAST_CELL.cell_inst_last_i_1357/O
                         net (fo=118, routed)         2.078    10.763    TREE_GENERATE_INST/SORTER/CELL_ARRAY_GEN[255].LAST_CELL.cell_inst_last_i_1357_n_0
    SLICE_X104Y43        LUT6 (Prop_lut6_I2_O)        0.124    10.887 r  TREE_GENERATE_INST/SORTER/CELL_ARRAY_GEN[255].LAST_CELL.cell_inst_last_i_1392/O
                         net (fo=1, routed)           0.820    11.707    TREE_GENERATE_INST/SORTER/CELL_ARRAY_GEN[255].LAST_CELL.cell_inst_last_i_1392_n_0
    SLICE_X104Y42        LUT6 (Prop_lut6_I1_O)        0.124    11.831 r  TREE_GENERATE_INST/SORTER/CELL_ARRAY_GEN[255].LAST_CELL.cell_inst_last_i_799/O
                         net (fo=1, routed)           0.000    11.831    TREE_GENERATE_INST/SORTER/CELL_ARRAY_GEN[255].LAST_CELL.cell_inst_last_i_799_n_0
    SLICE_X104Y42        MUXF7 (Prop_muxf7_I0_O)      0.209    12.040 r  TREE_GENERATE_INST/SORTER/CELL_ARRAY_GEN[255].LAST_CELL.cell_inst_last_i_296/O
                         net (fo=1, routed)           0.759    12.799    TREE_GENERATE_INST/SORTER/CELL_ARRAY_GEN[255].LAST_CELL.cell_inst_last_i_296_n_0
    SLICE_X96Y42         LUT3 (Prop_lut3_I1_O)        0.297    13.096 r  TREE_GENERATE_INST/SORTER/CELL_ARRAY_GEN[255].LAST_CELL.cell_inst_last_i_122/O
                         net (fo=1, routed)           1.069    14.165    TREE_GENERATE_INST/SORTER/CELL_ARRAY_GEN[255].LAST_CELL.cell_inst_last_i_122_n_0
    SLICE_X89Y43         LUT6 (Prop_lut6_I3_O)        0.124    14.289 r  TREE_GENERATE_INST/SORTER/CELL_ARRAY_GEN[255].LAST_CELL.cell_inst_last_i_55/O
                         net (fo=515, routed)         0.860    15.149    TREE_GENERATE_INST/SORTER/freqs[0][0]
    SLICE_X80Y46         CARRY4 (Prop_carry4_CYINIT_CO[3])
                                                      0.580    15.729 r  TREE_GENERATE_INST/SORTER/CELL_ARRAY_GEN[255].LAST_CELL.cell_inst_last_i_54/CO[3]
                         net (fo=1, routed)           0.000    15.729    TREE_GENERATE_INST/SORTER/CELL_ARRAY_GEN[255].LAST_CELL.cell_inst_last_i_54_n_0
    SLICE_X80Y47         CARRY4 (Prop_carry4_CI_CO[3])
                                                      0.114    15.843 r  TREE_GENERATE_INST/SORTER/CELL_ARRAY_GEN[255].LAST_CELL.cell_inst_last_i_53/CO[3]
                         net (fo=1, routed)           0.000    15.843    TREE_GENERATE_INST/SORTER/CELL_ARRAY_GEN[255].LAST_CELL.cell_inst_last_i_53_n_0
    SLICE_X80Y48         CARRY4 (Prop_carry4_CI_O[1])
                                                      0.334    16.177 r  TREE_GENERATE_INST/SORTER/CELL_ARRAY_GEN[255].LAST_CELL.cell_inst_last_i_52/O[1]
                         net (fo=513, routed)         1.862    18.039    TREE_GENERATE_INST/SORTER/plusOp[10]
    SLICE_X54Y46         LUT4 (Prop_lut4_I0_O)        0.303    18.342 r  TREE_GENERATE_INST/SORTER/CELL_ARRAY_GEN[218].MIDDLE_CELLS.cell_inst_mid_i_18/O
                         net (fo=1, routed)           0.000    18.342    TREE_GENERATE_INST/SORTER/CELL_ARRAY_GEN[218].MIDDLE_CELLS.cell_inst_mid_i_18_n_0
    SLICE_X54Y46         CARRY4 (Prop_carry4_S[1]_CO[2])
                                                      0.574    18.916 r  TREE_GENERATE_INST/SORTER/CELL_ARRAY_GEN[218].MIDDLE_CELLS.cell_inst_mid_i_4/CO[2]
                         net (fo=3, routed)           0.673    19.588    TREE_GENERATE_INST/SORTER/CELL_ARRAY_GEN[218].MIDDLE_CELLS.cell_inst_mid_i_4_n_1
    SLICE_X54Y41         LUT5 (Prop_lut5_I4_O)        0.310    19.898 r  TREE_GENERATE_INST/SORTER/CELL_ARRAY_GEN[218].MIDDLE_CELLS.cell_inst_mid_i_1/O
                         net (fo=24, routed)          1.148    21.046    TREE_GENERATE_INST/SORTER/CELL_ARRAY_GEN[218].MIDDLE_CELLS.cell_inst_mid/write_en
    SLICE_X52Y39         LUT2 (Prop_lut2_I0_O)        0.149    21.195 r  TREE_GENERATE_INST/SORTER/CELL_ARRAY_GEN[218].MIDDLE_CELLS.cell_inst_mid/r_freq[13]_i_1/O
                         net (fo=14, routed)          1.820    23.015    TREE_GENERATE_INST/SORTER/CELL_ARRAY_GEN[218].MIDDLE_CELLS.cell_inst_mid/r_symbol
    SLICE_X90Y46         FDRE                                         r  TREE_GENERATE_INST/SORTER/CELL_ARRAY_GEN[218].MIDDLE_CELLS.cell_inst_mid/r_freq_reg[10]/CE
  -------------------------------------------------------------------    -------------------

                         (clock clk_out1_clk_wiz_0_1 rise edge)
                                                     25.000    25.000 r  
    H16                                               0.000    25.000 r  clk (IN)
                         net (fo=0)                   0.000    25.000    CLOCK_WIZ_INST/inst/clk_in1
    H16                  IBUF (Prop_ibuf_I_O)         1.380    26.380 r  CLOCK_WIZ_INST/inst/clkin1_ibufg/O
                         net (fo=1, routed)           1.162    27.542    CLOCK_WIZ_INST/inst/clk_in1_clk_wiz_0
    MMCME2_ADV_X1Y2      MMCME2_ADV (Prop_mmcme2_adv_CLKIN1_CLKOUT0)
                                                     -7.814    19.728 r  CLOCK_WIZ_INST/inst/mmcm_adv_inst/CLKOUT0
                         net (fo=1, routed)           2.012    21.740    CLOCK_WIZ_INST/inst/clk_out1_clk_wiz_0
    BUFGCTRL_X0Y16       BUFG (Prop_bufg_I_O)         0.091    21.831 r  CLOCK_WIZ_INST/inst/clkout1_buf/O
                         net (fo=14289, routed)       1.622    23.454    TREE_GENERATE_INST/SORTER/CELL_ARRAY_GEN[218].MIDDLE_CELLS.cell_inst_mid/clk
    SLICE_X90Y46         FDRE                                         r  TREE_GENERATE_INST/SORTER/CELL_ARRAY_GEN[218].MIDDLE_CELLS.cell_inst_mid/r_freq_reg[10]/C
                         clock pessimism              0.452    23.906    
                         clock uncertainty           -0.083    23.823    
    SLICE_X90Y46         FDRE (Setup_fdre_C_CE)      -0.377    23.446    TREE_GENERATE_INST/SORTER/CELL_ARRAY_GEN[218].MIDDLE_CELLS.cell_inst_mid/r_freq_reg[10]
  -------------------------------------------------------------------
                         required time                         23.446    
                         arrival time                         -23.015    
  -------------------------------------------------------------------
                         slack                                  0.431    

Slack (MET) :             0.431ns  (required time - arrival time)
  Source:                 TREE_GENERATE_INST/SORTER/CELL_ARRAY_GEN[254].MIDDLE_CELLS.cell_inst_mid_i_339_psbram_2/C
                            (rising edge-triggered cell FDRE clocked by clk_out1_clk_wiz_0  {rise@0.000ns fall@12.500ns period=25.000ns})
  Destination:            TREE_GENERATE_INST/SORTER/CELL_ARRAY_GEN[218].MIDDLE_CELLS.cell_inst_mid/r_freq_reg[11]/CE
                            (rising edge-triggered cell FDRE clocked by clk_out1_clk_wiz_0_1  {rise@0.000ns fall@12.500ns period=25.000ns})
  Path Group:             clk_out1_clk_wiz_0_1
  Path Type:              Setup (Max at Slow Process Corner)
  Requirement:            25.000ns  (clk_out1_clk_wiz_0_1 rise@25.000ns - clk_out1_clk_wiz_0 rise@0.000ns)
  Data Path Delay:        24.090ns  (logic 4.566ns (18.954%)  route 19.524ns (81.046%))
  Logic Levels:           19  (CARRY4=4 LUT2=1 LUT3=3 LUT4=1 LUT5=2 LUT6=7 MUXF7=1)
  Clock Path Skew:        -0.019ns (DCD - SCD + CPR)
    Destination Clock Delay (DCD):    -1.546ns = ( 23.454 - 25.000 ) 
    Source Clock Delay      (SCD):    -1.075ns
    Clock Pessimism Removal (CPR):    0.452ns
  Clock Uncertainty:      0.083ns  ((TSJ^2 + DJ^2)^1/2) / 2 + PE
    Total System Jitter     (TSJ):    0.071ns
    Discrete Jitter          (DJ):    0.151ns
    Phase Error              (PE):    0.000ns
  Clock Domain Crossing:  Inter clock paths are considered valid unless explicitly excluded by timing constraints such as set_clock_groups or set_false_path.

    Location             Delay type                Incr(ns)  Path(ns)    Netlist Resource(s)
  -------------------------------------------------------------------    -------------------
                         (clock clk_out1_clk_wiz_0 rise edge)
                                                      0.000     0.000 r  
    H16                                               0.000     0.000 r  clk (IN)
                         net (fo=0)                   0.000     0.000    CLOCK_WIZ_INST/inst/clk_in1
    H16                  IBUF (Prop_ibuf_I_O)         1.451     1.451 r  CLOCK_WIZ_INST/inst/clkin1_ibufg/O
                         net (fo=1, routed)           1.285     2.736    CLOCK_WIZ_INST/inst/clk_in1_clk_wiz_0
    MMCME2_ADV_X1Y2      MMCME2_ADV (Prop_mmcme2_adv_CLKIN1_CLKOUT0)
                                                     -7.759    -5.023 r  CLOCK_WIZ_INST/inst/mmcm_adv_inst/CLKOUT0
                         net (fo=1, routed)           2.206    -2.817    CLOCK_WIZ_INST/inst/clk_out1_clk_wiz_0
    BUFGCTRL_X0Y16       BUFG (Prop_bufg_I_O)         0.101    -2.716 r  CLOCK_WIZ_INST/inst/clkout1_buf/O
                         net (fo=14289, routed)       1.641    -1.075    TREE_GENERATE_INST/SORTER/clk
    SLICE_X48Y67         FDRE                                         r  TREE_GENERATE_INST/SORTER/CELL_ARRAY_GEN[254].MIDDLE_CELLS.cell_inst_mid_i_339_psbram_2/C
  -------------------------------------------------------------------    -------------------
    SLICE_X48Y67         FDRE (Prop_fdre_C_Q)         0.456    -0.619 r  TREE_GENERATE_INST/SORTER/CELL_ARRAY_GEN[254].MIDDLE_CELLS.cell_inst_mid_i_339_psbram_2/Q
                         net (fo=255, routed)         1.759     1.140    TREE_GENERATE_INST/SORTER/input_symbol[0]
    SLICE_X53Y81         LUT6 (Prop_lut6_I1_O)        0.124     1.264 f  TREE_GENERATE_INST/SORTER/CELL_ARRAY_GEN[255].LAST_CELL.cell_inst_last_i_1856/O
                         net (fo=1, routed)           0.642     1.906    TREE_GENERATE_INST/SORTER/CELL_ARRAY_GEN[255].LAST_CELL.cell_inst_last_i_1856_n_0
    SLICE_X54Y80         LUT6 (Prop_lut6_I5_O)        0.124     2.030 f  TREE_GENERATE_INST/SORTER/CELL_ARRAY_GEN[255].LAST_CELL.cell_inst_last_i_1081/O
                         net (fo=3, routed)           1.266     3.296    TREE_GENERATE_INST/SORTER/match_idx_var180_out
    SLICE_X41Y81         LUT3 (Prop_lut3_I0_O)        0.124     3.420 f  TREE_GENERATE_INST/SORTER/CELL_ARRAY_GEN[255].LAST_CELL.cell_inst_last_i_417/O
                         net (fo=6, routed)           0.989     4.409    TREE_GENERATE_INST/SORTER/CELL_ARRAY_GEN[255].LAST_CELL.cell_inst_last_i_417_n_0
    SLICE_X40Y84         LUT5 (Prop_lut5_I2_O)        0.124     4.533 f  TREE_GENERATE_INST/SORTER/CELL_ARRAY_GEN[255].LAST_CELL.cell_inst_last_i_169/O
                         net (fo=8, routed)           0.802     5.335    TREE_GENERATE_INST/SORTER/CELL_ARRAY_GEN[255].LAST_CELL.cell_inst_last_i_169_n_0
    SLICE_X38Y82         LUT3 (Prop_lut3_I1_O)        0.124     5.459 f  TREE_GENERATE_INST/SORTER/CELL_ARRAY_GEN[255].LAST_CELL.cell_inst_last_i_148/O
                         net (fo=10, routed)          1.099     6.558    TREE_GENERATE_INST/SORTER/CELL_ARRAY_GEN[255].LAST_CELL.cell_inst_last_i_148_n_0
    SLICE_X58Y82         LUT6 (Prop_lut6_I5_O)        0.124     6.682 r  TREE_GENERATE_INST/SORTER/CELL_ARRAY_GEN[254].MIDDLE_CELLS.cell_inst_mid_i_42/O
                         net (fo=16, routed)          1.879     8.561    TREE_GENERATE_INST/SORTER/CELL_ARRAY_GEN[254].MIDDLE_CELLS.cell_inst_mid_i_42_n_0
    SLICE_X64Y56         LUT6 (Prop_lut6_I1_O)        0.124     8.685 r  TREE_GENERATE_INST/SORTER/CELL_ARRAY_GEN[255].LAST_CELL.cell_inst_last_i_1357/O
                         net (fo=118, routed)         2.078    10.763    TREE_GENERATE_INST/SORTER/CELL_ARRAY_GEN[255].LAST_CELL.cell_inst_last_i_1357_n_0
    SLICE_X104Y43        LUT6 (Prop_lut6_I2_O)        0.124    10.887 r  TREE_GENERATE_INST/SORTER/CELL_ARRAY_GEN[255].LAST_CELL.cell_inst_last_i_1392/O
                         net (fo=1, routed)           0.820    11.707    TREE_GENERATE_INST/SORTER/CELL_ARRAY_GEN[255].LAST_CELL.cell_inst_last_i_1392_n_0
    SLICE_X104Y42        LUT6 (Prop_lut6_I1_O)        0.124    11.831 r  TREE_GENERATE_INST/SORTER/CELL_ARRAY_GEN[255].LAST_CELL.cell_inst_last_i_799/O
                         net (fo=1, routed)           0.000    11.831    TREE_GENERATE_INST/SORTER/CELL_ARRAY_GEN[255].LAST_CELL.cell_inst_last_i_799_n_0
    SLICE_X104Y42        MUXF7 (Prop_muxf7_I0_O)      0.209    12.040 r  TREE_GENERATE_INST/SORTER/CELL_ARRAY_GEN[255].LAST_CELL.cell_inst_last_i_296/O
                         net (fo=1, routed)           0.759    12.799    TREE_GENERATE_INST/SORTER/CELL_ARRAY_GEN[255].LAST_CELL.cell_inst_last_i_296_n_0
    SLICE_X96Y42         LUT3 (Prop_lut3_I1_O)        0.297    13.096 r  TREE_GENERATE_INST/SORTER/CELL_ARRAY_GEN[255].LAST_CELL.cell_inst_last_i_122/O
                         net (fo=1, routed)           1.069    14.165    TREE_GENERATE_INST/SORTER/CELL_ARRAY_GEN[255].LAST_CELL.cell_inst_last_i_122_n_0
    SLICE_X89Y43         LUT6 (Prop_lut6_I3_O)        0.124    14.289 r  TREE_GENERATE_INST/SORTER/CELL_ARRAY_GEN[255].LAST_CELL.cell_inst_last_i_55/O
                         net (fo=515, routed)         0.860    15.149    TREE_GENERATE_INST/SORTER/freqs[0][0]
    SLICE_X80Y46         CARRY4 (Prop_carry4_CYINIT_CO[3])
                                                      0.580    15.729 r  TREE_GENERATE_INST/SORTER/CELL_ARRAY_GEN[255].LAST_CELL.cell_inst_last_i_54/CO[3]
                         net (fo=1, routed)           0.000    15.729    TREE_GENERATE_INST/SORTER/CELL_ARRAY_GEN[255].LAST_CELL.cell_inst_last_i_54_n_0
    SLICE_X80Y47         CARRY4 (Prop_carry4_CI_CO[3])
                                                      0.114    15.843 r  TREE_GENERATE_INST/SORTER/CELL_ARRAY_GEN[255].LAST_CELL.cell_inst_last_i_53/CO[3]
                         net (fo=1, routed)           0.000    15.843    TREE_GENERATE_INST/SORTER/CELL_ARRAY_GEN[255].LAST_CELL.cell_inst_last_i_53_n_0
    SLICE_X80Y48         CARRY4 (Prop_carry4_CI_O[1])
                                                      0.334    16.177 r  TREE_GENERATE_INST/SORTER/CELL_ARRAY_GEN[255].LAST_CELL.cell_inst_last_i_52/O[1]
                         net (fo=513, routed)         1.862    18.039    TREE_GENERATE_INST/SORTER/plusOp[10]
    SLICE_X54Y46         LUT4 (Prop_lut4_I0_O)        0.303    18.342 r  TREE_GENERATE_INST/SORTER/CELL_ARRAY_GEN[218].MIDDLE_CELLS.cell_inst_mid_i_18/O
                         net (fo=1, routed)           0.000    18.342    TREE_GENERATE_INST/SORTER/CELL_ARRAY_GEN[218].MIDDLE_CELLS.cell_inst_mid_i_18_n_0
    SLICE_X54Y46         CARRY4 (Prop_carry4_S[1]_CO[2])
                                                      0.574    18.916 r  TREE_GENERATE_INST/SORTER/CELL_ARRAY_GEN[218].MIDDLE_CELLS.cell_inst_mid_i_4/CO[2]
                         net (fo=3, routed)           0.673    19.588    TREE_GENERATE_INST/SORTER/CELL_ARRAY_GEN[218].MIDDLE_CELLS.cell_inst_mid_i_4_n_1
    SLICE_X54Y41         LUT5 (Prop_lut5_I4_O)        0.310    19.898 r  TREE_GENERATE_INST/SORTER/CELL_ARRAY_GEN[218].MIDDLE_CELLS.cell_inst_mid_i_1/O
                         net (fo=24, routed)          1.148    21.046    TREE_GENERATE_INST/SORTER/CELL_ARRAY_GEN[218].MIDDLE_CELLS.cell_inst_mid/write_en
    SLICE_X52Y39         LUT2 (Prop_lut2_I0_O)        0.149    21.195 r  TREE_GENERATE_INST/SORTER/CELL_ARRAY_GEN[218].MIDDLE_CELLS.cell_inst_mid/r_freq[13]_i_1/O
                         net (fo=14, routed)          1.820    23.015    TREE_GENERATE_INST/SORTER/CELL_ARRAY_GEN[218].MIDDLE_CELLS.cell_inst_mid/r_symbol
    SLICE_X90Y46         FDRE                                         r  TREE_GENERATE_INST/SORTER/CELL_ARRAY_GEN[218].MIDDLE_CELLS.cell_inst_mid/r_freq_reg[11]/CE
  -------------------------------------------------------------------    -------------------

                         (clock clk_out1_clk_wiz_0_1 rise edge)
                                                     25.000    25.000 r  
    H16                                               0.000    25.000 r  clk (IN)
                         net (fo=0)                   0.000    25.000    CLOCK_WIZ_INST/inst/clk_in1
    H16                  IBUF (Prop_ibuf_I_O)         1.380    26.380 r  CLOCK_WIZ_INST/inst/clkin1_ibufg/O
                         net (fo=1, routed)           1.162    27.542    CLOCK_WIZ_INST/inst/clk_in1_clk_wiz_0
    MMCME2_ADV_X1Y2      MMCME2_ADV (Prop_mmcme2_adv_CLKIN1_CLKOUT0)
                                                     -7.814    19.728 r  CLOCK_WIZ_INST/inst/mmcm_adv_inst/CLKOUT0
                         net (fo=1, routed)           2.012    21.740    CLOCK_WIZ_INST/inst/clk_out1_clk_wiz_0
    BUFGCTRL_X0Y16       BUFG (Prop_bufg_I_O)         0.091    21.831 r  CLOCK_WIZ_INST/inst/clkout1_buf/O
                         net (fo=14289, routed)       1.622    23.454    TREE_GENERATE_INST/SORTER/CELL_ARRAY_GEN[218].MIDDLE_CELLS.cell_inst_mid/clk
    SLICE_X90Y46         FDRE                                         r  TREE_GENERATE_INST/SORTER/CELL_ARRAY_GEN[218].MIDDLE_CELLS.cell_inst_mid/r_freq_reg[11]/C
                         clock pessimism              0.452    23.906    
                         clock uncertainty           -0.083    23.823    
    SLICE_X90Y46         FDRE (Setup_fdre_C_CE)      -0.377    23.446    TREE_GENERATE_INST/SORTER/CELL_ARRAY_GEN[218].MIDDLE_CELLS.cell_inst_mid/r_freq_reg[11]
  -------------------------------------------------------------------
                         required time                         23.446    
                         arrival time                         -23.015    
  -------------------------------------------------------------------
                         slack                                  0.431    

Slack (MET) :             0.431ns  (required time - arrival time)
  Source:                 TREE_GENERATE_INST/SORTER/CELL_ARRAY_GEN[254].MIDDLE_CELLS.cell_inst_mid_i_339_psbram_2/C
                            (rising edge-triggered cell FDRE clocked by clk_out1_clk_wiz_0  {rise@0.000ns fall@12.500ns period=25.000ns})
  Destination:            TREE_GENERATE_INST/SORTER/CELL_ARRAY_GEN[218].MIDDLE_CELLS.cell_inst_mid/r_freq_reg[2]/CE
                            (rising edge-triggered cell FDRE clocked by clk_out1_clk_wiz_0_1  {rise@0.000ns fall@12.500ns period=25.000ns})
  Path Group:             clk_out1_clk_wiz_0_1
  Path Type:              Setup (Max at Slow Process Corner)
  Requirement:            25.000ns  (clk_out1_clk_wiz_0_1 rise@25.000ns - clk_out1_clk_wiz_0 rise@0.000ns)
  Data Path Delay:        24.090ns  (logic 4.566ns (18.954%)  route 19.524ns (81.046%))
  Logic Levels:           19  (CARRY4=4 LUT2=1 LUT3=3 LUT4=1 LUT5=2 LUT6=7 MUXF7=1)
  Clock Path Skew:        -0.019ns (DCD - SCD + CPR)
    Destination Clock Delay (DCD):    -1.546ns = ( 23.454 - 25.000 ) 
    Source Clock Delay      (SCD):    -1.075ns
    Clock Pessimism Removal (CPR):    0.452ns
  Clock Uncertainty:      0.083ns  ((TSJ^2 + DJ^2)^1/2) / 2 + PE
    Total System Jitter     (TSJ):    0.071ns
    Discrete Jitter          (DJ):    0.151ns
    Phase Error              (PE):    0.000ns
  Clock Domain Crossing:  Inter clock paths are considered valid unless explicitly excluded by timing constraints such as set_clock_groups or set_false_path.

    Location             Delay type                Incr(ns)  Path(ns)    Netlist Resource(s)
  -------------------------------------------------------------------    -------------------
                         (clock clk_out1_clk_wiz_0 rise edge)
                                                      0.000     0.000 r  
    H16                                               0.000     0.000 r  clk (IN)
                         net (fo=0)                   0.000     0.000    CLOCK_WIZ_INST/inst/clk_in1
    H16                  IBUF (Prop_ibuf_I_O)         1.451     1.451 r  CLOCK_WIZ_INST/inst/clkin1_ibufg/O
                         net (fo=1, routed)           1.285     2.736    CLOCK_WIZ_INST/inst/clk_in1_clk_wiz_0
    MMCME2_ADV_X1Y2      MMCME2_ADV (Prop_mmcme2_adv_CLKIN1_CLKOUT0)
                                                     -7.759    -5.023 r  CLOCK_WIZ_INST/inst/mmcm_adv_inst/CLKOUT0
                         net (fo=1, routed)           2.206    -2.817    CLOCK_WIZ_INST/inst/clk_out1_clk_wiz_0
    BUFGCTRL_X0Y16       BUFG (Prop_bufg_I_O)         0.101    -2.716 r  CLOCK_WIZ_INST/inst/clkout1_buf/O
                         net (fo=14289, routed)       1.641    -1.075    TREE_GENERATE_INST/SORTER/clk
    SLICE_X48Y67         FDRE                                         r  TREE_GENERATE_INST/SORTER/CELL_ARRAY_GEN[254].MIDDLE_CELLS.cell_inst_mid_i_339_psbram_2/C
  -------------------------------------------------------------------    -------------------
    SLICE_X48Y67         FDRE (Prop_fdre_C_Q)         0.456    -0.619 r  TREE_GENERATE_INST/SORTER/CELL_ARRAY_GEN[254].MIDDLE_CELLS.cell_inst_mid_i_339_psbram_2/Q
                         net (fo=255, routed)         1.759     1.140    TREE_GENERATE_INST/SORTER/input_symbol[0]
    SLICE_X53Y81         LUT6 (Prop_lut6_I1_O)        0.124     1.264 f  TREE_GENERATE_INST/SORTER/CELL_ARRAY_GEN[255].LAST_CELL.cell_inst_last_i_1856/O
                         net (fo=1, routed)           0.642     1.906    TREE_GENERATE_INST/SORTER/CELL_ARRAY_GEN[255].LAST_CELL.cell_inst_last_i_1856_n_0
    SLICE_X54Y80         LUT6 (Prop_lut6_I5_O)        0.124     2.030 f  TREE_GENERATE_INST/SORTER/CELL_ARRAY_GEN[255].LAST_CELL.cell_inst_last_i_1081/O
                         net (fo=3, routed)           1.266     3.296    TREE_GENERATE_INST/SORTER/match_idx_var180_out
    SLICE_X41Y81         LUT3 (Prop_lut3_I0_O)        0.124     3.420 f  TREE_GENERATE_INST/SORTER/CELL_ARRAY_GEN[255].LAST_CELL.cell_inst_last_i_417/O
                         net (fo=6, routed)           0.989     4.409    TREE_GENERATE_INST/SORTER/CELL_ARRAY_GEN[255].LAST_CELL.cell_inst_last_i_417_n_0
    SLICE_X40Y84         LUT5 (Prop_lut5_I2_O)        0.124     4.533 f  TREE_GENERATE_INST/SORTER/CELL_ARRAY_GEN[255].LAST_CELL.cell_inst_last_i_169/O
                         net (fo=8, routed)           0.802     5.335    TREE_GENERATE_INST/SORTER/CELL_ARRAY_GEN[255].LAST_CELL.cell_inst_last_i_169_n_0
    SLICE_X38Y82         LUT3 (Prop_lut3_I1_O)        0.124     5.459 f  TREE_GENERATE_INST/SORTER/CELL_ARRAY_GEN[255].LAST_CELL.cell_inst_last_i_148/O
                         net (fo=10, routed)          1.099     6.558    TREE_GENERATE_INST/SORTER/CELL_ARRAY_GEN[255].LAST_CELL.cell_inst_last_i_148_n_0
    SLICE_X58Y82         LUT6 (Prop_lut6_I5_O)        0.124     6.682 r  TREE_GENERATE_INST/SORTER/CELL_ARRAY_GEN[254].MIDDLE_CELLS.cell_inst_mid_i_42/O
                         net (fo=16, routed)          1.879     8.561    TREE_GENERATE_INST/SORTER/CELL_ARRAY_GEN[254].MIDDLE_CELLS.cell_inst_mid_i_42_n_0
    SLICE_X64Y56         LUT6 (Prop_lut6_I1_O)        0.124     8.685 r  TREE_GENERATE_INST/SORTER/CELL_ARRAY_GEN[255].LAST_CELL.cell_inst_last_i_1357/O
                         net (fo=118, routed)         2.078    10.763    TREE_GENERATE_INST/SORTER/CELL_ARRAY_GEN[255].LAST_CELL.cell_inst_last_i_1357_n_0
    SLICE_X104Y43        LUT6 (Prop_lut6_I2_O)        0.124    10.887 r  TREE_GENERATE_INST/SORTER/CELL_ARRAY_GEN[255].LAST_CELL.cell_inst_last_i_1392/O
                         net (fo=1, routed)           0.820    11.707    TREE_GENERATE_INST/SORTER/CELL_ARRAY_GEN[255].LAST_CELL.cell_inst_last_i_1392_n_0
    SLICE_X104Y42        LUT6 (Prop_lut6_I1_O)        0.124    11.831 r  TREE_GENERATE_INST/SORTER/CELL_ARRAY_GEN[255].LAST_CELL.cell_inst_last_i_799/O
                         net (fo=1, routed)           0.000    11.831    TREE_GENERATE_INST/SORTER/CELL_ARRAY_GEN[255].LAST_CELL.cell_inst_last_i_799_n_0
    SLICE_X104Y42        MUXF7 (Prop_muxf7_I0_O)      0.209    12.040 r  TREE_GENERATE_INST/SORTER/CELL_ARRAY_GEN[255].LAST_CELL.cell_inst_last_i_296/O
                         net (fo=1, routed)           0.759    12.799    TREE_GENERATE_INST/SORTER/CELL_ARRAY_GEN[255].LAST_CELL.cell_inst_last_i_296_n_0
    SLICE_X96Y42         LUT3 (Prop_lut3_I1_O)        0.297    13.096 r  TREE_GENERATE_INST/SORTER/CELL_ARRAY_GEN[255].LAST_CELL.cell_inst_last_i_122/O
                         net (fo=1, routed)           1.069    14.165    TREE_GENERATE_INST/SORTER/CELL_ARRAY_GEN[255].LAST_CELL.cell_inst_last_i_122_n_0
    SLICE_X89Y43         LUT6 (Prop_lut6_I3_O)        0.124    14.289 r  TREE_GENERATE_INST/SORTER/CELL_ARRAY_GEN[255].LAST_CELL.cell_inst_last_i_55/O
                         net (fo=515, routed)         0.860    15.149    TREE_GENERATE_INST/SORTER/freqs[0][0]
    SLICE_X80Y46         CARRY4 (Prop_carry4_CYINIT_CO[3])
                                                      0.580    15.729 r  TREE_GENERATE_INST/SORTER/CELL_ARRAY_GEN[255].LAST_CELL.cell_inst_last_i_54/CO[3]
                         net (fo=1, routed)           0.000    15.729    TREE_GENERATE_INST/SORTER/CELL_ARRAY_GEN[255].LAST_CELL.cell_inst_last_i_54_n_0
    SLICE_X80Y47         CARRY4 (Prop_carry4_CI_CO[3])
                                                      0.114    15.843 r  TREE_GENERATE_INST/SORTER/CELL_ARRAY_GEN[255].LAST_CELL.cell_inst_last_i_53/CO[3]
                         net (fo=1, routed)           0.000    15.843    TREE_GENERATE_INST/SORTER/CELL_ARRAY_GEN[255].LAST_CELL.cell_inst_last_i_53_n_0
    SLICE_X80Y48         CARRY4 (Prop_carry4_CI_O[1])
                                                      0.334    16.177 r  TREE_GENERATE_INST/SORTER/CELL_ARRAY_GEN[255].LAST_CELL.cell_inst_last_i_52/O[1]
                         net (fo=513, routed)         1.862    18.039    TREE_GENERATE_INST/SORTER/plusOp[10]
    SLICE_X54Y46         LUT4 (Prop_lut4_I0_O)        0.303    18.342 r  TREE_GENERATE_INST/SORTER/CELL_ARRAY_GEN[218].MIDDLE_CELLS.cell_inst_mid_i_18/O
                         net (fo=1, routed)           0.000    18.342    TREE_GENERATE_INST/SORTER/CELL_ARRAY_GEN[218].MIDDLE_CELLS.cell_inst_mid_i_18_n_0
    SLICE_X54Y46         CARRY4 (Prop_carry4_S[1]_CO[2])
                                                      0.574    18.916 r  TREE_GENERATE_INST/SORTER/CELL_ARRAY_GEN[218].MIDDLE_CELLS.cell_inst_mid_i_4/CO[2]
                         net (fo=3, routed)           0.673    19.588    TREE_GENERATE_INST/SORTER/CELL_ARRAY_GEN[218].MIDDLE_CELLS.cell_inst_mid_i_4_n_1
    SLICE_X54Y41         LUT5 (Prop_lut5_I4_O)        0.310    19.898 r  TREE_GENERATE_INST/SORTER/CELL_ARRAY_GEN[218].MIDDLE_CELLS.cell_inst_mid_i_1/O
                         net (fo=24, routed)          1.148    21.046    TREE_GENERATE_INST/SORTER/CELL_ARRAY_GEN[218].MIDDLE_CELLS.cell_inst_mid/write_en
    SLICE_X52Y39         LUT2 (Prop_lut2_I0_O)        0.149    21.195 r  TREE_GENERATE_INST/SORTER/CELL_ARRAY_GEN[218].MIDDLE_CELLS.cell_inst_mid/r_freq[13]_i_1/O
                         net (fo=14, routed)          1.820    23.015    TREE_GENERATE_INST/SORTER/CELL_ARRAY_GEN[218].MIDDLE_CELLS.cell_inst_mid/r_symbol
    SLICE_X90Y46         FDRE                                         r  TREE_GENERATE_INST/SORTER/CELL_ARRAY_GEN[218].MIDDLE_CELLS.cell_inst_mid/r_freq_reg[2]/CE
  -------------------------------------------------------------------    -------------------

                         (clock clk_out1_clk_wiz_0_1 rise edge)
                                                     25.000    25.000 r  
    H16                                               0.000    25.000 r  clk (IN)
                         net (fo=0)                   0.000    25.000    CLOCK_WIZ_INST/inst/clk_in1
    H16                  IBUF (Prop_ibuf_I_O)         1.380    26.380 r  CLOCK_WIZ_INST/inst/clkin1_ibufg/O
                         net (fo=1, routed)           1.162    27.542    CLOCK_WIZ_INST/inst/clk_in1_clk_wiz_0
    MMCME2_ADV_X1Y2      MMCME2_ADV (Prop_mmcme2_adv_CLKIN1_CLKOUT0)
                                                     -7.814    19.728 r  CLOCK_WIZ_INST/inst/mmcm_adv_inst/CLKOUT0
                         net (fo=1, routed)           2.012    21.740    CLOCK_WIZ_INST/inst/clk_out1_clk_wiz_0
    BUFGCTRL_X0Y16       BUFG (Prop_bufg_I_O)         0.091    21.831 r  CLOCK_WIZ_INST/inst/clkout1_buf/O
                         net (fo=14289, routed)       1.622    23.454    TREE_GENERATE_INST/SORTER/CELL_ARRAY_GEN[218].MIDDLE_CELLS.cell_inst_mid/clk
    SLICE_X90Y46         FDRE                                         r  TREE_GENERATE_INST/SORTER/CELL_ARRAY_GEN[218].MIDDLE_CELLS.cell_inst_mid/r_freq_reg[2]/C
                         clock pessimism              0.452    23.906    
                         clock uncertainty           -0.083    23.823    
    SLICE_X90Y46         FDRE (Setup_fdre_C_CE)      -0.377    23.446    TREE_GENERATE_INST/SORTER/CELL_ARRAY_GEN[218].MIDDLE_CELLS.cell_inst_mid/r_freq_reg[2]
  -------------------------------------------------------------------
                         required time                         23.446    
                         arrival time                         -23.015    
  -------------------------------------------------------------------
                         slack                                  0.431    

Slack (MET) :             0.431ns  (required time - arrival time)
  Source:                 TREE_GENERATE_INST/SORTER/CELL_ARRAY_GEN[254].MIDDLE_CELLS.cell_inst_mid_i_339_psbram_2/C
                            (rising edge-triggered cell FDRE clocked by clk_out1_clk_wiz_0  {rise@0.000ns fall@12.500ns period=25.000ns})
  Destination:            TREE_GENERATE_INST/SORTER/CELL_ARRAY_GEN[218].MIDDLE_CELLS.cell_inst_mid/r_freq_reg[3]/CE
                            (rising edge-triggered cell FDRE clocked by clk_out1_clk_wiz_0_1  {rise@0.000ns fall@12.500ns period=25.000ns})
  Path Group:             clk_out1_clk_wiz_0_1
  Path Type:              Setup (Max at Slow Process Corner)
  Requirement:            25.000ns  (clk_out1_clk_wiz_0_1 rise@25.000ns - clk_out1_clk_wiz_0 rise@0.000ns)
  Data Path Delay:        24.090ns  (logic 4.566ns (18.954%)  route 19.524ns (81.046%))
  Logic Levels:           19  (CARRY4=4 LUT2=1 LUT3=3 LUT4=1 LUT5=2 LUT6=7 MUXF7=1)
  Clock Path Skew:        -0.019ns (DCD - SCD + CPR)
    Destination Clock Delay (DCD):    -1.546ns = ( 23.454 - 25.000 ) 
    Source Clock Delay      (SCD):    -1.075ns
    Clock Pessimism Removal (CPR):    0.452ns
  Clock Uncertainty:      0.083ns  ((TSJ^2 + DJ^2)^1/2) / 2 + PE
    Total System Jitter     (TSJ):    0.071ns
    Discrete Jitter          (DJ):    0.151ns
    Phase Error              (PE):    0.000ns
  Clock Domain Crossing:  Inter clock paths are considered valid unless explicitly excluded by timing constraints such as set_clock_groups or set_false_path.

    Location             Delay type                Incr(ns)  Path(ns)    Netlist Resource(s)
  -------------------------------------------------------------------    -------------------
                         (clock clk_out1_clk_wiz_0 rise edge)
                                                      0.000     0.000 r  
    H16                                               0.000     0.000 r  clk (IN)
                         net (fo=0)                   0.000     0.000    CLOCK_WIZ_INST/inst/clk_in1
    H16                  IBUF (Prop_ibuf_I_O)         1.451     1.451 r  CLOCK_WIZ_INST/inst/clkin1_ibufg/O
                         net (fo=1, routed)           1.285     2.736    CLOCK_WIZ_INST/inst/clk_in1_clk_wiz_0
    MMCME2_ADV_X1Y2      MMCME2_ADV (Prop_mmcme2_adv_CLKIN1_CLKOUT0)
                                                     -7.759    -5.023 r  CLOCK_WIZ_INST/inst/mmcm_adv_inst/CLKOUT0
                         net (fo=1, routed)           2.206    -2.817    CLOCK_WIZ_INST/inst/clk_out1_clk_wiz_0
    BUFGCTRL_X0Y16       BUFG (Prop_bufg_I_O)         0.101    -2.716 r  CLOCK_WIZ_INST/inst/clkout1_buf/O
                         net (fo=14289, routed)       1.641    -1.075    TREE_GENERATE_INST/SORTER/clk
    SLICE_X48Y67         FDRE                                         r  TREE_GENERATE_INST/SORTER/CELL_ARRAY_GEN[254].MIDDLE_CELLS.cell_inst_mid_i_339_psbram_2/C
  -------------------------------------------------------------------    -------------------
    SLICE_X48Y67         FDRE (Prop_fdre_C_Q)         0.456    -0.619 r  TREE_GENERATE_INST/SORTER/CELL_ARRAY_GEN[254].MIDDLE_CELLS.cell_inst_mid_i_339_psbram_2/Q
                         net (fo=255, routed)         1.759     1.140    TREE_GENERATE_INST/SORTER/input_symbol[0]
    SLICE_X53Y81         LUT6 (Prop_lut6_I1_O)        0.124     1.264 f  TREE_GENERATE_INST/SORTER/CELL_ARRAY_GEN[255].LAST_CELL.cell_inst_last_i_1856/O
                         net (fo=1, routed)           0.642     1.906    TREE_GENERATE_INST/SORTER/CELL_ARRAY_GEN[255].LAST_CELL.cell_inst_last_i_1856_n_0
    SLICE_X54Y80         LUT6 (Prop_lut6_I5_O)        0.124     2.030 f  TREE_GENERATE_INST/SORTER/CELL_ARRAY_GEN[255].LAST_CELL.cell_inst_last_i_1081/O
                         net (fo=3, routed)           1.266     3.296    TREE_GENERATE_INST/SORTER/match_idx_var180_out
    SLICE_X41Y81         LUT3 (Prop_lut3_I0_O)        0.124     3.420 f  TREE_GENERATE_INST/SORTER/CELL_ARRAY_GEN[255].LAST_CELL.cell_inst_last_i_417/O
                         net (fo=6, routed)           0.989     4.409    TREE_GENERATE_INST/SORTER/CELL_ARRAY_GEN[255].LAST_CELL.cell_inst_last_i_417_n_0
    SLICE_X40Y84         LUT5 (Prop_lut5_I2_O)        0.124     4.533 f  TREE_GENERATE_INST/SORTER/CELL_ARRAY_GEN[255].LAST_CELL.cell_inst_last_i_169/O
                         net (fo=8, routed)           0.802     5.335    TREE_GENERATE_INST/SORTER/CELL_ARRAY_GEN[255].LAST_CELL.cell_inst_last_i_169_n_0
    SLICE_X38Y82         LUT3 (Prop_lut3_I1_O)        0.124     5.459 f  TREE_GENERATE_INST/SORTER/CELL_ARRAY_GEN[255].LAST_CELL.cell_inst_last_i_148/O
                         net (fo=10, routed)          1.099     6.558    TREE_GENERATE_INST/SORTER/CELL_ARRAY_GEN[255].LAST_CELL.cell_inst_last_i_148_n_0
    SLICE_X58Y82         LUT6 (Prop_lut6_I5_O)        0.124     6.682 r  TREE_GENERATE_INST/SORTER/CELL_ARRAY_GEN[254].MIDDLE_CELLS.cell_inst_mid_i_42/O
                         net (fo=16, routed)          1.879     8.561    TREE_GENERATE_INST/SORTER/CELL_ARRAY_GEN[254].MIDDLE_CELLS.cell_inst_mid_i_42_n_0
    SLICE_X64Y56         LUT6 (Prop_lut6_I1_O)        0.124     8.685 r  TREE_GENERATE_INST/SORTER/CELL_ARRAY_GEN[255].LAST_CELL.cell_inst_last_i_1357/O
                         net (fo=118, routed)         2.078    10.763    TREE_GENERATE_INST/SORTER/CELL_ARRAY_GEN[255].LAST_CELL.cell_inst_last_i_1357_n_0
    SLICE_X104Y43        LUT6 (Prop_lut6_I2_O)        0.124    10.887 r  TREE_GENERATE_INST/SORTER/CELL_ARRAY_GEN[255].LAST_CELL.cell_inst_last_i_1392/O
                         net (fo=1, routed)           0.820    11.707    TREE_GENERATE_INST/SORTER/CELL_ARRAY_GEN[255].LAST_CELL.cell_inst_last_i_1392_n_0
    SLICE_X104Y42        LUT6 (Prop_lut6_I1_O)        0.124    11.831 r  TREE_GENERATE_INST/SORTER/CELL_ARRAY_GEN[255].LAST_CELL.cell_inst_last_i_799/O
                         net (fo=1, routed)           0.000    11.831    TREE_GENERATE_INST/SORTER/CELL_ARRAY_GEN[255].LAST_CELL.cell_inst_last_i_799_n_0
    SLICE_X104Y42        MUXF7 (Prop_muxf7_I0_O)      0.209    12.040 r  TREE_GENERATE_INST/SORTER/CELL_ARRAY_GEN[255].LAST_CELL.cell_inst_last_i_296/O
                         net (fo=1, routed)           0.759    12.799    TREE_GENERATE_INST/SORTER/CELL_ARRAY_GEN[255].LAST_CELL.cell_inst_last_i_296_n_0
    SLICE_X96Y42         LUT3 (Prop_lut3_I1_O)        0.297    13.096 r  TREE_GENERATE_INST/SORTER/CELL_ARRAY_GEN[255].LAST_CELL.cell_inst_last_i_122/O
                         net (fo=1, routed)           1.069    14.165    TREE_GENERATE_INST/SORTER/CELL_ARRAY_GEN[255].LAST_CELL.cell_inst_last_i_122_n_0
    SLICE_X89Y43         LUT6 (Prop_lut6_I3_O)        0.124    14.289 r  TREE_GENERATE_INST/SORTER/CELL_ARRAY_GEN[255].LAST_CELL.cell_inst_last_i_55/O
                         net (fo=515, routed)         0.860    15.149    TREE_GENERATE_INST/SORTER/freqs[0][0]
    SLICE_X80Y46         CARRY4 (Prop_carry4_CYINIT_CO[3])
                                                      0.580    15.729 r  TREE_GENERATE_INST/SORTER/CELL_ARRAY_GEN[255].LAST_CELL.cell_inst_last_i_54/CO[3]
                         net (fo=1, routed)           0.000    15.729    TREE_GENERATE_INST/SORTER/CELL_ARRAY_GEN[255].LAST_CELL.cell_inst_last_i_54_n_0
    SLICE_X80Y47         CARRY4 (Prop_carry4_CI_CO[3])
                                                      0.114    15.843 r  TREE_GENERATE_INST/SORTER/CELL_ARRAY_GEN[255].LAST_CELL.cell_inst_last_i_53/CO[3]
                         net (fo=1, routed)           0.000    15.843    TREE_GENERATE_INST/SORTER/CELL_ARRAY_GEN[255].LAST_CELL.cell_inst_last_i_53_n_0
    SLICE_X80Y48         CARRY4 (Prop_carry4_CI_O[1])
                                                      0.334    16.177 r  TREE_GENERATE_INST/SORTER/CELL_ARRAY_GEN[255].LAST_CELL.cell_inst_last_i_52/O[1]
                         net (fo=513, routed)         1.862    18.039    TREE_GENERATE_INST/SORTER/plusOp[10]
    SLICE_X54Y46         LUT4 (Prop_lut4_I0_O)        0.303    18.342 r  TREE_GENERATE_INST/SORTER/CELL_ARRAY_GEN[218].MIDDLE_CELLS.cell_inst_mid_i_18/O
                         net (fo=1, routed)           0.000    18.342    TREE_GENERATE_INST/SORTER/CELL_ARRAY_GEN[218].MIDDLE_CELLS.cell_inst_mid_i_18_n_0
    SLICE_X54Y46         CARRY4 (Prop_carry4_S[1]_CO[2])
                                                      0.574    18.916 r  TREE_GENERATE_INST/SORTER/CELL_ARRAY_GEN[218].MIDDLE_CELLS.cell_inst_mid_i_4/CO[2]
                         net (fo=3, routed)           0.673    19.588    TREE_GENERATE_INST/SORTER/CELL_ARRAY_GEN[218].MIDDLE_CELLS.cell_inst_mid_i_4_n_1
    SLICE_X54Y41         LUT5 (Prop_lut5_I4_O)        0.310    19.898 r  TREE_GENERATE_INST/SORTER/CELL_ARRAY_GEN[218].MIDDLE_CELLS.cell_inst_mid_i_1/O
                         net (fo=24, routed)          1.148    21.046    TREE_GENERATE_INST/SORTER/CELL_ARRAY_GEN[218].MIDDLE_CELLS.cell_inst_mid/write_en
    SLICE_X52Y39         LUT2 (Prop_lut2_I0_O)        0.149    21.195 r  TREE_GENERATE_INST/SORTER/CELL_ARRAY_GEN[218].MIDDLE_CELLS.cell_inst_mid/r_freq[13]_i_1/O
                         net (fo=14, routed)          1.820    23.015    TREE_GENERATE_INST/SORTER/CELL_ARRAY_GEN[218].MIDDLE_CELLS.cell_inst_mid/r_symbol
    SLICE_X90Y46         FDRE                                         r  TREE_GENERATE_INST/SORTER/CELL_ARRAY_GEN[218].MIDDLE_CELLS.cell_inst_mid/r_freq_reg[3]/CE
  -------------------------------------------------------------------    -------------------

                         (clock clk_out1_clk_wiz_0_1 rise edge)
                                                     25.000    25.000 r  
    H16                                               0.000    25.000 r  clk (IN)
                         net (fo=0)                   0.000    25.000    CLOCK_WIZ_INST/inst/clk_in1
    H16                  IBUF (Prop_ibuf_I_O)         1.380    26.380 r  CLOCK_WIZ_INST/inst/clkin1_ibufg/O
                         net (fo=1, routed)           1.162    27.542    CLOCK_WIZ_INST/inst/clk_in1_clk_wiz_0
    MMCME2_ADV_X1Y2      MMCME2_ADV (Prop_mmcme2_adv_CLKIN1_CLKOUT0)
                                                     -7.814    19.728 r  CLOCK_WIZ_INST/inst/mmcm_adv_inst/CLKOUT0
                         net (fo=1, routed)           2.012    21.740    CLOCK_WIZ_INST/inst/clk_out1_clk_wiz_0
    BUFGCTRL_X0Y16       BUFG (Prop_bufg_I_O)         0.091    21.831 r  CLOCK_WIZ_INST/inst/clkout1_buf/O
                         net (fo=14289, routed)       1.622    23.454    TREE_GENERATE_INST/SORTER/CELL_ARRAY_GEN[218].MIDDLE_CELLS.cell_inst_mid/clk
    SLICE_X90Y46         FDRE                                         r  TREE_GENERATE_INST/SORTER/CELL_ARRAY_GEN[218].MIDDLE_CELLS.cell_inst_mid/r_freq_reg[3]/C
                         clock pessimism              0.452    23.906    
                         clock uncertainty           -0.083    23.823    
    SLICE_X90Y46         FDRE (Setup_fdre_C_CE)      -0.377    23.446    TREE_GENERATE_INST/SORTER/CELL_ARRAY_GEN[218].MIDDLE_CELLS.cell_inst_mid/r_freq_reg[3]
  -------------------------------------------------------------------
                         required time                         23.446    
                         arrival time                         -23.015    
  -------------------------------------------------------------------
                         slack                                  0.431    

Slack (MET) :             0.435ns  (required time - arrival time)
  Source:                 TREE_GENERATE_INST/SORTER/CELL_ARRAY_GEN[254].MIDDLE_CELLS.cell_inst_mid_i_339_psbram_2/C
                            (rising edge-triggered cell FDRE clocked by clk_out1_clk_wiz_0  {rise@0.000ns fall@12.500ns period=25.000ns})
  Destination:            TREE_GENERATE_INST/SORTER/CELL_ARRAY_GEN[4].MIDDLE_CELLS.cell_inst_mid/r_freq_reg[8]/CE
                            (rising edge-triggered cell FDRE clocked by clk_out1_clk_wiz_0_1  {rise@0.000ns fall@12.500ns period=25.000ns})
  Path Group:             clk_out1_clk_wiz_0_1
  Path Type:              Setup (Max at Slow Process Corner)
  Requirement:            25.000ns  (clk_out1_clk_wiz_0_1 rise@25.000ns - clk_out1_clk_wiz_0 rise@0.000ns)
  Data Path Delay:        23.981ns  (logic 4.474ns (18.656%)  route 19.507ns (81.344%))
  Logic Levels:           19  (CARRY4=4 LUT2=1 LUT3=3 LUT4=1 LUT5=2 LUT6=7 MUXF7=1)
  Clock Path Skew:        -0.092ns (DCD - SCD + CPR)
    Destination Clock Delay (DCD):    -1.634ns = ( 23.366 - 25.000 ) 
    Source Clock Delay      (SCD):    -1.075ns
    Clock Pessimism Removal (CPR):    0.466ns
  Clock Uncertainty:      0.083ns  ((TSJ^2 + DJ^2)^1/2) / 2 + PE
    Total System Jitter     (TSJ):    0.071ns
    Discrete Jitter          (DJ):    0.151ns
    Phase Error              (PE):    0.000ns
  Clock Domain Crossing:  Inter clock paths are considered valid unless explicitly excluded by timing constraints such as set_clock_groups or set_false_path.

    Location             Delay type                Incr(ns)  Path(ns)    Netlist Resource(s)
  -------------------------------------------------------------------    -------------------
                         (clock clk_out1_clk_wiz_0 rise edge)
                                                      0.000     0.000 r  
    H16                                               0.000     0.000 r  clk (IN)
                         net (fo=0)                   0.000     0.000    CLOCK_WIZ_INST/inst/clk_in1
    H16                  IBUF (Prop_ibuf_I_O)         1.451     1.451 r  CLOCK_WIZ_INST/inst/clkin1_ibufg/O
                         net (fo=1, routed)           1.285     2.736    CLOCK_WIZ_INST/inst/clk_in1_clk_wiz_0
    MMCME2_ADV_X1Y2      MMCME2_ADV (Prop_mmcme2_adv_CLKIN1_CLKOUT0)
                                                     -7.759    -5.023 r  CLOCK_WIZ_INST/inst/mmcm_adv_inst/CLKOUT0
                         net (fo=1, routed)           2.206    -2.817    CLOCK_WIZ_INST/inst/clk_out1_clk_wiz_0
    BUFGCTRL_X0Y16       BUFG (Prop_bufg_I_O)         0.101    -2.716 r  CLOCK_WIZ_INST/inst/clkout1_buf/O
                         net (fo=14289, routed)       1.641    -1.075    TREE_GENERATE_INST/SORTER/clk
    SLICE_X48Y67         FDRE                                         r  TREE_GENERATE_INST/SORTER/CELL_ARRAY_GEN[254].MIDDLE_CELLS.cell_inst_mid_i_339_psbram_2/C
  -------------------------------------------------------------------    -------------------
    SLICE_X48Y67         FDRE (Prop_fdre_C_Q)         0.456    -0.619 r  TREE_GENERATE_INST/SORTER/CELL_ARRAY_GEN[254].MIDDLE_CELLS.cell_inst_mid_i_339_psbram_2/Q
                         net (fo=255, routed)         1.759     1.140    TREE_GENERATE_INST/SORTER/input_symbol[0]
    SLICE_X53Y81         LUT6 (Prop_lut6_I1_O)        0.124     1.264 f  TREE_GENERATE_INST/SORTER/CELL_ARRAY_GEN[255].LAST_CELL.cell_inst_last_i_1856/O
                         net (fo=1, routed)           0.642     1.906    TREE_GENERATE_INST/SORTER/CELL_ARRAY_GEN[255].LAST_CELL.cell_inst_last_i_1856_n_0
    SLICE_X54Y80         LUT6 (Prop_lut6_I5_O)        0.124     2.030 f  TREE_GENERATE_INST/SORTER/CELL_ARRAY_GEN[255].LAST_CELL.cell_inst_last_i_1081/O
                         net (fo=3, routed)           1.266     3.296    TREE_GENERATE_INST/SORTER/match_idx_var180_out
    SLICE_X41Y81         LUT3 (Prop_lut3_I0_O)        0.124     3.420 f  TREE_GENERATE_INST/SORTER/CELL_ARRAY_GEN[255].LAST_CELL.cell_inst_last_i_417/O
                         net (fo=6, routed)           0.989     4.409    TREE_GENERATE_INST/SORTER/CELL_ARRAY_GEN[255].LAST_CELL.cell_inst_last_i_417_n_0
    SLICE_X40Y84         LUT5 (Prop_lut5_I2_O)        0.124     4.533 f  TREE_GENERATE_INST/SORTER/CELL_ARRAY_GEN[255].LAST_CELL.cell_inst_last_i_169/O
                         net (fo=8, routed)           0.802     5.335    TREE_GENERATE_INST/SORTER/CELL_ARRAY_GEN[255].LAST_CELL.cell_inst_last_i_169_n_0
    SLICE_X38Y82         LUT3 (Prop_lut3_I1_O)        0.124     5.459 f  TREE_GENERATE_INST/SORTER/CELL_ARRAY_GEN[255].LAST_CELL.cell_inst_last_i_148/O
                         net (fo=10, routed)          1.099     6.558    TREE_GENERATE_INST/SORTER/CELL_ARRAY_GEN[255].LAST_CELL.cell_inst_last_i_148_n_0
    SLICE_X58Y82         LUT6 (Prop_lut6_I5_O)        0.124     6.682 r  TREE_GENERATE_INST/SORTER/CELL_ARRAY_GEN[254].MIDDLE_CELLS.cell_inst_mid_i_42/O
                         net (fo=16, routed)          1.879     8.561    TREE_GENERATE_INST/SORTER/CELL_ARRAY_GEN[254].MIDDLE_CELLS.cell_inst_mid_i_42_n_0
    SLICE_X64Y56         LUT6 (Prop_lut6_I1_O)        0.124     8.685 r  TREE_GENERATE_INST/SORTER/CELL_ARRAY_GEN[255].LAST_CELL.cell_inst_last_i_1357/O
                         net (fo=118, routed)         2.078    10.763    TREE_GENERATE_INST/SORTER/CELL_ARRAY_GEN[255].LAST_CELL.cell_inst_last_i_1357_n_0
    SLICE_X104Y43        LUT6 (Prop_lut6_I2_O)        0.124    10.887 r  TREE_GENERATE_INST/SORTER/CELL_ARRAY_GEN[255].LAST_CELL.cell_inst_last_i_1392/O
                         net (fo=1, routed)           0.820    11.707    TREE_GENERATE_INST/SORTER/CELL_ARRAY_GEN[255].LAST_CELL.cell_inst_last_i_1392_n_0
    SLICE_X104Y42        LUT6 (Prop_lut6_I1_O)        0.124    11.831 r  TREE_GENERATE_INST/SORTER/CELL_ARRAY_GEN[255].LAST_CELL.cell_inst_last_i_799/O
                         net (fo=1, routed)           0.000    11.831    TREE_GENERATE_INST/SORTER/CELL_ARRAY_GEN[255].LAST_CELL.cell_inst_last_i_799_n_0
    SLICE_X104Y42        MUXF7 (Prop_muxf7_I0_O)      0.209    12.040 r  TREE_GENERATE_INST/SORTER/CELL_ARRAY_GEN[255].LAST_CELL.cell_inst_last_i_296/O
                         net (fo=1, routed)           0.759    12.799    TREE_GENERATE_INST/SORTER/CELL_ARRAY_GEN[255].LAST_CELL.cell_inst_last_i_296_n_0
    SLICE_X96Y42         LUT3 (Prop_lut3_I1_O)        0.297    13.096 r  TREE_GENERATE_INST/SORTER/CELL_ARRAY_GEN[255].LAST_CELL.cell_inst_last_i_122/O
                         net (fo=1, routed)           1.069    14.165    TREE_GENERATE_INST/SORTER/CELL_ARRAY_GEN[255].LAST_CELL.cell_inst_last_i_122_n_0
    SLICE_X89Y43         LUT6 (Prop_lut6_I3_O)        0.124    14.289 r  TREE_GENERATE_INST/SORTER/CELL_ARRAY_GEN[255].LAST_CELL.cell_inst_last_i_55/O
                         net (fo=515, routed)         0.860    15.149    TREE_GENERATE_INST/SORTER/freqs[0][0]
    SLICE_X80Y46         CARRY4 (Prop_carry4_CYINIT_CO[3])
                                                      0.580    15.729 r  TREE_GENERATE_INST/SORTER/CELL_ARRAY_GEN[255].LAST_CELL.cell_inst_last_i_54/CO[3]
                         net (fo=1, routed)           0.000    15.729    TREE_GENERATE_INST/SORTER/CELL_ARRAY_GEN[255].LAST_CELL.cell_inst_last_i_54_n_0
    SLICE_X80Y47         CARRY4 (Prop_carry4_CI_CO[3])
                                                      0.114    15.843 r  TREE_GENERATE_INST/SORTER/CELL_ARRAY_GEN[255].LAST_CELL.cell_inst_last_i_53/CO[3]
                         net (fo=1, routed)           0.000    15.843    TREE_GENERATE_INST/SORTER/CELL_ARRAY_GEN[255].LAST_CELL.cell_inst_last_i_53_n_0
    SLICE_X80Y48         CARRY4 (Prop_carry4_CI_O[2])
                                                      0.239    16.082 r  TREE_GENERATE_INST/SORTER/CELL_ARRAY_GEN[255].LAST_CELL.cell_inst_last_i_52/O[2]
                         net (fo=513, routed)         1.877    17.959    TREE_GENERATE_INST/SORTER/plusOp[11]
    SLICE_X53Y51         LUT4 (Prop_lut4_I1_O)        0.302    18.261 r  TREE_GENERATE_INST/SORTER/CELL_ARRAY_GEN[4].MIDDLE_CELLS.cell_inst_mid_i_14/O
                         net (fo=1, routed)           0.000    18.261    TREE_GENERATE_INST/SORTER/CELL_ARRAY_GEN[4].MIDDLE_CELLS.cell_inst_mid_i_14_n_0
    SLICE_X53Y51         CARRY4 (Prop_carry4_S[1]_CO[2])
                                                      0.570    18.831 r  TREE_GENERATE_INST/SORTER/CELL_ARRAY_GEN[4].MIDDLE_CELLS.cell_inst_mid_i_4/CO[2]
                         net (fo=3, routed)           0.910    19.741    TREE_GENERATE_INST/SORTER/CELL_ARRAY_GEN[4].MIDDLE_CELLS.cell_inst_mid_i_4_n_1
    SLICE_X55Y56         LUT5 (Prop_lut5_I4_O)        0.313    20.054 r  TREE_GENERATE_INST/SORTER/CELL_ARRAY_GEN[4].MIDDLE_CELLS.cell_inst_mid_i_1/O
                         net (fo=24, routed)          1.017    21.071    TREE_GENERATE_INST/SORTER/CELL_ARRAY_GEN[4].MIDDLE_CELLS.cell_inst_mid/write_en
    SLICE_X57Y58         LUT2 (Prop_lut2_I0_O)        0.154    21.225 r  TREE_GENERATE_INST/SORTER/CELL_ARRAY_GEN[4].MIDDLE_CELLS.cell_inst_mid/r_freq[13]_i_1/O
                         net (fo=14, routed)          1.681    22.906    TREE_GENERATE_INST/SORTER/CELL_ARRAY_GEN[4].MIDDLE_CELLS.cell_inst_mid/r_symbol
    SLICE_X88Y80         FDRE                                         r  TREE_GENERATE_INST/SORTER/CELL_ARRAY_GEN[4].MIDDLE_CELLS.cell_inst_mid/r_freq_reg[8]/CE
  -------------------------------------------------------------------    -------------------

                         (clock clk_out1_clk_wiz_0_1 rise edge)
                                                     25.000    25.000 r  
    H16                                               0.000    25.000 r  clk (IN)
                         net (fo=0)                   0.000    25.000    CLOCK_WIZ_INST/inst/clk_in1
    H16                  IBUF (Prop_ibuf_I_O)         1.380    26.380 r  CLOCK_WIZ_INST/inst/clkin1_ibufg/O
                         net (fo=1, routed)           1.162    27.542    CLOCK_WIZ_INST/inst/clk_in1_clk_wiz_0
    MMCME2_ADV_X1Y2      MMCME2_ADV (Prop_mmcme2_adv_CLKIN1_CLKOUT0)
                                                     -7.814    19.728 r  CLOCK_WIZ_INST/inst/mmcm_adv_inst/CLKOUT0
                         net (fo=1, routed)           2.012    21.740    CLOCK_WIZ_INST/inst/clk_out1_clk_wiz_0
    BUFGCTRL_X0Y16       BUFG (Prop_bufg_I_O)         0.091    21.831 r  CLOCK_WIZ_INST/inst/clkout1_buf/O
                         net (fo=14289, routed)       1.535    23.366    TREE_GENERATE_INST/SORTER/CELL_ARRAY_GEN[4].MIDDLE_CELLS.cell_inst_mid/clk
    SLICE_X88Y80         FDRE                                         r  TREE_GENERATE_INST/SORTER/CELL_ARRAY_GEN[4].MIDDLE_CELLS.cell_inst_mid/r_freq_reg[8]/C
                         clock pessimism              0.466    23.832    
                         clock uncertainty           -0.083    23.749    
    SLICE_X88Y80         FDRE (Setup_fdre_C_CE)      -0.408    23.341    TREE_GENERATE_INST/SORTER/CELL_ARRAY_GEN[4].MIDDLE_CELLS.cell_inst_mid/r_freq_reg[8]
  -------------------------------------------------------------------
                         required time                         23.341    
                         arrival time                         -22.906    
  -------------------------------------------------------------------
                         slack                                  0.435    

Slack (MET) :             0.435ns  (required time - arrival time)
  Source:                 TREE_GENERATE_INST/SORTER/CELL_ARRAY_GEN[254].MIDDLE_CELLS.cell_inst_mid_i_339_psbram_2/C
                            (rising edge-triggered cell FDRE clocked by clk_out1_clk_wiz_0  {rise@0.000ns fall@12.500ns period=25.000ns})
  Destination:            TREE_GENERATE_INST/SORTER/CELL_ARRAY_GEN[4].MIDDLE_CELLS.cell_inst_mid/r_freq_reg[9]/CE
                            (rising edge-triggered cell FDRE clocked by clk_out1_clk_wiz_0_1  {rise@0.000ns fall@12.500ns period=25.000ns})
  Path Group:             clk_out1_clk_wiz_0_1
  Path Type:              Setup (Max at Slow Process Corner)
  Requirement:            25.000ns  (clk_out1_clk_wiz_0_1 rise@25.000ns - clk_out1_clk_wiz_0 rise@0.000ns)
  Data Path Delay:        23.981ns  (logic 4.474ns (18.656%)  route 19.507ns (81.344%))
  Logic Levels:           19  (CARRY4=4 LUT2=1 LUT3=3 LUT4=1 LUT5=2 LUT6=7 MUXF7=1)
  Clock Path Skew:        -0.092ns (DCD - SCD + CPR)
    Destination Clock Delay (DCD):    -1.634ns = ( 23.366 - 25.000 ) 
    Source Clock Delay      (SCD):    -1.075ns
    Clock Pessimism Removal (CPR):    0.466ns
  Clock Uncertainty:      0.083ns  ((TSJ^2 + DJ^2)^1/2) / 2 + PE
    Total System Jitter     (TSJ):    0.071ns
    Discrete Jitter          (DJ):    0.151ns
    Phase Error              (PE):    0.000ns
  Clock Domain Crossing:  Inter clock paths are considered valid unless explicitly excluded by timing constraints such as set_clock_groups or set_false_path.

    Location             Delay type                Incr(ns)  Path(ns)    Netlist Resource(s)
  -------------------------------------------------------------------    -------------------
                         (clock clk_out1_clk_wiz_0 rise edge)
                                                      0.000     0.000 r  
    H16                                               0.000     0.000 r  clk (IN)
                         net (fo=0)                   0.000     0.000    CLOCK_WIZ_INST/inst/clk_in1
    H16                  IBUF (Prop_ibuf_I_O)         1.451     1.451 r  CLOCK_WIZ_INST/inst/clkin1_ibufg/O
                         net (fo=1, routed)           1.285     2.736    CLOCK_WIZ_INST/inst/clk_in1_clk_wiz_0
    MMCME2_ADV_X1Y2      MMCME2_ADV (Prop_mmcme2_adv_CLKIN1_CLKOUT0)
                                                     -7.759    -5.023 r  CLOCK_WIZ_INST/inst/mmcm_adv_inst/CLKOUT0
                         net (fo=1, routed)           2.206    -2.817    CLOCK_WIZ_INST/inst/clk_out1_clk_wiz_0
    BUFGCTRL_X0Y16       BUFG (Prop_bufg_I_O)         0.101    -2.716 r  CLOCK_WIZ_INST/inst/clkout1_buf/O
                         net (fo=14289, routed)       1.641    -1.075    TREE_GENERATE_INST/SORTER/clk
    SLICE_X48Y67         FDRE                                         r  TREE_GENERATE_INST/SORTER/CELL_ARRAY_GEN[254].MIDDLE_CELLS.cell_inst_mid_i_339_psbram_2/C
  -------------------------------------------------------------------    -------------------
    SLICE_X48Y67         FDRE (Prop_fdre_C_Q)         0.456    -0.619 r  TREE_GENERATE_INST/SORTER/CELL_ARRAY_GEN[254].MIDDLE_CELLS.cell_inst_mid_i_339_psbram_2/Q
                         net (fo=255, routed)         1.759     1.140    TREE_GENERATE_INST/SORTER/input_symbol[0]
    SLICE_X53Y81         LUT6 (Prop_lut6_I1_O)        0.124     1.264 f  TREE_GENERATE_INST/SORTER/CELL_ARRAY_GEN[255].LAST_CELL.cell_inst_last_i_1856/O
                         net (fo=1, routed)           0.642     1.906    TREE_GENERATE_INST/SORTER/CELL_ARRAY_GEN[255].LAST_CELL.cell_inst_last_i_1856_n_0
    SLICE_X54Y80         LUT6 (Prop_lut6_I5_O)        0.124     2.030 f  TREE_GENERATE_INST/SORTER/CELL_ARRAY_GEN[255].LAST_CELL.cell_inst_last_i_1081/O
                         net (fo=3, routed)           1.266     3.296    TREE_GENERATE_INST/SORTER/match_idx_var180_out
    SLICE_X41Y81         LUT3 (Prop_lut3_I0_O)        0.124     3.420 f  TREE_GENERATE_INST/SORTER/CELL_ARRAY_GEN[255].LAST_CELL.cell_inst_last_i_417/O
                         net (fo=6, routed)           0.989     4.409    TREE_GENERATE_INST/SORTER/CELL_ARRAY_GEN[255].LAST_CELL.cell_inst_last_i_417_n_0
    SLICE_X40Y84         LUT5 (Prop_lut5_I2_O)        0.124     4.533 f  TREE_GENERATE_INST/SORTER/CELL_ARRAY_GEN[255].LAST_CELL.cell_inst_last_i_169/O
                         net (fo=8, routed)           0.802     5.335    TREE_GENERATE_INST/SORTER/CELL_ARRAY_GEN[255].LAST_CELL.cell_inst_last_i_169_n_0
    SLICE_X38Y82         LUT3 (Prop_lut3_I1_O)        0.124     5.459 f  TREE_GENERATE_INST/SORTER/CELL_ARRAY_GEN[255].LAST_CELL.cell_inst_last_i_148/O
                         net (fo=10, routed)          1.099     6.558    TREE_GENERATE_INST/SORTER/CELL_ARRAY_GEN[255].LAST_CELL.cell_inst_last_i_148_n_0
    SLICE_X58Y82         LUT6 (Prop_lut6_I5_O)        0.124     6.682 r  TREE_GENERATE_INST/SORTER/CELL_ARRAY_GEN[254].MIDDLE_CELLS.cell_inst_mid_i_42/O
                         net (fo=16, routed)          1.879     8.561    TREE_GENERATE_INST/SORTER/CELL_ARRAY_GEN[254].MIDDLE_CELLS.cell_inst_mid_i_42_n_0
    SLICE_X64Y56         LUT6 (Prop_lut6_I1_O)        0.124     8.685 r  TREE_GENERATE_INST/SORTER/CELL_ARRAY_GEN[255].LAST_CELL.cell_inst_last_i_1357/O
                         net (fo=118, routed)         2.078    10.763    TREE_GENERATE_INST/SORTER/CELL_ARRAY_GEN[255].LAST_CELL.cell_inst_last_i_1357_n_0
    SLICE_X104Y43        LUT6 (Prop_lut6_I2_O)        0.124    10.887 r  TREE_GENERATE_INST/SORTER/CELL_ARRAY_GEN[255].LAST_CELL.cell_inst_last_i_1392/O
                         net (fo=1, routed)           0.820    11.707    TREE_GENERATE_INST/SORTER/CELL_ARRAY_GEN[255].LAST_CELL.cell_inst_last_i_1392_n_0
    SLICE_X104Y42        LUT6 (Prop_lut6_I1_O)        0.124    11.831 r  TREE_GENERATE_INST/SORTER/CELL_ARRAY_GEN[255].LAST_CELL.cell_inst_last_i_799/O
                         net (fo=1, routed)           0.000    11.831    TREE_GENERATE_INST/SORTER/CELL_ARRAY_GEN[255].LAST_CELL.cell_inst_last_i_799_n_0
    SLICE_X104Y42        MUXF7 (Prop_muxf7_I0_O)      0.209    12.040 r  TREE_GENERATE_INST/SORTER/CELL_ARRAY_GEN[255].LAST_CELL.cell_inst_last_i_296/O
                         net (fo=1, routed)           0.759    12.799    TREE_GENERATE_INST/SORTER/CELL_ARRAY_GEN[255].LAST_CELL.cell_inst_last_i_296_n_0
    SLICE_X96Y42         LUT3 (Prop_lut3_I1_O)        0.297    13.096 r  TREE_GENERATE_INST/SORTER/CELL_ARRAY_GEN[255].LAST_CELL.cell_inst_last_i_122/O
                         net (fo=1, routed)           1.069    14.165    TREE_GENERATE_INST/SORTER/CELL_ARRAY_GEN[255].LAST_CELL.cell_inst_last_i_122_n_0
    SLICE_X89Y43         LUT6 (Prop_lut6_I3_O)        0.124    14.289 r  TREE_GENERATE_INST/SORTER/CELL_ARRAY_GEN[255].LAST_CELL.cell_inst_last_i_55/O
                         net (fo=515, routed)         0.860    15.149    TREE_GENERATE_INST/SORTER/freqs[0][0]
    SLICE_X80Y46         CARRY4 (Prop_carry4_CYINIT_CO[3])
                                                      0.580    15.729 r  TREE_GENERATE_INST/SORTER/CELL_ARRAY_GEN[255].LAST_CELL.cell_inst_last_i_54/CO[3]
                         net (fo=1, routed)           0.000    15.729    TREE_GENERATE_INST/SORTER/CELL_ARRAY_GEN[255].LAST_CELL.cell_inst_last_i_54_n_0
    SLICE_X80Y47         CARRY4 (Prop_carry4_CI_CO[3])
                                                      0.114    15.843 r  TREE_GENERATE_INST/SORTER/CELL_ARRAY_GEN[255].LAST_CELL.cell_inst_last_i_53/CO[3]
                         net (fo=1, routed)           0.000    15.843    TREE_GENERATE_INST/SORTER/CELL_ARRAY_GEN[255].LAST_CELL.cell_inst_last_i_53_n_0
    SLICE_X80Y48         CARRY4 (Prop_carry4_CI_O[2])
                                                      0.239    16.082 r  TREE_GENERATE_INST/SORTER/CELL_ARRAY_GEN[255].LAST_CELL.cell_inst_last_i_52/O[2]
                         net (fo=513, routed)         1.877    17.959    TREE_GENERATE_INST/SORTER/plusOp[11]
    SLICE_X53Y51         LUT4 (Prop_lut4_I1_O)        0.302    18.261 r  TREE_GENERATE_INST/SORTER/CELL_ARRAY_GEN[4].MIDDLE_CELLS.cell_inst_mid_i_14/O
                         net (fo=1, routed)           0.000    18.261    TREE_GENERATE_INST/SORTER/CELL_ARRAY_GEN[4].MIDDLE_CELLS.cell_inst_mid_i_14_n_0
    SLICE_X53Y51         CARRY4 (Prop_carry4_S[1]_CO[2])
                                                      0.570    18.831 r  TREE_GENERATE_INST/SORTER/CELL_ARRAY_GEN[4].MIDDLE_CELLS.cell_inst_mid_i_4/CO[2]
                         net (fo=3, routed)           0.910    19.741    TREE_GENERATE_INST/SORTER/CELL_ARRAY_GEN[4].MIDDLE_CELLS.cell_inst_mid_i_4_n_1
    SLICE_X55Y56         LUT5 (Prop_lut5_I4_O)        0.313    20.054 r  TREE_GENERATE_INST/SORTER/CELL_ARRAY_GEN[4].MIDDLE_CELLS.cell_inst_mid_i_1/O
                         net (fo=24, routed)          1.017    21.071    TREE_GENERATE_INST/SORTER/CELL_ARRAY_GEN[4].MIDDLE_CELLS.cell_inst_mid/write_en
    SLICE_X57Y58         LUT2 (Prop_lut2_I0_O)        0.154    21.225 r  TREE_GENERATE_INST/SORTER/CELL_ARRAY_GEN[4].MIDDLE_CELLS.cell_inst_mid/r_freq[13]_i_1/O
                         net (fo=14, routed)          1.681    22.906    TREE_GENERATE_INST/SORTER/CELL_ARRAY_GEN[4].MIDDLE_CELLS.cell_inst_mid/r_symbol
    SLICE_X88Y80         FDRE                                         r  TREE_GENERATE_INST/SORTER/CELL_ARRAY_GEN[4].MIDDLE_CELLS.cell_inst_mid/r_freq_reg[9]/CE
  -------------------------------------------------------------------    -------------------

                         (clock clk_out1_clk_wiz_0_1 rise edge)
                                                     25.000    25.000 r  
    H16                                               0.000    25.000 r  clk (IN)
                         net (fo=0)                   0.000    25.000    CLOCK_WIZ_INST/inst/clk_in1
    H16                  IBUF (Prop_ibuf_I_O)         1.380    26.380 r  CLOCK_WIZ_INST/inst/clkin1_ibufg/O
                         net (fo=1, routed)           1.162    27.542    CLOCK_WIZ_INST/inst/clk_in1_clk_wiz_0
    MMCME2_ADV_X1Y2      MMCME2_ADV (Prop_mmcme2_adv_CLKIN1_CLKOUT0)
                                                     -7.814    19.728 r  CLOCK_WIZ_INST/inst/mmcm_adv_inst/CLKOUT0
                         net (fo=1, routed)           2.012    21.740    CLOCK_WIZ_INST/inst/clk_out1_clk_wiz_0
    BUFGCTRL_X0Y16       BUFG (Prop_bufg_I_O)         0.091    21.831 r  CLOCK_WIZ_INST/inst/clkout1_buf/O
                         net (fo=14289, routed)       1.535    23.366    TREE_GENERATE_INST/SORTER/CELL_ARRAY_GEN[4].MIDDLE_CELLS.cell_inst_mid/clk
    SLICE_X88Y80         FDRE                                         r  TREE_GENERATE_INST/SORTER/CELL_ARRAY_GEN[4].MIDDLE_CELLS.cell_inst_mid/r_freq_reg[9]/C
                         clock pessimism              0.466    23.832    
                         clock uncertainty           -0.083    23.749    
    SLICE_X88Y80         FDRE (Setup_fdre_C_CE)      -0.408    23.341    TREE_GENERATE_INST/SORTER/CELL_ARRAY_GEN[4].MIDDLE_CELLS.cell_inst_mid/r_freq_reg[9]
  -------------------------------------------------------------------
                         required time                         23.341    
                         arrival time                         -22.906    
  -------------------------------------------------------------------
                         slack                                  0.435    





Min Delay Paths
--------------------------------------------------------------------------------------
Slack (MET) :             0.024ns  (arrival time - required time)
  Source:                 CANONICAL_CODE_GENERATE_INST/dict_wr_addr_reg[2]/C
                            (rising edge-triggered cell FDRE clocked by clk_out1_clk_wiz_0  {rise@0.000ns fall@12.500ns period=25.000ns})
  Destination:            CANONICAL_CODE_GENERATE_INST/DICTIONARY_BRAM/ram_name_reg/ADDRBWRADDR[7]
                            (rising edge-triggered cell RAMB18E1 clocked by clk_out1_clk_wiz_0_1  {rise@0.000ns fall@12.500ns period=25.000ns})
  Path Group:             clk_out1_clk_wiz_0_1
  Path Type:              Hold (Min at Fast Process Corner)
  Requirement:            0.000ns  (clk_out1_clk_wiz_0_1 rise@0.000ns - clk_out1_clk_wiz_0 rise@0.000ns)
  Data Path Delay:        0.348ns  (logic 0.141ns (40.491%)  route 0.207ns (59.509%))
  Logic Levels:           0  
  Clock Path Skew:        0.058ns (DCD - SCD - CPR)
    Destination Clock Delay (DCD):    -0.732ns
    Source Clock Delay      (SCD):    -0.541ns
    Clock Pessimism Removal (CPR):    -0.250ns
  Clock Uncertainty:      0.083ns  ((TSJ^2 + DJ^2)^1/2) / 2 + PE
    Total System Jitter     (TSJ):    0.071ns
    Discrete Jitter          (DJ):    0.151ns
    Phase Error              (PE):    0.000ns
  Clock Domain Crossing:  Inter clock paths are considered valid unless explicitly excluded by timing constraints such as set_clock_groups or set_false_path.

    Location             Delay type                Incr(ns)  Path(ns)    Netlist Resource(s)
  -------------------------------------------------------------------    -------------------
                         (clock clk_out1_clk_wiz_0 rise edge)
                                                      0.000     0.000 r  
    H16                                               0.000     0.000 r  clk (IN)
                         net (fo=0)                   0.000     0.000    CLOCK_WIZ_INST/inst/clk_in1
    H16                  IBUF (Prop_ibuf_I_O)         0.219     0.219 r  CLOCK_WIZ_INST/inst/clkin1_ibufg/O
                         net (fo=1, routed)           0.440     0.659    CLOCK_WIZ_INST/inst/clk_in1_clk_wiz_0
    MMCME2_ADV_X1Y2      MMCME2_ADV (Prop_mmcme2_adv_CLKIN1_CLKOUT0)
                                                     -2.613    -1.954 r  CLOCK_WIZ_INST/inst/mmcm_adv_inst/CLKOUT0
                         net (fo=1, routed)           0.696    -1.257    CLOCK_WIZ_INST/inst/clk_out1_clk_wiz_0
    BUFGCTRL_X0Y16       BUFG (Prop_bufg_I_O)         0.026    -1.231 r  CLOCK_WIZ_INST/inst/clkout1_buf/O
                         net (fo=14289, routed)       0.690    -0.541    CANONICAL_CODE_GENERATE_INST/clk
    SLICE_X105Y105       FDRE                                         r  CANONICAL_CODE_GENERATE_INST/dict_wr_addr_reg[2]/C
  -------------------------------------------------------------------    -------------------
    SLICE_X105Y105       FDRE (Prop_fdre_C_Q)         0.141    -0.400 r  CANONICAL_CODE_GENERATE_INST/dict_wr_addr_reg[2]/Q
                         net (fo=1, routed)           0.207    -0.193    CANONICAL_CODE_GENERATE_INST/DICTIONARY_BRAM/addra[2]
    RAMB18_X5Y42         RAMB18E1                                     r  CANONICAL_CODE_GENERATE_INST/DICTIONARY_BRAM/ram_name_reg/ADDRBWRADDR[7]
  -------------------------------------------------------------------    -------------------

                         (clock clk_out1_clk_wiz_0_1 rise edge)
                                                      0.000     0.000 r  
    H16                                               0.000     0.000 r  clk (IN)
                         net (fo=0)                   0.000     0.000    CLOCK_WIZ_INST/inst/clk_in1
    H16                  IBUF (Prop_ibuf_I_O)         0.406     0.406 r  CLOCK_WIZ_INST/inst/clkin1_ibufg/O
                         net (fo=1, routed)           0.480     0.886    CLOCK_WIZ_INST/inst/clk_in1_clk_wiz_0
    MMCME2_ADV_X1Y2      MMCME2_ADV (Prop_mmcme2_adv_CLKIN1_CLKOUT0)
                                                     -3.407    -2.521 r  CLOCK_WIZ_INST/inst/mmcm_adv_inst/CLKOUT0
                         net (fo=1, routed)           0.752    -1.769    CLOCK_WIZ_INST/inst/clk_out1_clk_wiz_0
    BUFGCTRL_X0Y16       BUFG (Prop_bufg_I_O)         0.029    -1.740 r  CLOCK_WIZ_INST/inst/clkout1_buf/O
                         net (fo=14289, routed)       1.007    -0.732    CANONICAL_CODE_GENERATE_INST/DICTIONARY_BRAM/clka
    RAMB18_X5Y42         RAMB18E1                                     r  CANONICAL_CODE_GENERATE_INST/DICTIONARY_BRAM/ram_name_reg/CLKBWRCLK
                         clock pessimism              0.250    -0.483    
                         clock uncertainty            0.083    -0.399    
    RAMB18_X5Y42         RAMB18E1 (Hold_ramb18e1_CLKBWRCLK_ADDRBWRADDR[7])
                                                      0.183    -0.216    CANONICAL_CODE_GENERATE_INST/DICTIONARY_BRAM/ram_name_reg
  -------------------------------------------------------------------
                         required time                          0.216    
                         arrival time                          -0.193    
  -------------------------------------------------------------------
                         slack                                  0.024    

Slack (MET) :             0.045ns  (arrival time - required time)
  Source:                 TREE_GENERATE_INST/SORTER/CELL_ARRAY_GEN[220].MIDDLE_CELLS.cell_inst_mid/r_symbol_reg[2]/C
                            (rising edge-triggered cell FDSE clocked by clk_out1_clk_wiz_0  {rise@0.000ns fall@12.500ns period=25.000ns})
  Destination:            TREE_GENERATE_INST/SORTER/CELL_ARRAY_GEN[219].MIDDLE_CELLS.cell_inst_mid/r_symbol_reg[2]/D
                            (rising edge-triggered cell FDRE clocked by clk_out1_clk_wiz_0_1  {rise@0.000ns fall@12.500ns period=25.000ns})
  Path Group:             clk_out1_clk_wiz_0_1
  Path Type:              Hold (Min at Fast Process Corner)
  Requirement:            0.000ns  (clk_out1_clk_wiz_0_1 rise@0.000ns - clk_out1_clk_wiz_0 rise@0.000ns)
  Data Path Delay:        0.501ns  (logic 0.186ns (37.124%)  route 0.315ns (62.876%))
  Logic Levels:           1  (LUT6=1)
  Clock Path Skew:        0.281ns (DCD - SCD - CPR)
    Destination Clock Delay (DCD):    -0.882ns
    Source Clock Delay      (SCD):    -0.654ns
    Clock Pessimism Removal (CPR):    -0.509ns
  Clock Uncertainty:      0.083ns  ((TSJ^2 + DJ^2)^1/2) / 2 + PE
    Total System Jitter     (TSJ):    0.071ns
    Discrete Jitter          (DJ):    0.151ns
    Phase Error              (PE):    0.000ns
  Clock Domain Crossing:  Inter clock paths are considered valid unless explicitly excluded by timing constraints such as set_clock_groups or set_false_path.

    Location             Delay type                Incr(ns)  Path(ns)    Netlist Resource(s)
  -------------------------------------------------------------------    -------------------
                         (clock clk_out1_clk_wiz_0 rise edge)
                                                      0.000     0.000 r  
    H16                                               0.000     0.000 r  clk (IN)
                         net (fo=0)                   0.000     0.000    CLOCK_WIZ_INST/inst/clk_in1
    H16                  IBUF (Prop_ibuf_I_O)         0.219     0.219 r  CLOCK_WIZ_INST/inst/clkin1_ibufg/O
                         net (fo=1, routed)           0.440     0.659    CLOCK_WIZ_INST/inst/clk_in1_clk_wiz_0
    MMCME2_ADV_X1Y2      MMCME2_ADV (Prop_mmcme2_adv_CLKIN1_CLKOUT0)
                                                     -2.613    -1.954 r  CLOCK_WIZ_INST/inst/mmcm_adv_inst/CLKOUT0
                         net (fo=1, routed)           0.696    -1.257    CLOCK_WIZ_INST/inst/clk_out1_clk_wiz_0
    BUFGCTRL_X0Y16       BUFG (Prop_bufg_I_O)         0.026    -1.231 r  CLOCK_WIZ_INST/inst/clkout1_buf/O
                         net (fo=14289, routed)       0.577    -0.654    TREE_GENERATE_INST/SORTER/CELL_ARRAY_GEN[220].MIDDLE_CELLS.cell_inst_mid/clk
    SLICE_X28Y50         FDSE                                         r  TREE_GENERATE_INST/SORTER/CELL_ARRAY_GEN[220].MIDDLE_CELLS.cell_inst_mid/r_symbol_reg[2]/C
  -------------------------------------------------------------------    -------------------
    SLICE_X28Y50         FDSE (Prop_fdse_C_Q)         0.141    -0.513 r  TREE_GENERATE_INST/SORTER/CELL_ARRAY_GEN[220].MIDDLE_CELLS.cell_inst_mid/r_symbol_reg[2]/Q
                         net (fo=5, routed)           0.315    -0.198    TREE_GENERATE_INST/SORTER/CELL_ARRAY_GEN[219].MIDDLE_CELLS.cell_inst_mid/right_symbol[2]
    SLICE_X28Y45         LUT6 (Prop_lut6_I0_O)        0.045    -0.153 r  TREE_GENERATE_INST/SORTER/CELL_ARRAY_GEN[219].MIDDLE_CELLS.cell_inst_mid/r_symbol[2]_i_1/O
                         net (fo=1, routed)           0.000    -0.153    TREE_GENERATE_INST/SORTER/CELL_ARRAY_GEN[219].MIDDLE_CELLS.cell_inst_mid/r_symbol[2]_i_1_n_0
    SLICE_X28Y45         FDRE                                         r  TREE_GENERATE_INST/SORTER/CELL_ARRAY_GEN[219].MIDDLE_CELLS.cell_inst_mid/r_symbol_reg[2]/D
  -------------------------------------------------------------------    -------------------

                         (clock clk_out1_clk_wiz_0_1 rise edge)
                                                      0.000     0.000 r  
    H16                                               0.000     0.000 r  clk (IN)
                         net (fo=0)                   0.000     0.000    CLOCK_WIZ_INST/inst/clk_in1
    H16                  IBUF (Prop_ibuf_I_O)         0.406     0.406 r  CLOCK_WIZ_INST/inst/clkin1_ibufg/O
                         net (fo=1, routed)           0.480     0.886    CLOCK_WIZ_INST/inst/clk_in1_clk_wiz_0
    MMCME2_ADV_X1Y2      MMCME2_ADV (Prop_mmcme2_adv_CLKIN1_CLKOUT0)
                                                     -3.407    -2.521 r  CLOCK_WIZ_INST/inst/mmcm_adv_inst/CLKOUT0
                         net (fo=1, routed)           0.752    -1.769    CLOCK_WIZ_INST/inst/clk_out1_clk_wiz_0
    BUFGCTRL_X0Y16       BUFG (Prop_bufg_I_O)         0.029    -1.740 r  CLOCK_WIZ_INST/inst/clkout1_buf/O
                         net (fo=14289, routed)       0.858    -0.882    TREE_GENERATE_INST/SORTER/CELL_ARRAY_GEN[219].MIDDLE_CELLS.cell_inst_mid/clk
    SLICE_X28Y45         FDRE                                         r  TREE_GENERATE_INST/SORTER/CELL_ARRAY_GEN[219].MIDDLE_CELLS.cell_inst_mid/r_symbol_reg[2]/C
                         clock pessimism              0.509    -0.373    
                         clock uncertainty            0.083    -0.290    
    SLICE_X28Y45         FDRE (Hold_fdre_C_D)         0.092    -0.198    TREE_GENERATE_INST/SORTER/CELL_ARRAY_GEN[219].MIDDLE_CELLS.cell_inst_mid/r_symbol_reg[2]
  -------------------------------------------------------------------
                         required time                          0.198    
                         arrival time                          -0.153    
  -------------------------------------------------------------------
                         slack                                  0.045    

Slack (MET) :             0.060ns  (arrival time - required time)
  Source:                 TREE_GENERATE_INST/SORTER/CELL_ARRAY_GEN[217].MIDDLE_CELLS.cell_inst_mid/r_freq_reg[7]/C
                            (rising edge-triggered cell FDRE clocked by clk_out1_clk_wiz_0  {rise@0.000ns fall@12.500ns period=25.000ns})
  Destination:            TREE_GENERATE_INST/SORTER/CELL_ARRAY_GEN[216].MIDDLE_CELLS.cell_inst_mid/r_freq_reg[7]/D
                            (rising edge-triggered cell FDRE clocked by clk_out1_clk_wiz_0_1  {rise@0.000ns fall@12.500ns period=25.000ns})
  Path Group:             clk_out1_clk_wiz_0_1
  Path Type:              Hold (Min at Fast Process Corner)
  Requirement:            0.000ns  (clk_out1_clk_wiz_0_1 rise@0.000ns - clk_out1_clk_wiz_0 rise@0.000ns)
  Data Path Delay:        0.533ns  (logic 0.247ns (46.376%)  route 0.286ns (53.624%))
  Logic Levels:           1  (LUT3=1)
  Clock Path Skew:        0.258ns (DCD - SCD - CPR)
    Destination Clock Delay (DCD):    -0.916ns
    Source Clock Delay      (SCD):    -0.671ns
    Clock Pessimism Removal (CPR):    -0.504ns
  Clock Uncertainty:      0.083ns  ((TSJ^2 + DJ^2)^1/2) / 2 + PE
    Total System Jitter     (TSJ):    0.071ns
    Discrete Jitter          (DJ):    0.151ns
    Phase Error              (PE):    0.000ns
  Clock Domain Crossing:  Inter clock paths are considered valid unless explicitly excluded by timing constraints such as set_clock_groups or set_false_path.

    Location             Delay type                Incr(ns)  Path(ns)    Netlist Resource(s)
  -------------------------------------------------------------------    -------------------
                         (clock clk_out1_clk_wiz_0 rise edge)
                                                      0.000     0.000 r  
    H16                                               0.000     0.000 r  clk (IN)
                         net (fo=0)                   0.000     0.000    CLOCK_WIZ_INST/inst/clk_in1
    H16                  IBUF (Prop_ibuf_I_O)         0.219     0.219 r  CLOCK_WIZ_INST/inst/clkin1_ibufg/O
                         net (fo=1, routed)           0.440     0.659    CLOCK_WIZ_INST/inst/clk_in1_clk_wiz_0
    MMCME2_ADV_X1Y2      MMCME2_ADV (Prop_mmcme2_adv_CLKIN1_CLKOUT0)
                                                     -2.613    -1.954 r  CLOCK_WIZ_INST/inst/mmcm_adv_inst/CLKOUT0
                         net (fo=1, routed)           0.696    -1.257    CLOCK_WIZ_INST/inst/clk_out1_clk_wiz_0
    BUFGCTRL_X0Y16       BUFG (Prop_bufg_I_O)         0.026    -1.231 r  CLOCK_WIZ_INST/inst/clkout1_buf/O
                         net (fo=14289, routed)       0.561    -0.671    TREE_GENERATE_INST/SORTER/CELL_ARRAY_GEN[217].MIDDLE_CELLS.cell_inst_mid/clk
    SLICE_X42Y41         FDRE                                         r  TREE_GENERATE_INST/SORTER/CELL_ARRAY_GEN[217].MIDDLE_CELLS.cell_inst_mid/r_freq_reg[7]/C
  -------------------------------------------------------------------    -------------------
    SLICE_X42Y41         FDRE (Prop_fdre_C_Q)         0.148    -0.523 r  TREE_GENERATE_INST/SORTER/CELL_ARRAY_GEN[217].MIDDLE_CELLS.cell_inst_mid/r_freq_reg[7]/Q
                         net (fo=6, routed)           0.286    -0.237    TREE_GENERATE_INST/SORTER/CELL_ARRAY_GEN[216].MIDDLE_CELLS.cell_inst_mid/right_freq[7]
    SLICE_X50Y41         LUT3 (Prop_lut3_I2_O)        0.099    -0.138 r  TREE_GENERATE_INST/SORTER/CELL_ARRAY_GEN[216].MIDDLE_CELLS.cell_inst_mid/r_freq[7]_i_1/O
                         net (fo=1, routed)           0.000    -0.138    TREE_GENERATE_INST/SORTER/CELL_ARRAY_GEN[216].MIDDLE_CELLS.cell_inst_mid/r_freq[7]_i_1_n_0
    SLICE_X50Y41         FDRE                                         r  TREE_GENERATE_INST/SORTER/CELL_ARRAY_GEN[216].MIDDLE_CELLS.cell_inst_mid/r_freq_reg[7]/D
  -------------------------------------------------------------------    -------------------

                         (clock clk_out1_clk_wiz_0_1 rise edge)
                                                      0.000     0.000 r  
    H16                                               0.000     0.000 r  clk (IN)
                         net (fo=0)                   0.000     0.000    CLOCK_WIZ_INST/inst/clk_in1
    H16                  IBUF (Prop_ibuf_I_O)         0.406     0.406 r  CLOCK_WIZ_INST/inst/clkin1_ibufg/O
                         net (fo=1, routed)           0.480     0.886    CLOCK_WIZ_INST/inst/clk_in1_clk_wiz_0
    MMCME2_ADV_X1Y2      MMCME2_ADV (Prop_mmcme2_adv_CLKIN1_CLKOUT0)
                                                     -3.407    -2.521 r  CLOCK_WIZ_INST/inst/mmcm_adv_inst/CLKOUT0
                         net (fo=1, routed)           0.752    -1.769    CLOCK_WIZ_INST/inst/clk_out1_clk_wiz_0
    BUFGCTRL_X0Y16       BUFG (Prop_bufg_I_O)         0.029    -1.740 r  CLOCK_WIZ_INST/inst/clkout1_buf/O
                         net (fo=14289, routed)       0.824    -0.916    TREE_GENERATE_INST/SORTER/CELL_ARRAY_GEN[216].MIDDLE_CELLS.cell_inst_mid/clk
    SLICE_X50Y41         FDRE                                         r  TREE_GENERATE_INST/SORTER/CELL_ARRAY_GEN[216].MIDDLE_CELLS.cell_inst_mid/r_freq_reg[7]/C
                         clock pessimism              0.504    -0.412    
                         clock uncertainty            0.083    -0.329    
    SLICE_X50Y41         FDRE (Hold_fdre_C_D)         0.131    -0.198    TREE_GENERATE_INST/SORTER/CELL_ARRAY_GEN[216].MIDDLE_CELLS.cell_inst_mid/r_freq_reg[7]
  -------------------------------------------------------------------
                         required time                          0.198    
                         arrival time                          -0.138    
  -------------------------------------------------------------------
                         slack                                  0.060    

Slack (MET) :             0.062ns  (arrival time - required time)
  Source:                 TREE_GENERATE_INST/SORTER/CELL_ARRAY_GEN[134].MIDDLE_CELLS.cell_inst_mid/r_symbol_reg[6]/C
                            (rising edge-triggered cell FDRE clocked by clk_out1_clk_wiz_0  {rise@0.000ns fall@12.500ns period=25.000ns})
  Destination:            TREE_GENERATE_INST/SORTER/CELL_ARRAY_GEN[133].MIDDLE_CELLS.cell_inst_mid/r_symbol_reg[6]/D
                            (rising edge-triggered cell FDRE clocked by clk_out1_clk_wiz_0_1  {rise@0.000ns fall@12.500ns period=25.000ns})
  Path Group:             clk_out1_clk_wiz_0_1
  Path Type:              Hold (Min at Fast Process Corner)
  Requirement:            0.000ns  (clk_out1_clk_wiz_0_1 rise@0.000ns - clk_out1_clk_wiz_0 rise@0.000ns)
  Data Path Delay:        0.507ns  (logic 0.209ns (41.215%)  route 0.298ns (58.785%))
  Logic Levels:           1  (LUT3=1)
  Clock Path Skew:        0.270ns (DCD - SCD - CPR)
    Destination Clock Delay (DCD):    -0.920ns
    Source Clock Delay      (SCD):    -0.686ns
    Clock Pessimism Removal (CPR):    -0.504ns
  Clock Uncertainty:      0.083ns  ((TSJ^2 + DJ^2)^1/2) / 2 + PE
    Total System Jitter     (TSJ):    0.071ns
    Discrete Jitter          (DJ):    0.151ns
    Phase Error              (PE):    0.000ns
  Clock Domain Crossing:  Inter clock paths are considered valid unless explicitly excluded by timing constraints such as set_clock_groups or set_false_path.

    Location             Delay type                Incr(ns)  Path(ns)    Netlist Resource(s)
  -------------------------------------------------------------------    -------------------
                         (clock clk_out1_clk_wiz_0 rise edge)
                                                      0.000     0.000 r  
    H16                                               0.000     0.000 r  clk (IN)
                         net (fo=0)                   0.000     0.000    CLOCK_WIZ_INST/inst/clk_in1
    H16                  IBUF (Prop_ibuf_I_O)         0.219     0.219 r  CLOCK_WIZ_INST/inst/clkin1_ibufg/O
                         net (fo=1, routed)           0.440     0.659    CLOCK_WIZ_INST/inst/clk_in1_clk_wiz_0
    MMCME2_ADV_X1Y2      MMCME2_ADV (Prop_mmcme2_adv_CLKIN1_CLKOUT0)
                                                     -2.613    -1.954 r  CLOCK_WIZ_INST/inst/mmcm_adv_inst/CLKOUT0
                         net (fo=1, routed)           0.696    -1.257    CLOCK_WIZ_INST/inst/clk_out1_clk_wiz_0
    BUFGCTRL_X0Y16       BUFG (Prop_bufg_I_O)         0.026    -1.231 r  CLOCK_WIZ_INST/inst/clkout1_buf/O
                         net (fo=14289, routed)       0.545    -0.686    TREE_GENERATE_INST/SORTER/CELL_ARRAY_GEN[134].MIDDLE_CELLS.cell_inst_mid/clk
    SLICE_X50Y68         FDRE                                         r  TREE_GENERATE_INST/SORTER/CELL_ARRAY_GEN[134].MIDDLE_CELLS.cell_inst_mid/r_symbol_reg[6]/C
  -------------------------------------------------------------------    -------------------
    SLICE_X50Y68         FDRE (Prop_fdre_C_Q)         0.164    -0.522 r  TREE_GENERATE_INST/SORTER/CELL_ARRAY_GEN[134].MIDDLE_CELLS.cell_inst_mid/r_symbol_reg[6]/Q
                         net (fo=5, routed)           0.298    -0.224    TREE_GENERATE_INST/SORTER/CELL_ARRAY_GEN[133].MIDDLE_CELLS.cell_inst_mid/right_symbol[6]
    SLICE_X40Y62         LUT3 (Prop_lut3_I2_O)        0.045    -0.179 r  TREE_GENERATE_INST/SORTER/CELL_ARRAY_GEN[133].MIDDLE_CELLS.cell_inst_mid/r_symbol[6]_i_2/O
                         net (fo=1, routed)           0.000    -0.179    TREE_GENERATE_INST/SORTER/CELL_ARRAY_GEN[133].MIDDLE_CELLS.cell_inst_mid/r_symbol[6]_i_2_n_0
    SLICE_X40Y62         FDRE                                         r  TREE_GENERATE_INST/SORTER/CELL_ARRAY_GEN[133].MIDDLE_CELLS.cell_inst_mid/r_symbol_reg[6]/D
  -------------------------------------------------------------------    -------------------

                         (clock clk_out1_clk_wiz_0_1 rise edge)
                                                      0.000     0.000 r  
    H16                                               0.000     0.000 r  clk (IN)
                         net (fo=0)                   0.000     0.000    CLOCK_WIZ_INST/inst/clk_in1
    H16                  IBUF (Prop_ibuf_I_O)         0.406     0.406 r  CLOCK_WIZ_INST/inst/clkin1_ibufg/O
                         net (fo=1, routed)           0.480     0.886    CLOCK_WIZ_INST/inst/clk_in1_clk_wiz_0
    MMCME2_ADV_X1Y2      MMCME2_ADV (Prop_mmcme2_adv_CLKIN1_CLKOUT0)
                                                     -3.407    -2.521 r  CLOCK_WIZ_INST/inst/mmcm_adv_inst/CLKOUT0
                         net (fo=1, routed)           0.752    -1.769    CLOCK_WIZ_INST/inst/clk_out1_clk_wiz_0
    BUFGCTRL_X0Y16       BUFG (Prop_bufg_I_O)         0.029    -1.740 r  CLOCK_WIZ_INST/inst/clkout1_buf/O
                         net (fo=14289, routed)       0.820    -0.920    TREE_GENERATE_INST/SORTER/CELL_ARRAY_GEN[133].MIDDLE_CELLS.cell_inst_mid/clk
    SLICE_X40Y62         FDRE                                         r  TREE_GENERATE_INST/SORTER/CELL_ARRAY_GEN[133].MIDDLE_CELLS.cell_inst_mid/r_symbol_reg[6]/C
                         clock pessimism              0.504    -0.416    
                         clock uncertainty            0.083    -0.333    
    SLICE_X40Y62         FDRE (Hold_fdre_C_D)         0.092    -0.241    TREE_GENERATE_INST/SORTER/CELL_ARRAY_GEN[133].MIDDLE_CELLS.cell_inst_mid/r_symbol_reg[6]
  -------------------------------------------------------------------
                         required time                          0.241    
                         arrival time                          -0.179    
  -------------------------------------------------------------------
                         slack                                  0.062    

Slack (MET) :             0.068ns  (arrival time - required time)
  Source:                 UART_TX_INST/tx_par_bit_reg/C
                            (rising edge-triggered cell FDRE clocked by clk_out1_clk_wiz_0  {rise@0.000ns fall@12.500ns period=25.000ns})
  Destination:            UART_TX_INST/tx_reg/D
                            (rising edge-triggered cell FDRE clocked by clk_out1_clk_wiz_0_1  {rise@0.000ns fall@12.500ns period=25.000ns})
  Path Group:             clk_out1_clk_wiz_0_1
  Path Type:              Hold (Min at Fast Process Corner)
  Requirement:            0.000ns  (clk_out1_clk_wiz_0_1 rise@0.000ns - clk_out1_clk_wiz_0 rise@0.000ns)
  Data Path Delay:        0.284ns  (logic 0.186ns (65.445%)  route 0.098ns (34.555%))
  Logic Levels:           1  (LUT6=1)
  Clock Path Skew:        0.013ns (DCD - SCD - CPR)
    Destination Clock Delay (DCD):    -0.775ns
    Source Clock Delay      (SCD):    -0.541ns
    Clock Pessimism Removal (CPR):    -0.247ns
  Clock Uncertainty:      0.083ns  ((TSJ^2 + DJ^2)^1/2) / 2 + PE
    Total System Jitter     (TSJ):    0.071ns
    Discrete Jitter          (DJ):    0.151ns
    Phase Error              (PE):    0.000ns
  Clock Domain Crossing:  Inter clock paths are considered valid unless explicitly excluded by timing constraints such as set_clock_groups or set_false_path.

    Location             Delay type                Incr(ns)  Path(ns)    Netlist Resource(s)
  -------------------------------------------------------------------    -------------------
                         (clock clk_out1_clk_wiz_0 rise edge)
                                                      0.000     0.000 r  
    H16                                               0.000     0.000 r  clk (IN)
                         net (fo=0)                   0.000     0.000    CLOCK_WIZ_INST/inst/clk_in1
    H16                  IBUF (Prop_ibuf_I_O)         0.219     0.219 r  CLOCK_WIZ_INST/inst/clkin1_ibufg/O
                         net (fo=1, routed)           0.440     0.659    CLOCK_WIZ_INST/inst/clk_in1_clk_wiz_0
    MMCME2_ADV_X1Y2      MMCME2_ADV (Prop_mmcme2_adv_CLKIN1_CLKOUT0)
                                                     -2.613    -1.954 r  CLOCK_WIZ_INST/inst/mmcm_adv_inst/CLKOUT0
                         net (fo=1, routed)           0.696    -1.257    CLOCK_WIZ_INST/inst/clk_out1_clk_wiz_0
    BUFGCTRL_X0Y16       BUFG (Prop_bufg_I_O)         0.026    -1.231 r  CLOCK_WIZ_INST/inst/clkout1_buf/O
                         net (fo=14289, routed)       0.690    -0.541    UART_TX_INST/clk
    SLICE_X105Y103       FDRE                                         r  UART_TX_INST/tx_par_bit_reg/C
  -------------------------------------------------------------------    -------------------
    SLICE_X105Y103       FDRE (Prop_fdre_C_Q)         0.141    -0.400 r  UART_TX_INST/tx_par_bit_reg/Q
                         net (fo=2, routed)           0.098    -0.302    UART_TX_INST/tx_par_bit_reg_n_0
    SLICE_X104Y103       LUT6 (Prop_lut6_I5_O)        0.045    -0.257 r  UART_TX_INST/tx_i_1/O
                         net (fo=1, routed)           0.000    -0.257    UART_TX_INST/tx_i_1_n_0
    SLICE_X104Y103       FDRE                                         r  UART_TX_INST/tx_reg/D
  -------------------------------------------------------------------    -------------------

                         (clock clk_out1_clk_wiz_0_1 rise edge)
                                                      0.000     0.000 r  
    H16                                               0.000     0.000 r  clk (IN)
                         net (fo=0)                   0.000     0.000    CLOCK_WIZ_INST/inst/clk_in1
    H16                  IBUF (Prop_ibuf_I_O)         0.406     0.406 r  CLOCK_WIZ_INST/inst/clkin1_ibufg/O
                         net (fo=1, routed)           0.480     0.886    CLOCK_WIZ_INST/inst/clk_in1_clk_wiz_0
    MMCME2_ADV_X1Y2      MMCME2_ADV (Prop_mmcme2_adv_CLKIN1_CLKOUT0)
                                                     -3.407    -2.521 r  CLOCK_WIZ_INST/inst/mmcm_adv_inst/CLKOUT0
                         net (fo=1, routed)           0.752    -1.769    CLOCK_WIZ_INST/inst/clk_out1_clk_wiz_0
    BUFGCTRL_X0Y16       BUFG (Prop_bufg_I_O)         0.029    -1.740 r  CLOCK_WIZ_INST/inst/clkout1_buf/O
                         net (fo=14289, routed)       0.965    -0.775    UART_TX_INST/clk
    SLICE_X104Y103       FDRE                                         r  UART_TX_INST/tx_reg/C
                         clock pessimism              0.247    -0.528    
                         clock uncertainty            0.083    -0.445    
    SLICE_X104Y103       FDRE (Hold_fdre_C_D)         0.120    -0.325    UART_TX_INST/tx_reg
  -------------------------------------------------------------------
                         required time                          0.325    
                         arrival time                          -0.257    
  -------------------------------------------------------------------
                         slack                                  0.068    

Slack (MET) :             0.072ns  (arrival time - required time)
  Source:                 TREE_GENERATE_INST/SORTER/CELL_ARRAY_GEN[156].MIDDLE_CELLS.cell_inst_mid/r_symbol_reg[6]/C
                            (rising edge-triggered cell FDRE clocked by clk_out1_clk_wiz_0  {rise@0.000ns fall@12.500ns period=25.000ns})
  Destination:            TREE_GENERATE_INST/SORTER/CELL_ARRAY_GEN[155].MIDDLE_CELLS.cell_inst_mid/r_symbol_reg[6]/D
                            (rising edge-triggered cell FDRE clocked by clk_out1_clk_wiz_0_1  {rise@0.000ns fall@12.500ns period=25.000ns})
  Path Group:             clk_out1_clk_wiz_0_1
  Path Type:              Hold (Min at Fast Process Corner)
  Requirement:            0.000ns  (clk_out1_clk_wiz_0_1 rise@0.000ns - clk_out1_clk_wiz_0 rise@0.000ns)
  Data Path Delay:        0.506ns  (logic 0.226ns (44.630%)  route 0.280ns (55.370%))
  Logic Levels:           1  (LUT6=1)
  Clock Path Skew:        0.259ns (DCD - SCD - CPR)
    Destination Clock Delay (DCD):    -0.922ns
    Source Clock Delay      (SCD):    -0.677ns
    Clock Pessimism Removal (CPR):    -0.504ns
  Clock Uncertainty:      0.083ns  ((TSJ^2 + DJ^2)^1/2) / 2 + PE
    Total System Jitter     (TSJ):    0.071ns
    Discrete Jitter          (DJ):    0.151ns
    Phase Error              (PE):    0.000ns
  Clock Domain Crossing:  Inter clock paths are considered valid unless explicitly excluded by timing constraints such as set_clock_groups or set_false_path.

    Location             Delay type                Incr(ns)  Path(ns)    Netlist Resource(s)
  -------------------------------------------------------------------    -------------------
                         (clock clk_out1_clk_wiz_0 rise edge)
                                                      0.000     0.000 r  
    H16                                               0.000     0.000 r  clk (IN)
                         net (fo=0)                   0.000     0.000    CLOCK_WIZ_INST/inst/clk_in1
    H16                  IBUF (Prop_ibuf_I_O)         0.219     0.219 r  CLOCK_WIZ_INST/inst/clkin1_ibufg/O
                         net (fo=1, routed)           0.440     0.659    CLOCK_WIZ_INST/inst/clk_in1_clk_wiz_0
    MMCME2_ADV_X1Y2      MMCME2_ADV (Prop_mmcme2_adv_CLKIN1_CLKOUT0)
                                                     -2.613    -1.954 r  CLOCK_WIZ_INST/inst/mmcm_adv_inst/CLKOUT0
                         net (fo=1, routed)           0.696    -1.257    CLOCK_WIZ_INST/inst/clk_out1_clk_wiz_0
    BUFGCTRL_X0Y16       BUFG (Prop_bufg_I_O)         0.026    -1.231 r  CLOCK_WIZ_INST/inst/clkout1_buf/O
                         net (fo=14289, routed)       0.554    -0.677    TREE_GENERATE_INST/SORTER/CELL_ARRAY_GEN[156].MIDDLE_CELLS.cell_inst_mid/clk
    SLICE_X48Y59         FDRE                                         r  TREE_GENERATE_INST/SORTER/CELL_ARRAY_GEN[156].MIDDLE_CELLS.cell_inst_mid/r_symbol_reg[6]/C
  -------------------------------------------------------------------    -------------------
    SLICE_X48Y59         FDRE (Prop_fdre_C_Q)         0.128    -0.549 r  TREE_GENERATE_INST/SORTER/CELL_ARRAY_GEN[156].MIDDLE_CELLS.cell_inst_mid/r_symbol_reg[6]/Q
                         net (fo=5, routed)           0.280    -0.269    TREE_GENERATE_INST/SORTER/CELL_ARRAY_GEN[155].MIDDLE_CELLS.cell_inst_mid/right_symbol[6]
    SLICE_X51Y60         LUT6 (Prop_lut6_I0_O)        0.098    -0.171 r  TREE_GENERATE_INST/SORTER/CELL_ARRAY_GEN[155].MIDDLE_CELLS.cell_inst_mid/r_symbol[6]_i_1/O
                         net (fo=1, routed)           0.000    -0.171    TREE_GENERATE_INST/SORTER/CELL_ARRAY_GEN[155].MIDDLE_CELLS.cell_inst_mid/r_symbol[6]_i_1_n_0
    SLICE_X51Y60         FDRE                                         r  TREE_GENERATE_INST/SORTER/CELL_ARRAY_GEN[155].MIDDLE_CELLS.cell_inst_mid/r_symbol_reg[6]/D
  -------------------------------------------------------------------    -------------------

                         (clock clk_out1_clk_wiz_0_1 rise edge)
                                                      0.000     0.000 r  
    H16                                               0.000     0.000 r  clk (IN)
                         net (fo=0)                   0.000     0.000    CLOCK_WIZ_INST/inst/clk_in1
    H16                  IBUF (Prop_ibuf_I_O)         0.406     0.406 r  CLOCK_WIZ_INST/inst/clkin1_ibufg/O
                         net (fo=1, routed)           0.480     0.886    CLOCK_WIZ_INST/inst/clk_in1_clk_wiz_0
    MMCME2_ADV_X1Y2      MMCME2_ADV (Prop_mmcme2_adv_CLKIN1_CLKOUT0)
                                                     -3.407    -2.521 r  CLOCK_WIZ_INST/inst/mmcm_adv_inst/CLKOUT0
                         net (fo=1, routed)           0.752    -1.769    CLOCK_WIZ_INST/inst/clk_out1_clk_wiz_0
    BUFGCTRL_X0Y16       BUFG (Prop_bufg_I_O)         0.029    -1.740 r  CLOCK_WIZ_INST/inst/clkout1_buf/O
                         net (fo=14289, routed)       0.818    -0.922    TREE_GENERATE_INST/SORTER/CELL_ARRAY_GEN[155].MIDDLE_CELLS.cell_inst_mid/clk
    SLICE_X51Y60         FDRE                                         r  TREE_GENERATE_INST/SORTER/CELL_ARRAY_GEN[155].MIDDLE_CELLS.cell_inst_mid/r_symbol_reg[6]/C
                         clock pessimism              0.504    -0.418    
                         clock uncertainty            0.083    -0.335    
    SLICE_X51Y60         FDRE (Hold_fdre_C_D)         0.092    -0.243    TREE_GENERATE_INST/SORTER/CELL_ARRAY_GEN[155].MIDDLE_CELLS.cell_inst_mid/r_symbol_reg[6]
  -------------------------------------------------------------------
                         required time                          0.243    
                         arrival time                          -0.171    
  -------------------------------------------------------------------
                         slack                                  0.072    

Slack (MET) :             0.075ns  (arrival time - required time)
  Source:                 CANONICAL_CODE_GENERATE_INST/dict_wr_addr_reg[3]/C
                            (rising edge-triggered cell FDRE clocked by clk_out1_clk_wiz_0  {rise@0.000ns fall@12.500ns period=25.000ns})
  Destination:            CANONICAL_CODE_GENERATE_INST/DICTIONARY_BRAM/ram_name_reg/ADDRBWRADDR[8]
                            (rising edge-triggered cell RAMB18E1 clocked by clk_out1_clk_wiz_0_1  {rise@0.000ns fall@12.500ns period=25.000ns})
  Path Group:             clk_out1_clk_wiz_0_1
  Path Type:              Hold (Min at Fast Process Corner)
  Requirement:            0.000ns  (clk_out1_clk_wiz_0_1 rise@0.000ns - clk_out1_clk_wiz_0 rise@0.000ns)
  Data Path Delay:        0.400ns  (logic 0.141ns (35.278%)  route 0.259ns (64.722%))
  Logic Levels:           0  
  Clock Path Skew:        0.058ns (DCD - SCD - CPR)
    Destination Clock Delay (DCD):    -0.732ns
    Source Clock Delay      (SCD):    -0.541ns
    Clock Pessimism Removal (CPR):    -0.250ns
  Clock Uncertainty:      0.083ns  ((TSJ^2 + DJ^2)^1/2) / 2 + PE
    Total System Jitter     (TSJ):    0.071ns
    Discrete Jitter          (DJ):    0.151ns
    Phase Error              (PE):    0.000ns
  Clock Domain Crossing:  Inter clock paths are considered valid unless explicitly excluded by timing constraints such as set_clock_groups or set_false_path.

    Location             Delay type                Incr(ns)  Path(ns)    Netlist Resource(s)
  -------------------------------------------------------------------    -------------------
                         (clock clk_out1_clk_wiz_0 rise edge)
                                                      0.000     0.000 r  
    H16                                               0.000     0.000 r  clk (IN)
                         net (fo=0)                   0.000     0.000    CLOCK_WIZ_INST/inst/clk_in1
    H16                  IBUF (Prop_ibuf_I_O)         0.219     0.219 r  CLOCK_WIZ_INST/inst/clkin1_ibufg/O
                         net (fo=1, routed)           0.440     0.659    CLOCK_WIZ_INST/inst/clk_in1_clk_wiz_0
    MMCME2_ADV_X1Y2      MMCME2_ADV (Prop_mmcme2_adv_CLKIN1_CLKOUT0)
                                                     -2.613    -1.954 r  CLOCK_WIZ_INST/inst/mmcm_adv_inst/CLKOUT0
                         net (fo=1, routed)           0.696    -1.257    CLOCK_WIZ_INST/inst/clk_out1_clk_wiz_0
    BUFGCTRL_X0Y16       BUFG (Prop_bufg_I_O)         0.026    -1.231 r  CLOCK_WIZ_INST/inst/clkout1_buf/O
                         net (fo=14289, routed)       0.690    -0.541    CANONICAL_CODE_GENERATE_INST/clk
    SLICE_X105Y105       FDRE                                         r  CANONICAL_CODE_GENERATE_INST/dict_wr_addr_reg[3]/C
  -------------------------------------------------------------------    -------------------
    SLICE_X105Y105       FDRE (Prop_fdre_C_Q)         0.141    -0.400 r  CANONICAL_CODE_GENERATE_INST/dict_wr_addr_reg[3]/Q
                         net (fo=1, routed)           0.259    -0.141    CANONICAL_CODE_GENERATE_INST/DICTIONARY_BRAM/addra[3]
    RAMB18_X5Y42         RAMB18E1                                     r  CANONICAL_CODE_GENERATE_INST/DICTIONARY_BRAM/ram_name_reg/ADDRBWRADDR[8]
  -------------------------------------------------------------------    -------------------

                         (clock clk_out1_clk_wiz_0_1 rise edge)
                                                      0.000     0.000 r  
    H16                                               0.000     0.000 r  clk (IN)
                         net (fo=0)                   0.000     0.000    CLOCK_WIZ_INST/inst/clk_in1
    H16                  IBUF (Prop_ibuf_I_O)         0.406     0.406 r  CLOCK_WIZ_INST/inst/clkin1_ibufg/O
                         net (fo=1, routed)           0.480     0.886    CLOCK_WIZ_INST/inst/clk_in1_clk_wiz_0
    MMCME2_ADV_X1Y2      MMCME2_ADV (Prop_mmcme2_adv_CLKIN1_CLKOUT0)
                                                     -3.407    -2.521 r  CLOCK_WIZ_INST/inst/mmcm_adv_inst/CLKOUT0
                         net (fo=1, routed)           0.752    -1.769    CLOCK_WIZ_INST/inst/clk_out1_clk_wiz_0
    BUFGCTRL_X0Y16       BUFG (Prop_bufg_I_O)         0.029    -1.740 r  CLOCK_WIZ_INST/inst/clkout1_buf/O
                         net (fo=14289, routed)       1.007    -0.732    CANONICAL_CODE_GENERATE_INST/DICTIONARY_BRAM/clka
    RAMB18_X5Y42         RAMB18E1                                     r  CANONICAL_CODE_GENERATE_INST/DICTIONARY_BRAM/ram_name_reg/CLKBWRCLK
                         clock pessimism              0.250    -0.483    
                         clock uncertainty            0.083    -0.399    
    RAMB18_X5Y42         RAMB18E1 (Hold_ramb18e1_CLKBWRCLK_ADDRBWRADDR[8])
                                                      0.183    -0.216    CANONICAL_CODE_GENERATE_INST/DICTIONARY_BRAM/ram_name_reg
  -------------------------------------------------------------------
                         required time                          0.216    
                         arrival time                          -0.141    
  -------------------------------------------------------------------
                         slack                                  0.075    

Slack (MET) :             0.076ns  (arrival time - required time)
  Source:                 TREE_GENERATE_INST/tree_addr_reg_reg[2]/C
                            (rising edge-triggered cell FDRE clocked by clk_out1_clk_wiz_0  {rise@0.000ns fall@12.500ns period=25.000ns})
  Destination:            TREE_GENERATE_INST/LEFT_CHILD/ram_name_reg/ADDRARDADDR[6]
                            (rising edge-triggered cell RAMB18E1 clocked by clk_out1_clk_wiz_0_1  {rise@0.000ns fall@12.500ns period=25.000ns})
  Path Group:             clk_out1_clk_wiz_0_1
  Path Type:              Hold (Min at Fast Process Corner)
  Requirement:            0.000ns  (clk_out1_clk_wiz_0_1 rise@0.000ns - clk_out1_clk_wiz_0 rise@0.000ns)
  Data Path Delay:        0.394ns  (logic 0.141ns (35.794%)  route 0.253ns (64.206%))
  Logic Levels:           0  
  Clock Path Skew:        0.051ns (DCD - SCD - CPR)
    Destination Clock Delay (DCD):    -0.836ns
    Source Clock Delay      (SCD):    -0.633ns
    Clock Pessimism Removal (CPR):    -0.254ns
  Clock Uncertainty:      0.083ns  ((TSJ^2 + DJ^2)^1/2) / 2 + PE
    Total System Jitter     (TSJ):    0.071ns
    Discrete Jitter          (DJ):    0.151ns
    Phase Error              (PE):    0.000ns
  Clock Domain Crossing:  Inter clock paths are considered valid unless explicitly excluded by timing constraints such as set_clock_groups or set_false_path.

    Location             Delay type                Incr(ns)  Path(ns)    Netlist Resource(s)
  -------------------------------------------------------------------    -------------------
                         (clock clk_out1_clk_wiz_0 rise edge)
                                                      0.000     0.000 r  
    H16                                               0.000     0.000 r  clk (IN)
                         net (fo=0)                   0.000     0.000    CLOCK_WIZ_INST/inst/clk_in1
    H16                  IBUF (Prop_ibuf_I_O)         0.219     0.219 r  CLOCK_WIZ_INST/inst/clkin1_ibufg/O
                         net (fo=1, routed)           0.440     0.659    CLOCK_WIZ_INST/inst/clk_in1_clk_wiz_0
    MMCME2_ADV_X1Y2      MMCME2_ADV (Prop_mmcme2_adv_CLKIN1_CLKOUT0)
                                                     -2.613    -1.954 r  CLOCK_WIZ_INST/inst/mmcm_adv_inst/CLKOUT0
                         net (fo=1, routed)           0.696    -1.257    CLOCK_WIZ_INST/inst/clk_out1_clk_wiz_0
    BUFGCTRL_X0Y16       BUFG (Prop_bufg_I_O)         0.026    -1.231 r  CLOCK_WIZ_INST/inst/clkout1_buf/O
                         net (fo=14289, routed)       0.598    -0.633    TREE_GENERATE_INST/clk
    SLICE_X91Y69         FDRE                                         r  TREE_GENERATE_INST/tree_addr_reg_reg[2]/C
  -------------------------------------------------------------------    -------------------
    SLICE_X91Y69         FDRE (Prop_fdre_C_Q)         0.141    -0.492 r  TREE_GENERATE_INST/tree_addr_reg_reg[2]/Q
                         net (fo=2, routed)           0.253    -0.239    TREE_GENERATE_INST/LEFT_CHILD/addra[2]
    RAMB18_X4Y29         RAMB18E1                                     r  TREE_GENERATE_INST/LEFT_CHILD/ram_name_reg/ADDRARDADDR[6]
  -------------------------------------------------------------------    -------------------

                         (clock clk_out1_clk_wiz_0_1 rise edge)
                                                      0.000     0.000 r  
    H16                                               0.000     0.000 r  clk (IN)
                         net (fo=0)                   0.000     0.000    CLOCK_WIZ_INST/inst/clk_in1
    H16                  IBUF (Prop_ibuf_I_O)         0.406     0.406 r  CLOCK_WIZ_INST/inst/clkin1_ibufg/O
                         net (fo=1, routed)           0.480     0.886    CLOCK_WIZ_INST/inst/clk_in1_clk_wiz_0
    MMCME2_ADV_X1Y2      MMCME2_ADV (Prop_mmcme2_adv_CLKIN1_CLKOUT0)
                                                     -3.407    -2.521 r  CLOCK_WIZ_INST/inst/mmcm_adv_inst/CLKOUT0
                         net (fo=1, routed)           0.752    -1.769    CLOCK_WIZ_INST/inst/clk_out1_clk_wiz_0
    BUFGCTRL_X0Y16       BUFG (Prop_bufg_I_O)         0.029    -1.740 r  CLOCK_WIZ_INST/inst/clkout1_buf/O
                         net (fo=14289, routed)       0.903    -0.836    TREE_GENERATE_INST/LEFT_CHILD/clka
    RAMB18_X4Y29         RAMB18E1                                     r  TREE_GENERATE_INST/LEFT_CHILD/ram_name_reg/CLKARDCLK
                         clock pessimism              0.254    -0.582    
                         clock uncertainty            0.083    -0.499    
    RAMB18_X4Y29         RAMB18E1 (Hold_ramb18e1_CLKARDCLK_ADDRARDADDR[6])
                                                      0.183    -0.316    TREE_GENERATE_INST/LEFT_CHILD/ram_name_reg
  -------------------------------------------------------------------
                         required time                          0.316    
                         arrival time                          -0.239    
  -------------------------------------------------------------------
                         slack                                  0.076    

Slack (MET) :             0.076ns  (arrival time - required time)
  Source:                 TREE_GENERATE_INST/tree_addr_reg_reg[2]/C
                            (rising edge-triggered cell FDRE clocked by clk_out1_clk_wiz_0  {rise@0.000ns fall@12.500ns period=25.000ns})
  Destination:            TREE_GENERATE_INST/RIGHT_CHILD/ram_name_reg/ADDRARDADDR[6]
                            (rising edge-triggered cell RAMB18E1 clocked by clk_out1_clk_wiz_0_1  {rise@0.000ns fall@12.500ns period=25.000ns})
  Path Group:             clk_out1_clk_wiz_0_1
  Path Type:              Hold (Min at Fast Process Corner)
  Requirement:            0.000ns  (clk_out1_clk_wiz_0_1 rise@0.000ns - clk_out1_clk_wiz_0 rise@0.000ns)
  Data Path Delay:        0.394ns  (logic 0.141ns (35.794%)  route 0.253ns (64.206%))
  Logic Levels:           0  
  Clock Path Skew:        0.051ns (DCD - SCD - CPR)
    Destination Clock Delay (DCD):    -0.836ns
    Source Clock Delay      (SCD):    -0.633ns
    Clock Pessimism Removal (CPR):    -0.254ns
  Clock Uncertainty:      0.083ns  ((TSJ^2 + DJ^2)^1/2) / 2 + PE
    Total System Jitter     (TSJ):    0.071ns
    Discrete Jitter          (DJ):    0.151ns
    Phase Error              (PE):    0.000ns
  Clock Domain Crossing:  Inter clock paths are considered valid unless explicitly excluded by timing constraints such as set_clock_groups or set_false_path.

    Location             Delay type                Incr(ns)  Path(ns)    Netlist Resource(s)
  -------------------------------------------------------------------    -------------------
                         (clock clk_out1_clk_wiz_0 rise edge)
                                                      0.000     0.000 r  
    H16                                               0.000     0.000 r  clk (IN)
                         net (fo=0)                   0.000     0.000    CLOCK_WIZ_INST/inst/clk_in1
    H16                  IBUF (Prop_ibuf_I_O)         0.219     0.219 r  CLOCK_WIZ_INST/inst/clkin1_ibufg/O
                         net (fo=1, routed)           0.440     0.659    CLOCK_WIZ_INST/inst/clk_in1_clk_wiz_0
    MMCME2_ADV_X1Y2      MMCME2_ADV (Prop_mmcme2_adv_CLKIN1_CLKOUT0)
                                                     -2.613    -1.954 r  CLOCK_WIZ_INST/inst/mmcm_adv_inst/CLKOUT0
                         net (fo=1, routed)           0.696    -1.257    CLOCK_WIZ_INST/inst/clk_out1_clk_wiz_0
    BUFGCTRL_X0Y16       BUFG (Prop_bufg_I_O)         0.026    -1.231 r  CLOCK_WIZ_INST/inst/clkout1_buf/O
                         net (fo=14289, routed)       0.598    -0.633    TREE_GENERATE_INST/clk
    SLICE_X91Y69         FDRE                                         r  TREE_GENERATE_INST/tree_addr_reg_reg[2]/C
  -------------------------------------------------------------------    -------------------
    SLICE_X91Y69         FDRE (Prop_fdre_C_Q)         0.141    -0.492 r  TREE_GENERATE_INST/tree_addr_reg_reg[2]/Q
                         net (fo=2, routed)           0.253    -0.239    TREE_GENERATE_INST/RIGHT_CHILD/addra[2]
    RAMB18_X4Y28         RAMB18E1                                     r  TREE_GENERATE_INST/RIGHT_CHILD/ram_name_reg/ADDRARDADDR[6]
  -------------------------------------------------------------------    -------------------

                         (clock clk_out1_clk_wiz_0_1 rise edge)
                                                      0.000     0.000 r  
    H16                                               0.000     0.000 r  clk (IN)
                         net (fo=0)                   0.000     0.000    CLOCK_WIZ_INST/inst/clk_in1
    H16                  IBUF (Prop_ibuf_I_O)         0.406     0.406 r  CLOCK_WIZ_INST/inst/clkin1_ibufg/O
                         net (fo=1, routed)           0.480     0.886    CLOCK_WIZ_INST/inst/clk_in1_clk_wiz_0
    MMCME2_ADV_X1Y2      MMCME2_ADV (Prop_mmcme2_adv_CLKIN1_CLKOUT0)
                                                     -3.407    -2.521 r  CLOCK_WIZ_INST/inst/mmcm_adv_inst/CLKOUT0
                         net (fo=1, routed)           0.752    -1.769    CLOCK_WIZ_INST/inst/clk_out1_clk_wiz_0
    BUFGCTRL_X0Y16       BUFG (Prop_bufg_I_O)         0.029    -1.740 r  CLOCK_WIZ_INST/inst/clkout1_buf/O
                         net (fo=14289, routed)       0.903    -0.836    TREE_GENERATE_INST/RIGHT_CHILD/clka
    RAMB18_X4Y28         RAMB18E1                                     r  TREE_GENERATE_INST/RIGHT_CHILD/ram_name_reg/CLKARDCLK
                         clock pessimism              0.254    -0.582    
                         clock uncertainty            0.083    -0.499    
    RAMB18_X4Y28         RAMB18E1 (Hold_ramb18e1_CLKARDCLK_ADDRARDADDR[6])
                                                      0.183    -0.316    TREE_GENERATE_INST/RIGHT_CHILD/ram_name_reg
  -------------------------------------------------------------------
                         required time                          0.316    
                         arrival time                          -0.239    
  -------------------------------------------------------------------
                         slack                                  0.076    

Slack (MET) :             0.078ns  (arrival time - required time)
  Source:                 TREE_GENERATE_INST/tree_addr_reg_reg[4]/C
                            (rising edge-triggered cell FDRE clocked by clk_out1_clk_wiz_0  {rise@0.000ns fall@12.500ns period=25.000ns})
  Destination:            TREE_GENERATE_INST/LEFT_CHILD/ram_name_reg/ADDRARDADDR[8]
                            (rising edge-triggered cell RAMB18E1 clocked by clk_out1_clk_wiz_0_1  {rise@0.000ns fall@12.500ns period=25.000ns})
  Path Group:             clk_out1_clk_wiz_0_1
  Path Type:              Hold (Min at Fast Process Corner)
  Requirement:            0.000ns  (clk_out1_clk_wiz_0_1 rise@0.000ns - clk_out1_clk_wiz_0 rise@0.000ns)
  Data Path Delay:        0.395ns  (logic 0.141ns (35.653%)  route 0.254ns (64.347%))
  Logic Levels:           0  
  Clock Path Skew:        0.051ns (DCD - SCD - CPR)
    Destination Clock Delay (DCD):    -0.836ns
    Source Clock Delay      (SCD):    -0.633ns
    Clock Pessimism Removal (CPR):    -0.254ns
  Clock Uncertainty:      0.083ns  ((TSJ^2 + DJ^2)^1/2) / 2 + PE
    Total System Jitter     (TSJ):    0.071ns
    Discrete Jitter          (DJ):    0.151ns
    Phase Error              (PE):    0.000ns
  Clock Domain Crossing:  Inter clock paths are considered valid unless explicitly excluded by timing constraints such as set_clock_groups or set_false_path.

    Location             Delay type                Incr(ns)  Path(ns)    Netlist Resource(s)
  -------------------------------------------------------------------    -------------------
                         (clock clk_out1_clk_wiz_0 rise edge)
                                                      0.000     0.000 r  
    H16                                               0.000     0.000 r  clk (IN)
                         net (fo=0)                   0.000     0.000    CLOCK_WIZ_INST/inst/clk_in1
    H16                  IBUF (Prop_ibuf_I_O)         0.219     0.219 r  CLOCK_WIZ_INST/inst/clkin1_ibufg/O
                         net (fo=1, routed)           0.440     0.659    CLOCK_WIZ_INST/inst/clk_in1_clk_wiz_0
    MMCME2_ADV_X1Y2      MMCME2_ADV (Prop_mmcme2_adv_CLKIN1_CLKOUT0)
                                                     -2.613    -1.954 r  CLOCK_WIZ_INST/inst/mmcm_adv_inst/CLKOUT0
                         net (fo=1, routed)           0.696    -1.257    CLOCK_WIZ_INST/inst/clk_out1_clk_wiz_0
    BUFGCTRL_X0Y16       BUFG (Prop_bufg_I_O)         0.026    -1.231 r  CLOCK_WIZ_INST/inst/clkout1_buf/O
                         net (fo=14289, routed)       0.598    -0.633    TREE_GENERATE_INST/clk
    SLICE_X91Y69         FDRE                                         r  TREE_GENERATE_INST/tree_addr_reg_reg[4]/C
  -------------------------------------------------------------------    -------------------
    SLICE_X91Y69         FDRE (Prop_fdre_C_Q)         0.141    -0.492 r  TREE_GENERATE_INST/tree_addr_reg_reg[4]/Q
                         net (fo=2, routed)           0.254    -0.238    TREE_GENERATE_INST/LEFT_CHILD/addra[4]
    RAMB18_X4Y29         RAMB18E1                                     r  TREE_GENERATE_INST/LEFT_CHILD/ram_name_reg/ADDRARDADDR[8]
  -------------------------------------------------------------------    -------------------

                         (clock clk_out1_clk_wiz_0_1 rise edge)
                                                      0.000     0.000 r  
    H16                                               0.000     0.000 r  clk (IN)
                         net (fo=0)                   0.000     0.000    CLOCK_WIZ_INST/inst/clk_in1
    H16                  IBUF (Prop_ibuf_I_O)         0.406     0.406 r  CLOCK_WIZ_INST/inst/clkin1_ibufg/O
                         net (fo=1, routed)           0.480     0.886    CLOCK_WIZ_INST/inst/clk_in1_clk_wiz_0
    MMCME2_ADV_X1Y2      MMCME2_ADV (Prop_mmcme2_adv_CLKIN1_CLKOUT0)
                                                     -3.407    -2.521 r  CLOCK_WIZ_INST/inst/mmcm_adv_inst/CLKOUT0
                         net (fo=1, routed)           0.752    -1.769    CLOCK_WIZ_INST/inst/clk_out1_clk_wiz_0
    BUFGCTRL_X0Y16       BUFG (Prop_bufg_I_O)         0.029    -1.740 r  CLOCK_WIZ_INST/inst/clkout1_buf/O
                         net (fo=14289, routed)       0.903    -0.836    TREE_GENERATE_INST/LEFT_CHILD/clka
    RAMB18_X4Y29         RAMB18E1                                     r  TREE_GENERATE_INST/LEFT_CHILD/ram_name_reg/CLKARDCLK
                         clock pessimism              0.254    -0.582    
                         clock uncertainty            0.083    -0.499    
    RAMB18_X4Y29         RAMB18E1 (Hold_ramb18e1_CLKARDCLK_ADDRARDADDR[8])
                                                      0.183    -0.316    TREE_GENERATE_INST/LEFT_CHILD/ram_name_reg
  -------------------------------------------------------------------
                         required time                          0.316    
                         arrival time                          -0.238    
  -------------------------------------------------------------------
                         slack                                  0.078    





--------------------------------------------------------------------------------------
Path Group:  (none)
From Clock:  clk_out1_clk_wiz_0
  To Clock:  

Max Delay             2 Endpoints
Min Delay             2 Endpoints
--------------------------------------------------------------------------------------


Max Delay Paths
--------------------------------------------------------------------------------------
Slack:                    inf
  Source:                 UART_TX_INST/tx_reg/C
                            (rising edge-triggered cell FDRE clocked by clk_out1_clk_wiz_0  {rise@0.000ns fall@12.500ns period=25.000ns})
  Destination:            tx_out
                            (output port)
  Path Group:             (none)
  Path Type:              Max at Slow Process Corner
  Data Path Delay:        9.809ns  (logic 4.106ns (41.860%)  route 5.703ns (58.140%))
  Logic Levels:           1  (OBUF=1)
  Clock Uncertainty:      0.176ns  ((TSJ^2 + DJ^2)^1/2) / 2 + PE
    Total System Jitter     (TSJ):    0.050ns
    Discrete Jitter          (DJ):    0.151ns
    Phase Error              (PE):    0.097ns

    Location             Delay type                Incr(ns)  Path(ns)    Netlist Resource(s)
  -------------------------------------------------------------------    -------------------
                         (clock clk_out1_clk_wiz_0 rise edge)
                                                      0.000     0.000 r  
    H16                                               0.000     0.000 r  clk (IN)
                         net (fo=0)                   0.000     0.000    CLOCK_WIZ_INST/inst/clk_in1
    H16                  IBUF (Prop_ibuf_I_O)         1.451     1.451 r  CLOCK_WIZ_INST/inst/clkin1_ibufg/O
                         net (fo=1, routed)           1.285     2.736    CLOCK_WIZ_INST/inst/clk_in1_clk_wiz_0
    MMCME2_ADV_X1Y2      MMCME2_ADV (Prop_mmcme2_adv_CLKIN1_CLKOUT0)
                                                     -7.759    -5.023 r  CLOCK_WIZ_INST/inst/mmcm_adv_inst/CLKOUT0
                         net (fo=1, routed)           2.206    -2.817    CLOCK_WIZ_INST/inst/clk_out1_clk_wiz_0
    BUFGCTRL_X0Y16       BUFG (Prop_bufg_I_O)         0.101    -2.716 r  CLOCK_WIZ_INST/inst/clkout1_buf/O
                         net (fo=14289, routed)       1.977    -0.739    UART_TX_INST/clk
    SLICE_X104Y103       FDRE                                         r  UART_TX_INST/tx_reg/C
  -------------------------------------------------------------------    -------------------
    SLICE_X104Y103       FDRE (Prop_fdre_C_Q)         0.518    -0.221 r  UART_TX_INST/tx_reg/Q
                         net (fo=1, routed)           5.703     5.482    tx_out_OBUF
    Y11                  OBUF (Prop_obuf_I_O)         3.588     9.070 r  tx_out_OBUF_inst/O
                         net (fo=0)                   0.000     9.070    tx_out
    Y11                                                               r  tx_out (OUT)
  -------------------------------------------------------------------    -------------------

Slack:                    inf
  Source:                 tx_done_reg/C
                            (rising edge-triggered cell FDRE clocked by clk_out1_clk_wiz_0  {rise@0.000ns fall@12.500ns period=25.000ns})
  Destination:            tx_done
                            (output port)
  Path Group:             (none)
  Path Type:              Max at Slow Process Corner
  Data Path Delay:        5.855ns  (logic 4.028ns (68.806%)  route 1.826ns (31.194%))
  Logic Levels:           1  (OBUF=1)
  Clock Uncertainty:      0.176ns  ((TSJ^2 + DJ^2)^1/2) / 2 + PE
    Total System Jitter     (TSJ):    0.050ns
    Discrete Jitter          (DJ):    0.151ns
    Phase Error              (PE):    0.097ns

    Location             Delay type                Incr(ns)  Path(ns)    Netlist Resource(s)
  -------------------------------------------------------------------    -------------------
                         (clock clk_out1_clk_wiz_0 rise edge)
                                                      0.000     0.000 r  
    H16                                               0.000     0.000 r  clk (IN)
                         net (fo=0)                   0.000     0.000    CLOCK_WIZ_INST/inst/clk_in1
    H16                  IBUF (Prop_ibuf_I_O)         1.451     1.451 r  CLOCK_WIZ_INST/inst/clkin1_ibufg/O
                         net (fo=1, routed)           1.285     2.736    CLOCK_WIZ_INST/inst/clk_in1_clk_wiz_0
    MMCME2_ADV_X1Y2      MMCME2_ADV (Prop_mmcme2_adv_CLKIN1_CLKOUT0)
                                                     -7.759    -5.023 r  CLOCK_WIZ_INST/inst/mmcm_adv_inst/CLKOUT0
                         net (fo=1, routed)           2.206    -2.817    CLOCK_WIZ_INST/inst/clk_out1_clk_wiz_0
    BUFGCTRL_X0Y16       BUFG (Prop_bufg_I_O)         0.101    -2.716 r  CLOCK_WIZ_INST/inst/clkout1_buf/O
                         net (fo=14289, routed)       2.057    -0.659    clk_40mhz
    SLICE_X110Y105       FDRE                                         r  tx_done_reg/C
  -------------------------------------------------------------------    -------------------
    SLICE_X110Y105       FDRE (Prop_fdre_C_Q)         0.456    -0.203 r  tx_done_reg/Q
                         net (fo=1, routed)           1.826     1.623    tx_done_OBUF
    N16                  OBUF (Prop_obuf_I_O)         3.572     5.195 r  tx_done_OBUF_inst/O
                         net (fo=0)                   0.000     5.195    tx_done
    N16                                                               r  tx_done (OUT)
  -------------------------------------------------------------------    -------------------





Min Delay Paths
--------------------------------------------------------------------------------------
Slack:                    inf
  Source:                 tx_done_reg/C
                            (rising edge-triggered cell FDRE clocked by clk_out1_clk_wiz_0  {rise@0.000ns fall@12.500ns period=25.000ns})
  Destination:            tx_done
                            (output port)
  Path Group:             (none)
  Path Type:              Min at Fast Process Corner
  Data Path Delay:        1.824ns  (logic 1.414ns (77.506%)  route 0.410ns (22.494%))
  Logic Levels:           1  (OBUF=1)
  Clock Uncertainty:      0.176ns  ((TSJ^2 + DJ^2)^1/2) / 2 + PE
    Total System Jitter     (TSJ):    0.050ns
    Discrete Jitter          (DJ):    0.151ns
    Phase Error              (PE):    0.097ns

    Location             Delay type                Incr(ns)  Path(ns)    Netlist Resource(s)
  -------------------------------------------------------------------    -------------------
                         (clock clk_out1_clk_wiz_0 rise edge)
                                                      0.000     0.000 r  
    H16                                               0.000     0.000 r  clk (IN)
                         net (fo=0)                   0.000     0.000    CLOCK_WIZ_INST/inst/clk_in1
    H16                  IBUF (Prop_ibuf_I_O)         0.219     0.219 r  CLOCK_WIZ_INST/inst/clkin1_ibufg/O
                         net (fo=1, routed)           0.440     0.659    CLOCK_WIZ_INST/inst/clk_in1_clk_wiz_0
    MMCME2_ADV_X1Y2      MMCME2_ADV (Prop_mmcme2_adv_CLKIN1_CLKOUT0)
                                                     -2.613    -1.954 r  CLOCK_WIZ_INST/inst/mmcm_adv_inst/CLKOUT0
                         net (fo=1, routed)           0.696    -1.257    CLOCK_WIZ_INST/inst/clk_out1_clk_wiz_0
    BUFGCTRL_X0Y16       BUFG (Prop_bufg_I_O)         0.026    -1.231 r  CLOCK_WIZ_INST/inst/clkout1_buf/O
                         net (fo=14289, routed)       0.718    -0.513    clk_40mhz
    SLICE_X110Y105       FDRE                                         r  tx_done_reg/C
  -------------------------------------------------------------------    -------------------
    SLICE_X110Y105       FDRE (Prop_fdre_C_Q)         0.141    -0.372 r  tx_done_reg/Q
                         net (fo=1, routed)           0.410     0.038    tx_done_OBUF
    N16                  OBUF (Prop_obuf_I_O)         1.273     1.311 r  tx_done_OBUF_inst/O
                         net (fo=0)                   0.000     1.311    tx_done
    N16                                                               r  tx_done (OUT)
  -------------------------------------------------------------------    -------------------

Slack:                    inf
  Source:                 UART_TX_INST/tx_reg/C
                            (rising edge-triggered cell FDRE clocked by clk_out1_clk_wiz_0  {rise@0.000ns fall@12.500ns period=25.000ns})
  Destination:            tx_out
                            (output port)
  Path Group:             (none)
  Path Type:              Min at Fast Process Corner
  Data Path Delay:        3.498ns  (logic 1.452ns (41.527%)  route 2.045ns (58.473%))
  Logic Levels:           1  (OBUF=1)
  Clock Uncertainty:      0.176ns  ((TSJ^2 + DJ^2)^1/2) / 2 + PE
    Total System Jitter     (TSJ):    0.050ns
    Discrete Jitter          (DJ):    0.151ns
    Phase Error              (PE):    0.097ns

    Location             Delay type                Incr(ns)  Path(ns)    Netlist Resource(s)
  -------------------------------------------------------------------    -------------------
                         (clock clk_out1_clk_wiz_0 rise edge)
                                                      0.000     0.000 r  
    H16                                               0.000     0.000 r  clk (IN)
                         net (fo=0)                   0.000     0.000    CLOCK_WIZ_INST/inst/clk_in1
    H16                  IBUF (Prop_ibuf_I_O)         0.219     0.219 r  CLOCK_WIZ_INST/inst/clkin1_ibufg/O
                         net (fo=1, routed)           0.440     0.659    CLOCK_WIZ_INST/inst/clk_in1_clk_wiz_0
    MMCME2_ADV_X1Y2      MMCME2_ADV (Prop_mmcme2_adv_CLKIN1_CLKOUT0)
                                                     -2.613    -1.954 r  CLOCK_WIZ_INST/inst/mmcm_adv_inst/CLKOUT0
                         net (fo=1, routed)           0.696    -1.257    CLOCK_WIZ_INST/inst/clk_out1_clk_wiz_0
    BUFGCTRL_X0Y16       BUFG (Prop_bufg_I_O)         0.026    -1.231 r  CLOCK_WIZ_INST/inst/clkout1_buf/O
                         net (fo=14289, routed)       0.690    -0.541    UART_TX_INST/clk
    SLICE_X104Y103       FDRE                                         r  UART_TX_INST/tx_reg/C
  -------------------------------------------------------------------    -------------------
    SLICE_X104Y103       FDRE (Prop_fdre_C_Q)         0.164    -0.377 r  UART_TX_INST/tx_reg/Q
                         net (fo=1, routed)           2.045     1.668    tx_out_OBUF
    Y11                  OBUF (Prop_obuf_I_O)         1.288     2.956 r  tx_out_OBUF_inst/O
                         net (fo=0)                   0.000     2.956    tx_out
    Y11                                                               r  tx_out (OUT)
  -------------------------------------------------------------------    -------------------





--------------------------------------------------------------------------------------
Path Group:  (none)
From Clock:  clk_out1_clk_wiz_0_1
  To Clock:  

Max Delay             2 Endpoints
Min Delay             2 Endpoints
--------------------------------------------------------------------------------------


Max Delay Paths
--------------------------------------------------------------------------------------
Slack:                    inf
  Source:                 UART_TX_INST/tx_reg/C
                            (rising edge-triggered cell FDRE clocked by clk_out1_clk_wiz_0_1  {rise@0.000ns fall@12.500ns period=25.000ns})
  Destination:            tx_out
                            (output port)
  Path Group:             (none)
  Path Type:              Max at Slow Process Corner
  Data Path Delay:        9.809ns  (logic 4.106ns (41.860%)  route 5.703ns (58.140%))
  Logic Levels:           1  (OBUF=1)
  Clock Uncertainty:      0.175ns  ((TSJ^2 + DJ^2)^1/2) / 2 + PE
    Total System Jitter     (TSJ):    0.050ns
    Discrete Jitter          (DJ):    0.147ns
    Phase Error              (PE):    0.097ns

    Location             Delay type                Incr(ns)  Path(ns)    Netlist Resource(s)
  -------------------------------------------------------------------    -------------------
                         (clock clk_out1_clk_wiz_0_1 rise edge)
                                                      0.000     0.000 r  
    H16                                               0.000     0.000 r  clk (IN)
                         net (fo=0)                   0.000     0.000    CLOCK_WIZ_INST/inst/clk_in1
    H16                  IBUF (Prop_ibuf_I_O)         1.451     1.451 r  CLOCK_WIZ_INST/inst/clkin1_ibufg/O
                         net (fo=1, routed)           1.285     2.736    CLOCK_WIZ_INST/inst/clk_in1_clk_wiz_0
    MMCME2_ADV_X1Y2      MMCME2_ADV (Prop_mmcme2_adv_CLKIN1_CLKOUT0)
                                                     -7.759    -5.023 r  CLOCK_WIZ_INST/inst/mmcm_adv_inst/CLKOUT0
                         net (fo=1, routed)           2.206    -2.817    CLOCK_WIZ_INST/inst/clk_out1_clk_wiz_0
    BUFGCTRL_X0Y16       BUFG (Prop_bufg_I_O)         0.101    -2.716 r  CLOCK_WIZ_INST/inst/clkout1_buf/O
                         net (fo=14289, routed)       1.977    -0.739    UART_TX_INST/clk
    SLICE_X104Y103       FDRE                                         r  UART_TX_INST/tx_reg/C
  -------------------------------------------------------------------    -------------------
    SLICE_X104Y103       FDRE (Prop_fdre_C_Q)         0.518    -0.221 r  UART_TX_INST/tx_reg/Q
                         net (fo=1, routed)           5.703     5.482    tx_out_OBUF
    Y11                  OBUF (Prop_obuf_I_O)         3.588     9.070 r  tx_out_OBUF_inst/O
                         net (fo=0)                   0.000     9.070    tx_out
    Y11                                                               r  tx_out (OUT)
  -------------------------------------------------------------------    -------------------

Slack:                    inf
  Source:                 tx_done_reg/C
                            (rising edge-triggered cell FDRE clocked by clk_out1_clk_wiz_0_1  {rise@0.000ns fall@12.500ns period=25.000ns})
  Destination:            tx_done
                            (output port)
  Path Group:             (none)
  Path Type:              Max at Slow Process Corner
  Data Path Delay:        5.855ns  (logic 4.028ns (68.806%)  route 1.826ns (31.194%))
  Logic Levels:           1  (OBUF=1)
  Clock Uncertainty:      0.175ns  ((TSJ^2 + DJ^2)^1/2) / 2 + PE
    Total System Jitter     (TSJ):    0.050ns
    Discrete Jitter          (DJ):    0.147ns
    Phase Error              (PE):    0.097ns

    Location             Delay type                Incr(ns)  Path(ns)    Netlist Resource(s)
  -------------------------------------------------------------------    -------------------
                         (clock clk_out1_clk_wiz_0_1 rise edge)
                                                      0.000     0.000 r  
    H16                                               0.000     0.000 r  clk (IN)
                         net (fo=0)                   0.000     0.000    CLOCK_WIZ_INST/inst/clk_in1
    H16                  IBUF (Prop_ibuf_I_O)         1.451     1.451 r  CLOCK_WIZ_INST/inst/clkin1_ibufg/O
                         net (fo=1, routed)           1.285     2.736    CLOCK_WIZ_INST/inst/clk_in1_clk_wiz_0
    MMCME2_ADV_X1Y2      MMCME2_ADV (Prop_mmcme2_adv_CLKIN1_CLKOUT0)
                                                     -7.759    -5.023 r  CLOCK_WIZ_INST/inst/mmcm_adv_inst/CLKOUT0
                         net (fo=1, routed)           2.206    -2.817    CLOCK_WIZ_INST/inst/clk_out1_clk_wiz_0
    BUFGCTRL_X0Y16       BUFG (Prop_bufg_I_O)         0.101    -2.716 r  CLOCK_WIZ_INST/inst/clkout1_buf/O
                         net (fo=14289, routed)       2.057    -0.659    clk_40mhz
    SLICE_X110Y105       FDRE                                         r  tx_done_reg/C
  -------------------------------------------------------------------    -------------------
    SLICE_X110Y105       FDRE (Prop_fdre_C_Q)         0.456    -0.203 r  tx_done_reg/Q
                         net (fo=1, routed)           1.826     1.623    tx_done_OBUF
    N16                  OBUF (Prop_obuf_I_O)         3.572     5.195 r  tx_done_OBUF_inst/O
                         net (fo=0)                   0.000     5.195    tx_done
    N16                                                               r  tx_done (OUT)
  -------------------------------------------------------------------    -------------------





Min Delay Paths
--------------------------------------------------------------------------------------
Slack:                    inf
  Source:                 tx_done_reg/C
                            (rising edge-triggered cell FDRE clocked by clk_out1_clk_wiz_0_1  {rise@0.000ns fall@12.500ns period=25.000ns})
  Destination:            tx_done
                            (output port)
  Path Group:             (none)
  Path Type:              Min at Fast Process Corner
  Data Path Delay:        1.824ns  (logic 1.414ns (77.506%)  route 0.410ns (22.494%))
  Logic Levels:           1  (OBUF=1)
  Clock Uncertainty:      0.175ns  ((TSJ^2 + DJ^2)^1/2) / 2 + PE
    Total System Jitter     (TSJ):    0.050ns
    Discrete Jitter          (DJ):    0.147ns
    Phase Error              (PE):    0.097ns

    Location             Delay type                Incr(ns)  Path(ns)    Netlist Resource(s)
  -------------------------------------------------------------------    -------------------
                         (clock clk_out1_clk_wiz_0_1 rise edge)
                                                      0.000     0.000 r  
    H16                                               0.000     0.000 r  clk (IN)
                         net (fo=0)                   0.000     0.000    CLOCK_WIZ_INST/inst/clk_in1
    H16                  IBUF (Prop_ibuf_I_O)         0.219     0.219 r  CLOCK_WIZ_INST/inst/clkin1_ibufg/O
                         net (fo=1, routed)           0.440     0.659    CLOCK_WIZ_INST/inst/clk_in1_clk_wiz_0
    MMCME2_ADV_X1Y2      MMCME2_ADV (Prop_mmcme2_adv_CLKIN1_CLKOUT0)
                                                     -2.613    -1.954 r  CLOCK_WIZ_INST/inst/mmcm_adv_inst/CLKOUT0
                         net (fo=1, routed)           0.696    -1.257    CLOCK_WIZ_INST/inst/clk_out1_clk_wiz_0
    BUFGCTRL_X0Y16       BUFG (Prop_bufg_I_O)         0.026    -1.231 r  CLOCK_WIZ_INST/inst/clkout1_buf/O
                         net (fo=14289, routed)       0.718    -0.513    clk_40mhz
    SLICE_X110Y105       FDRE                                         r  tx_done_reg/C
  -------------------------------------------------------------------    -------------------
    SLICE_X110Y105       FDRE (Prop_fdre_C_Q)         0.141    -0.372 r  tx_done_reg/Q
                         net (fo=1, routed)           0.410     0.038    tx_done_OBUF
    N16                  OBUF (Prop_obuf_I_O)         1.273     1.311 r  tx_done_OBUF_inst/O
                         net (fo=0)                   0.000     1.311    tx_done
    N16                                                               r  tx_done (OUT)
  -------------------------------------------------------------------    -------------------

Slack:                    inf
  Source:                 UART_TX_INST/tx_reg/C
                            (rising edge-triggered cell FDRE clocked by clk_out1_clk_wiz_0_1  {rise@0.000ns fall@12.500ns period=25.000ns})
  Destination:            tx_out
                            (output port)
  Path Group:             (none)
  Path Type:              Min at Fast Process Corner
  Data Path Delay:        3.498ns  (logic 1.452ns (41.527%)  route 2.045ns (58.473%))
  Logic Levels:           1  (OBUF=1)
  Clock Uncertainty:      0.175ns  ((TSJ^2 + DJ^2)^1/2) / 2 + PE
    Total System Jitter     (TSJ):    0.050ns
    Discrete Jitter          (DJ):    0.147ns
    Phase Error              (PE):    0.097ns

    Location             Delay type                Incr(ns)  Path(ns)    Netlist Resource(s)
  -------------------------------------------------------------------    -------------------
                         (clock clk_out1_clk_wiz_0_1 rise edge)
                                                      0.000     0.000 r  
    H16                                               0.000     0.000 r  clk (IN)
                         net (fo=0)                   0.000     0.000    CLOCK_WIZ_INST/inst/clk_in1
    H16                  IBUF (Prop_ibuf_I_O)         0.219     0.219 r  CLOCK_WIZ_INST/inst/clkin1_ibufg/O
                         net (fo=1, routed)           0.440     0.659    CLOCK_WIZ_INST/inst/clk_in1_clk_wiz_0
    MMCME2_ADV_X1Y2      MMCME2_ADV (Prop_mmcme2_adv_CLKIN1_CLKOUT0)
                                                     -2.613    -1.954 r  CLOCK_WIZ_INST/inst/mmcm_adv_inst/CLKOUT0
                         net (fo=1, routed)           0.696    -1.257    CLOCK_WIZ_INST/inst/clk_out1_clk_wiz_0
    BUFGCTRL_X0Y16       BUFG (Prop_bufg_I_O)         0.026    -1.231 r  CLOCK_WIZ_INST/inst/clkout1_buf/O
                         net (fo=14289, routed)       0.690    -0.541    UART_TX_INST/clk
    SLICE_X104Y103       FDRE                                         r  UART_TX_INST/tx_reg/C
  -------------------------------------------------------------------    -------------------
    SLICE_X104Y103       FDRE (Prop_fdre_C_Q)         0.164    -0.377 r  UART_TX_INST/tx_reg/Q
                         net (fo=1, routed)           2.045     1.668    tx_out_OBUF
    Y11                  OBUF (Prop_obuf_I_O)         1.288     2.956 r  tx_out_OBUF_inst/O
                         net (fo=0)                   0.000     2.956    tx_out
    Y11                                                               r  tx_out (OUT)
  -------------------------------------------------------------------    -------------------





--------------------------------------------------------------------------------------
Path Group:  (none)
From Clock:  clkfbout_clk_wiz_0
  To Clock:  

Max Delay             1 Endpoint
Min Delay             1 Endpoint
--------------------------------------------------------------------------------------


Max Delay Paths
--------------------------------------------------------------------------------------
Slack:                    inf
  Source:                 CLOCK_WIZ_INST/inst/mmcm_adv_inst/CLKFBOUT
                            (clock source 'clkfbout_clk_wiz_0'  {rise@0.000ns fall@4.000ns period=8.000ns})
  Destination:            CLOCK_WIZ_INST/inst/mmcm_adv_inst/CLKFBIN
  Path Group:             (none)
  Path Type:              Max at Slow Process Corner
  Data Path Delay:        4.287ns  (logic 0.101ns (2.356%)  route 4.186ns (97.644%))
  Logic Levels:           1  (BUFG=1)
  Clock Uncertainty:      0.145ns  ((TSJ^2 + DJ^2)^1/2) / 2 + PE
    Total System Jitter     (TSJ):    0.050ns
    Discrete Jitter          (DJ):    0.081ns
    Phase Error              (PE):    0.097ns

    Location             Delay type                Incr(ns)  Path(ns)    Netlist Resource(s)
  -------------------------------------------------------------------    -------------------
                         (clock clkfbout_clk_wiz_0 fall edge)
                                                      4.000     4.000 f  
    H16                                               0.000     4.000 f  clk (IN)
                         net (fo=0)                   0.000     4.000    CLOCK_WIZ_INST/inst/clk_in1
    H16                  IBUF (Prop_ibuf_I_O)         1.451     5.451 f  CLOCK_WIZ_INST/inst/clkin1_ibufg/O
                         net (fo=1, routed)           1.285     6.736    CLOCK_WIZ_INST/inst/clk_in1_clk_wiz_0
  -------------------------------------------------------------------    -------------------
    MMCME2_ADV_X1Y2      MMCME2_ADV (Prop_mmcme2_adv_CLKIN1_CLKFBOUT)
                                                     -7.759    -1.023 f  CLOCK_WIZ_INST/inst/mmcm_adv_inst/CLKFBOUT
                         net (fo=1, routed)           2.206     1.183    CLOCK_WIZ_INST/inst/clkfbout_clk_wiz_0
    BUFGCTRL_X0Y17       BUFG (Prop_bufg_I_O)         0.101     1.284 f  CLOCK_WIZ_INST/inst/clkf_buf/O
                         net (fo=1, routed)           1.980     3.264    CLOCK_WIZ_INST/inst/clkfbout_buf_clk_wiz_0
    MMCME2_ADV_X1Y2      MMCME2_ADV                                   f  CLOCK_WIZ_INST/inst/mmcm_adv_inst/CLKFBIN
  -------------------------------------------------------------------    -------------------





Min Delay Paths
--------------------------------------------------------------------------------------
Slack:                    inf
  Source:                 CLOCK_WIZ_INST/inst/mmcm_adv_inst/CLKFBOUT
                            (clock source 'clkfbout_clk_wiz_0'  {rise@0.000ns fall@4.000ns period=8.000ns})
  Destination:            CLOCK_WIZ_INST/inst/mmcm_adv_inst/CLKFBIN
  Path Group:             (none)
  Path Type:              Min at Slow Process Corner
  Data Path Delay:        3.873ns  (logic 0.091ns (2.349%)  route 3.782ns (97.651%))
  Logic Levels:           1  (BUFG=1)
  Clock Uncertainty:      0.145ns  ((TSJ^2 + DJ^2)^1/2) / 2 + PE
    Total System Jitter     (TSJ):    0.050ns
    Discrete Jitter          (DJ):    0.081ns
    Phase Error              (PE):    0.097ns

    Location             Delay type                Incr(ns)  Path(ns)    Netlist Resource(s)
  -------------------------------------------------------------------    -------------------
                         (clock clkfbout_clk_wiz_0 rise edge)
                                                      0.000     0.000 r  
    H16                                               0.000     0.000 r  clk (IN)
                         net (fo=0)                   0.000     0.000    CLOCK_WIZ_INST/inst/clk_in1
    H16                  IBUF (Prop_ibuf_I_O)         1.380     1.380 r  CLOCK_WIZ_INST/inst/clkin1_ibufg/O
                         net (fo=1, routed)           1.162     2.542    CLOCK_WIZ_INST/inst/clk_in1_clk_wiz_0
  -------------------------------------------------------------------    -------------------
    MMCME2_ADV_X1Y2      MMCME2_ADV (Prop_mmcme2_adv_CLKIN1_CLKFBOUT)
                                                     -7.814    -5.272 r  CLOCK_WIZ_INST/inst/mmcm_adv_inst/CLKFBOUT
                         net (fo=1, routed)           2.012    -3.260    CLOCK_WIZ_INST/inst/clkfbout_clk_wiz_0
    BUFGCTRL_X0Y17       BUFG (Prop_bufg_I_O)         0.091    -3.169 r  CLOCK_WIZ_INST/inst/clkf_buf/O
                         net (fo=1, routed)           1.770    -1.399    CLOCK_WIZ_INST/inst/clkfbout_buf_clk_wiz_0
    MMCME2_ADV_X1Y2      MMCME2_ADV                                   r  CLOCK_WIZ_INST/inst/mmcm_adv_inst/CLKFBIN
  -------------------------------------------------------------------    -------------------





--------------------------------------------------------------------------------------
Path Group:  (none)
From Clock:  clkfbout_clk_wiz_0_1
  To Clock:  

Max Delay             1 Endpoint
Min Delay             1 Endpoint
--------------------------------------------------------------------------------------


Max Delay Paths
--------------------------------------------------------------------------------------
Slack:                    inf
  Source:                 CLOCK_WIZ_INST/inst/mmcm_adv_inst/CLKFBOUT
                            (clock source 'clkfbout_clk_wiz_0_1'  {rise@0.000ns fall@4.000ns period=8.000ns})
  Destination:            CLOCK_WIZ_INST/inst/mmcm_adv_inst/CLKFBIN
  Path Group:             (none)
  Path Type:              Max at Slow Process Corner
  Data Path Delay:        4.287ns  (logic 0.101ns (2.356%)  route 4.186ns (97.644%))
  Logic Levels:           1  (BUFG=1)
  Clock Uncertainty:      0.144ns  ((TSJ^2 + DJ^2)^1/2) / 2 + PE
    Total System Jitter     (TSJ):    0.050ns
    Discrete Jitter          (DJ):    0.079ns
    Phase Error              (PE):    0.097ns

    Location             Delay type                Incr(ns)  Path(ns)    Netlist Resource(s)
  -------------------------------------------------------------------    -------------------
                         (clock clkfbout_clk_wiz_0_1 fall edge)
                                                      4.000     4.000 f  
    H16                                               0.000     4.000 f  clk (IN)
                         net (fo=0)                   0.000     4.000    CLOCK_WIZ_INST/inst/clk_in1
    H16                  IBUF (Prop_ibuf_I_O)         1.451     5.451 f  CLOCK_WIZ_INST/inst/clkin1_ibufg/O
                         net (fo=1, routed)           1.285     6.736    CLOCK_WIZ_INST/inst/clk_in1_clk_wiz_0
  -------------------------------------------------------------------    -------------------
    MMCME2_ADV_X1Y2      MMCME2_ADV (Prop_mmcme2_adv_CLKIN1_CLKFBOUT)
                                                     -7.759    -1.023 f  CLOCK_WIZ_INST/inst/mmcm_adv_inst/CLKFBOUT
                         net (fo=1, routed)           2.206     1.183    CLOCK_WIZ_INST/inst/clkfbout_clk_wiz_0
    BUFGCTRL_X0Y17       BUFG (Prop_bufg_I_O)         0.101     1.284 f  CLOCK_WIZ_INST/inst/clkf_buf/O
                         net (fo=1, routed)           1.980     3.264    CLOCK_WIZ_INST/inst/clkfbout_buf_clk_wiz_0
    MMCME2_ADV_X1Y2      MMCME2_ADV                                   f  CLOCK_WIZ_INST/inst/mmcm_adv_inst/CLKFBIN
  -------------------------------------------------------------------    -------------------





Min Delay Paths
--------------------------------------------------------------------------------------
Slack:                    inf
  Source:                 CLOCK_WIZ_INST/inst/mmcm_adv_inst/CLKFBOUT
                            (clock source 'clkfbout_clk_wiz_0_1'  {rise@0.000ns fall@4.000ns period=8.000ns})
  Destination:            CLOCK_WIZ_INST/inst/mmcm_adv_inst/CLKFBIN
  Path Group:             (none)
  Path Type:              Min at Slow Process Corner
  Data Path Delay:        3.873ns  (logic 0.091ns (2.349%)  route 3.782ns (97.651%))
  Logic Levels:           1  (BUFG=1)
  Clock Uncertainty:      0.144ns  ((TSJ^2 + DJ^2)^1/2) / 2 + PE
    Total System Jitter     (TSJ):    0.050ns
    Discrete Jitter          (DJ):    0.079ns
    Phase Error              (PE):    0.097ns

    Location             Delay type                Incr(ns)  Path(ns)    Netlist Resource(s)
  -------------------------------------------------------------------    -------------------
                         (clock clkfbout_clk_wiz_0_1 rise edge)
                                                      0.000     0.000 r  
    H16                                               0.000     0.000 r  clk (IN)
                         net (fo=0)                   0.000     0.000    CLOCK_WIZ_INST/inst/clk_in1
    H16                  IBUF (Prop_ibuf_I_O)         1.380     1.380 r  CLOCK_WIZ_INST/inst/clkin1_ibufg/O
                         net (fo=1, routed)           1.162     2.542    CLOCK_WIZ_INST/inst/clk_in1_clk_wiz_0
  -------------------------------------------------------------------    -------------------
    MMCME2_ADV_X1Y2      MMCME2_ADV (Prop_mmcme2_adv_CLKIN1_CLKFBOUT)
                                                     -7.814    -5.272 r  CLOCK_WIZ_INST/inst/mmcm_adv_inst/CLKFBOUT
                         net (fo=1, routed)           2.012    -3.260    CLOCK_WIZ_INST/inst/clkfbout_clk_wiz_0
    BUFGCTRL_X0Y17       BUFG (Prop_bufg_I_O)         0.091    -3.169 r  CLOCK_WIZ_INST/inst/clkf_buf/O
                         net (fo=1, routed)           1.770    -1.399    CLOCK_WIZ_INST/inst/clkfbout_buf_clk_wiz_0
    MMCME2_ADV_X1Y2      MMCME2_ADV                                   r  CLOCK_WIZ_INST/inst/mmcm_adv_inst/CLKFBIN
  -------------------------------------------------------------------    -------------------





--------------------------------------------------------------------------------------
Path Group:  (none)
From Clock:  
  To Clock:  clk_out1_clk_wiz_0

Max Delay         14874 Endpoints
Min Delay         14874 Endpoints
--------------------------------------------------------------------------------------


Max Delay Paths
--------------------------------------------------------------------------------------
Slack:                    inf
  Source:                 reset
                            (input port)
  Destination:            TREE_GENERATE_INST/i_f_reg[129][2]/S
                            (rising edge-triggered cell FDSE clocked by clk_out1_clk_wiz_0  {rise@0.000ns fall@12.500ns period=25.000ns})
  Path Group:             (none)
  Path Type:              Setup (Max at Slow Process Corner)
  Data Path Delay:        32.533ns  (logic 1.666ns (5.122%)  route 30.867ns (94.878%))
  Logic Levels:           2  (IBUF=1 LUT2=1)
  Clock Path Skew:        -1.626ns (DCD - SCD + CPR)
    Destination Clock Delay (DCD):    -1.626ns
    Source Clock Delay      (SCD):    0.000ns
    Clock Pessimism Removal (CPR):    0.000ns
  Clock Uncertainty:      0.176ns  ((TSJ^2 + DJ^2)^1/2) / 2 + PE
    Total System Jitter     (TSJ):    0.050ns
    Discrete Jitter          (DJ):    0.151ns
    Phase Error              (PE):    0.097ns

    Location             Delay type                Incr(ns)  Path(ns)    Netlist Resource(s)
  -------------------------------------------------------------------    -------------------
    M20                                               0.000     0.000 r  reset (IN)
                         net (fo=0)                   0.000     0.000    reset
    M20                  IBUF (Prop_ibuf_I_O)         1.542     1.542 r  reset_IBUF_inst/O
                         net (fo=3, routed)           2.054     3.596    reset_IBUF
    SLICE_X113Y103       LUT2 (Prop_lut2_I0_O)        0.124     3.720 r  TREE_GENERATE_INST_i_1/O
                         net (fo=11598, routed)      28.812    32.533    TREE_GENERATE_INST/reset
    SLICE_X74Y24         FDSE                                         r  TREE_GENERATE_INST/i_f_reg[129][2]/S
  -------------------------------------------------------------------    -------------------

                         (clock clk_out1_clk_wiz_0 rise edge)
                                                      0.000     0.000 r  
    H16                                               0.000     0.000 r  clk (IN)
                         net (fo=0)                   0.000     0.000    CLOCK_WIZ_INST/inst/clk_in1
    H16                  IBUF (Prop_ibuf_I_O)         1.380     1.380 r  CLOCK_WIZ_INST/inst/clkin1_ibufg/O
                         net (fo=1, routed)           1.162     2.542    CLOCK_WIZ_INST/inst/clk_in1_clk_wiz_0
    MMCME2_ADV_X1Y2      MMCME2_ADV (Prop_mmcme2_adv_CLKIN1_CLKOUT0)
                                                     -7.814    -5.272 r  CLOCK_WIZ_INST/inst/mmcm_adv_inst/CLKOUT0
                         net (fo=1, routed)           2.012    -3.260    CLOCK_WIZ_INST/inst/clk_out1_clk_wiz_0
    BUFGCTRL_X0Y16       BUFG (Prop_bufg_I_O)         0.091    -3.169 r  CLOCK_WIZ_INST/inst/clkout1_buf/O
                         net (fo=14289, routed)       1.542    -1.626    TREE_GENERATE_INST/clk
    SLICE_X74Y24         FDSE                                         r  TREE_GENERATE_INST/i_f_reg[129][2]/C

Slack:                    inf
  Source:                 reset
                            (input port)
  Destination:            TREE_GENERATE_INST/i_f_reg[161][3]/S
                            (rising edge-triggered cell FDSE clocked by clk_out1_clk_wiz_0  {rise@0.000ns fall@12.500ns period=25.000ns})
  Path Group:             (none)
  Path Type:              Setup (Max at Slow Process Corner)
  Data Path Delay:        32.528ns  (logic 1.666ns (5.122%)  route 30.862ns (94.878%))
  Logic Levels:           2  (IBUF=1 LUT2=1)
  Clock Path Skew:        -1.626ns (DCD - SCD + CPR)
    Destination Clock Delay (DCD):    -1.626ns
    Source Clock Delay      (SCD):    0.000ns
    Clock Pessimism Removal (CPR):    0.000ns
  Clock Uncertainty:      0.176ns  ((TSJ^2 + DJ^2)^1/2) / 2 + PE
    Total System Jitter     (TSJ):    0.050ns
    Discrete Jitter          (DJ):    0.151ns
    Phase Error              (PE):    0.097ns

    Location             Delay type                Incr(ns)  Path(ns)    Netlist Resource(s)
  -------------------------------------------------------------------    -------------------
    M20                                               0.000     0.000 r  reset (IN)
                         net (fo=0)                   0.000     0.000    reset
    M20                  IBUF (Prop_ibuf_I_O)         1.542     1.542 r  reset_IBUF_inst/O
                         net (fo=3, routed)           2.054     3.596    reset_IBUF
    SLICE_X113Y103       LUT2 (Prop_lut2_I0_O)        0.124     3.720 r  TREE_GENERATE_INST_i_1/O
                         net (fo=11598, routed)      28.808    32.528    TREE_GENERATE_INST/reset
    SLICE_X75Y24         FDSE                                         r  TREE_GENERATE_INST/i_f_reg[161][3]/S
  -------------------------------------------------------------------    -------------------

                         (clock clk_out1_clk_wiz_0 rise edge)
                                                      0.000     0.000 r  
    H16                                               0.000     0.000 r  clk (IN)
                         net (fo=0)                   0.000     0.000    CLOCK_WIZ_INST/inst/clk_in1
    H16                  IBUF (Prop_ibuf_I_O)         1.380     1.380 r  CLOCK_WIZ_INST/inst/clkin1_ibufg/O
                         net (fo=1, routed)           1.162     2.542    CLOCK_WIZ_INST/inst/clk_in1_clk_wiz_0
    MMCME2_ADV_X1Y2      MMCME2_ADV (Prop_mmcme2_adv_CLKIN1_CLKOUT0)
                                                     -7.814    -5.272 r  CLOCK_WIZ_INST/inst/mmcm_adv_inst/CLKOUT0
                         net (fo=1, routed)           2.012    -3.260    CLOCK_WIZ_INST/inst/clk_out1_clk_wiz_0
    BUFGCTRL_X0Y16       BUFG (Prop_bufg_I_O)         0.091    -3.169 r  CLOCK_WIZ_INST/inst/clkout1_buf/O
                         net (fo=14289, routed)       1.542    -1.626    TREE_GENERATE_INST/clk
    SLICE_X75Y24         FDSE                                         r  TREE_GENERATE_INST/i_f_reg[161][3]/C

Slack:                    inf
  Source:                 reset
                            (input port)
  Destination:            TREE_GENERATE_INST/i_f_reg[135][2]/S
                            (rising edge-triggered cell FDSE clocked by clk_out1_clk_wiz_0  {rise@0.000ns fall@12.500ns period=25.000ns})
  Path Group:             (none)
  Path Type:              Setup (Max at Slow Process Corner)
  Data Path Delay:        32.357ns  (logic 1.666ns (5.150%)  route 30.691ns (94.850%))
  Logic Levels:           2  (IBUF=1 LUT2=1)
  Clock Path Skew:        -1.626ns (DCD - SCD + CPR)
    Destination Clock Delay (DCD):    -1.626ns
    Source Clock Delay      (SCD):    0.000ns
    Clock Pessimism Removal (CPR):    0.000ns
  Clock Uncertainty:      0.176ns  ((TSJ^2 + DJ^2)^1/2) / 2 + PE
    Total System Jitter     (TSJ):    0.050ns
    Discrete Jitter          (DJ):    0.151ns
    Phase Error              (PE):    0.097ns

    Location             Delay type                Incr(ns)  Path(ns)    Netlist Resource(s)
  -------------------------------------------------------------------    -------------------
    M20                                               0.000     0.000 r  reset (IN)
                         net (fo=0)                   0.000     0.000    reset
    M20                  IBUF (Prop_ibuf_I_O)         1.542     1.542 r  reset_IBUF_inst/O
                         net (fo=3, routed)           2.054     3.596    reset_IBUF
    SLICE_X113Y103       LUT2 (Prop_lut2_I0_O)        0.124     3.720 r  TREE_GENERATE_INST_i_1/O
                         net (fo=11598, routed)      28.637    32.357    TREE_GENERATE_INST/reset
    SLICE_X74Y25         FDSE                                         r  TREE_GENERATE_INST/i_f_reg[135][2]/S
  -------------------------------------------------------------------    -------------------

                         (clock clk_out1_clk_wiz_0 rise edge)
                                                      0.000     0.000 r  
    H16                                               0.000     0.000 r  clk (IN)
                         net (fo=0)                   0.000     0.000    CLOCK_WIZ_INST/inst/clk_in1
    H16                  IBUF (Prop_ibuf_I_O)         1.380     1.380 r  CLOCK_WIZ_INST/inst/clkin1_ibufg/O
                         net (fo=1, routed)           1.162     2.542    CLOCK_WIZ_INST/inst/clk_in1_clk_wiz_0
    MMCME2_ADV_X1Y2      MMCME2_ADV (Prop_mmcme2_adv_CLKIN1_CLKOUT0)
                                                     -7.814    -5.272 r  CLOCK_WIZ_INST/inst/mmcm_adv_inst/CLKOUT0
                         net (fo=1, routed)           2.012    -3.260    CLOCK_WIZ_INST/inst/clk_out1_clk_wiz_0
    BUFGCTRL_X0Y16       BUFG (Prop_bufg_I_O)         0.091    -3.169 r  CLOCK_WIZ_INST/inst/clkout1_buf/O
                         net (fo=14289, routed)       1.542    -1.626    TREE_GENERATE_INST/clk
    SLICE_X74Y25         FDSE                                         r  TREE_GENERATE_INST/i_f_reg[135][2]/C

Slack:                    inf
  Source:                 reset
                            (input port)
  Destination:            TREE_GENERATE_INST/i_f_reg[166][4]/S
                            (rising edge-triggered cell FDSE clocked by clk_out1_clk_wiz_0  {rise@0.000ns fall@12.500ns period=25.000ns})
  Path Group:             (none)
  Path Type:              Setup (Max at Slow Process Corner)
  Data Path Delay:        32.071ns  (logic 1.666ns (5.195%)  route 30.405ns (94.805%))
  Logic Levels:           2  (IBUF=1 LUT2=1)
  Clock Path Skew:        -1.627ns (DCD - SCD + CPR)
    Destination Clock Delay (DCD):    -1.627ns
    Source Clock Delay      (SCD):    0.000ns
    Clock Pessimism Removal (CPR):    0.000ns
  Clock Uncertainty:      0.176ns  ((TSJ^2 + DJ^2)^1/2) / 2 + PE
    Total System Jitter     (TSJ):    0.050ns
    Discrete Jitter          (DJ):    0.151ns
    Phase Error              (PE):    0.097ns

    Location             Delay type                Incr(ns)  Path(ns)    Netlist Resource(s)
  -------------------------------------------------------------------    -------------------
    M20                                               0.000     0.000 r  reset (IN)
                         net (fo=0)                   0.000     0.000    reset
    M20                  IBUF (Prop_ibuf_I_O)         1.542     1.542 r  reset_IBUF_inst/O
                         net (fo=3, routed)           2.054     3.596    reset_IBUF
    SLICE_X113Y103       LUT2 (Prop_lut2_I0_O)        0.124     3.720 r  TREE_GENERATE_INST_i_1/O
                         net (fo=11598, routed)      28.351    32.071    TREE_GENERATE_INST/reset
    SLICE_X70Y25         FDSE                                         r  TREE_GENERATE_INST/i_f_reg[166][4]/S
  -------------------------------------------------------------------    -------------------

                         (clock clk_out1_clk_wiz_0 rise edge)
                                                      0.000     0.000 r  
    H16                                               0.000     0.000 r  clk (IN)
                         net (fo=0)                   0.000     0.000    CLOCK_WIZ_INST/inst/clk_in1
    H16                  IBUF (Prop_ibuf_I_O)         1.380     1.380 r  CLOCK_WIZ_INST/inst/clkin1_ibufg/O
                         net (fo=1, routed)           1.162     2.542    CLOCK_WIZ_INST/inst/clk_in1_clk_wiz_0
    MMCME2_ADV_X1Y2      MMCME2_ADV (Prop_mmcme2_adv_CLKIN1_CLKOUT0)
                                                     -7.814    -5.272 r  CLOCK_WIZ_INST/inst/mmcm_adv_inst/CLKOUT0
                         net (fo=1, routed)           2.012    -3.260    CLOCK_WIZ_INST/inst/clk_out1_clk_wiz_0
    BUFGCTRL_X0Y16       BUFG (Prop_bufg_I_O)         0.091    -3.169 r  CLOCK_WIZ_INST/inst/clkout1_buf/O
                         net (fo=14289, routed)       1.541    -1.627    TREE_GENERATE_INST/clk
    SLICE_X70Y25         FDSE                                         r  TREE_GENERATE_INST/i_f_reg[166][4]/C

Slack:                    inf
  Source:                 reset
                            (input port)
  Destination:            TREE_GENERATE_INST/i_f_reg[173][4]/S
                            (rising edge-triggered cell FDSE clocked by clk_out1_clk_wiz_0  {rise@0.000ns fall@12.500ns period=25.000ns})
  Path Group:             (none)
  Path Type:              Setup (Max at Slow Process Corner)
  Data Path Delay:        31.895ns  (logic 1.666ns (5.224%)  route 30.229ns (94.776%))
  Logic Levels:           2  (IBUF=1 LUT2=1)
  Clock Path Skew:        -1.627ns (DCD - SCD + CPR)
    Destination Clock Delay (DCD):    -1.627ns
    Source Clock Delay      (SCD):    0.000ns
    Clock Pessimism Removal (CPR):    0.000ns
  Clock Uncertainty:      0.176ns  ((TSJ^2 + DJ^2)^1/2) / 2 + PE
    Total System Jitter     (TSJ):    0.050ns
    Discrete Jitter          (DJ):    0.151ns
    Phase Error              (PE):    0.097ns

    Location             Delay type                Incr(ns)  Path(ns)    Netlist Resource(s)
  -------------------------------------------------------------------    -------------------
    M20                                               0.000     0.000 r  reset (IN)
                         net (fo=0)                   0.000     0.000    reset
    M20                  IBUF (Prop_ibuf_I_O)         1.542     1.542 r  reset_IBUF_inst/O
                         net (fo=3, routed)           2.054     3.596    reset_IBUF
    SLICE_X113Y103       LUT2 (Prop_lut2_I0_O)        0.124     3.720 r  TREE_GENERATE_INST_i_1/O
                         net (fo=11598, routed)      28.175    31.895    TREE_GENERATE_INST/reset
    SLICE_X70Y24         FDSE                                         r  TREE_GENERATE_INST/i_f_reg[173][4]/S
  -------------------------------------------------------------------    -------------------

                         (clock clk_out1_clk_wiz_0 rise edge)
                                                      0.000     0.000 r  
    H16                                               0.000     0.000 r  clk (IN)
                         net (fo=0)                   0.000     0.000    CLOCK_WIZ_INST/inst/clk_in1
    H16                  IBUF (Prop_ibuf_I_O)         1.380     1.380 r  CLOCK_WIZ_INST/inst/clkin1_ibufg/O
                         net (fo=1, routed)           1.162     2.542    CLOCK_WIZ_INST/inst/clk_in1_clk_wiz_0
    MMCME2_ADV_X1Y2      MMCME2_ADV (Prop_mmcme2_adv_CLKIN1_CLKOUT0)
                                                     -7.814    -5.272 r  CLOCK_WIZ_INST/inst/mmcm_adv_inst/CLKOUT0
                         net (fo=1, routed)           2.012    -3.260    CLOCK_WIZ_INST/inst/clk_out1_clk_wiz_0
    BUFGCTRL_X0Y16       BUFG (Prop_bufg_I_O)         0.091    -3.169 r  CLOCK_WIZ_INST/inst/clkout1_buf/O
                         net (fo=14289, routed)       1.541    -1.627    TREE_GENERATE_INST/clk
    SLICE_X70Y24         FDSE                                         r  TREE_GENERATE_INST/i_f_reg[173][4]/C

Slack:                    inf
  Source:                 reset
                            (input port)
  Destination:            TREE_GENERATE_INST/i_f_reg[168][4]/S
                            (rising edge-triggered cell FDSE clocked by clk_out1_clk_wiz_0  {rise@0.000ns fall@12.500ns period=25.000ns})
  Path Group:             (none)
  Path Type:              Setup (Max at Slow Process Corner)
  Data Path Delay:        31.891ns  (logic 1.666ns (5.225%)  route 30.224ns (94.775%))
  Logic Levels:           2  (IBUF=1 LUT2=1)
  Clock Path Skew:        -1.627ns (DCD - SCD + CPR)
    Destination Clock Delay (DCD):    -1.627ns
    Source Clock Delay      (SCD):    0.000ns
    Clock Pessimism Removal (CPR):    0.000ns
  Clock Uncertainty:      0.176ns  ((TSJ^2 + DJ^2)^1/2) / 2 + PE
    Total System Jitter     (TSJ):    0.050ns
    Discrete Jitter          (DJ):    0.151ns
    Phase Error              (PE):    0.097ns

    Location             Delay type                Incr(ns)  Path(ns)    Netlist Resource(s)
  -------------------------------------------------------------------    -------------------
    M20                                               0.000     0.000 r  reset (IN)
                         net (fo=0)                   0.000     0.000    reset
    M20                  IBUF (Prop_ibuf_I_O)         1.542     1.542 r  reset_IBUF_inst/O
                         net (fo=3, routed)           2.054     3.596    reset_IBUF
    SLICE_X113Y103       LUT2 (Prop_lut2_I0_O)        0.124     3.720 r  TREE_GENERATE_INST_i_1/O
                         net (fo=11598, routed)      28.170    31.891    TREE_GENERATE_INST/reset
    SLICE_X71Y24         FDSE                                         r  TREE_GENERATE_INST/i_f_reg[168][4]/S
  -------------------------------------------------------------------    -------------------

                         (clock clk_out1_clk_wiz_0 rise edge)
                                                      0.000     0.000 r  
    H16                                               0.000     0.000 r  clk (IN)
                         net (fo=0)                   0.000     0.000    CLOCK_WIZ_INST/inst/clk_in1
    H16                  IBUF (Prop_ibuf_I_O)         1.380     1.380 r  CLOCK_WIZ_INST/inst/clkin1_ibufg/O
                         net (fo=1, routed)           1.162     2.542    CLOCK_WIZ_INST/inst/clk_in1_clk_wiz_0
    MMCME2_ADV_X1Y2      MMCME2_ADV (Prop_mmcme2_adv_CLKIN1_CLKOUT0)
                                                     -7.814    -5.272 r  CLOCK_WIZ_INST/inst/mmcm_adv_inst/CLKOUT0
                         net (fo=1, routed)           2.012    -3.260    CLOCK_WIZ_INST/inst/clk_out1_clk_wiz_0
    BUFGCTRL_X0Y16       BUFG (Prop_bufg_I_O)         0.091    -3.169 r  CLOCK_WIZ_INST/inst/clkout1_buf/O
                         net (fo=14289, routed)       1.541    -1.627    TREE_GENERATE_INST/clk
    SLICE_X71Y24         FDSE                                         r  TREE_GENERATE_INST/i_f_reg[168][4]/C

Slack:                    inf
  Source:                 reset
                            (input port)
  Destination:            TREE_GENERATE_INST/i_f_reg[144][13]/S
                            (rising edge-triggered cell FDSE clocked by clk_out1_clk_wiz_0  {rise@0.000ns fall@12.500ns period=25.000ns})
  Path Group:             (none)
  Path Type:              Setup (Max at Slow Process Corner)
  Data Path Delay:        31.739ns  (logic 1.666ns (5.250%)  route 30.073ns (94.750%))
  Logic Levels:           2  (IBUF=1 LUT2=1)
  Clock Path Skew:        -1.625ns (DCD - SCD + CPR)
    Destination Clock Delay (DCD):    -1.625ns
    Source Clock Delay      (SCD):    0.000ns
    Clock Pessimism Removal (CPR):    0.000ns
  Clock Uncertainty:      0.176ns  ((TSJ^2 + DJ^2)^1/2) / 2 + PE
    Total System Jitter     (TSJ):    0.050ns
    Discrete Jitter          (DJ):    0.151ns
    Phase Error              (PE):    0.097ns

    Location             Delay type                Incr(ns)  Path(ns)    Netlist Resource(s)
  -------------------------------------------------------------------    -------------------
    M20                                               0.000     0.000 r  reset (IN)
                         net (fo=0)                   0.000     0.000    reset
    M20                  IBUF (Prop_ibuf_I_O)         1.542     1.542 r  reset_IBUF_inst/O
                         net (fo=3, routed)           2.054     3.596    reset_IBUF
    SLICE_X113Y103       LUT2 (Prop_lut2_I0_O)        0.124     3.720 r  TREE_GENERATE_INST_i_1/O
                         net (fo=11598, routed)      28.019    31.739    TREE_GENERATE_INST/reset
    SLICE_X70Y23         FDSE                                         r  TREE_GENERATE_INST/i_f_reg[144][13]/S
  -------------------------------------------------------------------    -------------------

                         (clock clk_out1_clk_wiz_0 rise edge)
                                                      0.000     0.000 r  
    H16                                               0.000     0.000 r  clk (IN)
                         net (fo=0)                   0.000     0.000    CLOCK_WIZ_INST/inst/clk_in1
    H16                  IBUF (Prop_ibuf_I_O)         1.380     1.380 r  CLOCK_WIZ_INST/inst/clkin1_ibufg/O
                         net (fo=1, routed)           1.162     2.542    CLOCK_WIZ_INST/inst/clk_in1_clk_wiz_0
    MMCME2_ADV_X1Y2      MMCME2_ADV (Prop_mmcme2_adv_CLKIN1_CLKOUT0)
                                                     -7.814    -5.272 r  CLOCK_WIZ_INST/inst/mmcm_adv_inst/CLKOUT0
                         net (fo=1, routed)           2.012    -3.260    CLOCK_WIZ_INST/inst/clk_out1_clk_wiz_0
    BUFGCTRL_X0Y16       BUFG (Prop_bufg_I_O)         0.091    -3.169 r  CLOCK_WIZ_INST/inst/clkout1_buf/O
                         net (fo=14289, routed)       1.543    -1.625    TREE_GENERATE_INST/clk
    SLICE_X70Y23         FDSE                                         r  TREE_GENERATE_INST/i_f_reg[144][13]/C

Slack:                    inf
  Source:                 reset
                            (input port)
  Destination:            TREE_GENERATE_INST/i_f_reg[164][4]/S
                            (rising edge-triggered cell FDSE clocked by clk_out1_clk_wiz_0  {rise@0.000ns fall@12.500ns period=25.000ns})
  Path Group:             (none)
  Path Type:              Setup (Max at Slow Process Corner)
  Data Path Delay:        31.729ns  (logic 1.666ns (5.251%)  route 30.063ns (94.749%))
  Logic Levels:           2  (IBUF=1 LUT2=1)
  Clock Path Skew:        -1.627ns (DCD - SCD + CPR)
    Destination Clock Delay (DCD):    -1.627ns
    Source Clock Delay      (SCD):    0.000ns
    Clock Pessimism Removal (CPR):    0.000ns
  Clock Uncertainty:      0.176ns  ((TSJ^2 + DJ^2)^1/2) / 2 + PE
    Total System Jitter     (TSJ):    0.050ns
    Discrete Jitter          (DJ):    0.151ns
    Phase Error              (PE):    0.097ns

    Location             Delay type                Incr(ns)  Path(ns)    Netlist Resource(s)
  -------------------------------------------------------------------    -------------------
    M20                                               0.000     0.000 r  reset (IN)
                         net (fo=0)                   0.000     0.000    reset
    M20                  IBUF (Prop_ibuf_I_O)         1.542     1.542 r  reset_IBUF_inst/O
                         net (fo=3, routed)           2.054     3.596    reset_IBUF
    SLICE_X113Y103       LUT2 (Prop_lut2_I0_O)        0.124     3.720 r  TREE_GENERATE_INST_i_1/O
                         net (fo=11598, routed)      28.009    31.729    TREE_GENERATE_INST/reset
    SLICE_X68Y25         FDSE                                         r  TREE_GENERATE_INST/i_f_reg[164][4]/S
  -------------------------------------------------------------------    -------------------

                         (clock clk_out1_clk_wiz_0 rise edge)
                                                      0.000     0.000 r  
    H16                                               0.000     0.000 r  clk (IN)
                         net (fo=0)                   0.000     0.000    CLOCK_WIZ_INST/inst/clk_in1
    H16                  IBUF (Prop_ibuf_I_O)         1.380     1.380 r  CLOCK_WIZ_INST/inst/clkin1_ibufg/O
                         net (fo=1, routed)           1.162     2.542    CLOCK_WIZ_INST/inst/clk_in1_clk_wiz_0
    MMCME2_ADV_X1Y2      MMCME2_ADV (Prop_mmcme2_adv_CLKIN1_CLKOUT0)
                                                     -7.814    -5.272 r  CLOCK_WIZ_INST/inst/mmcm_adv_inst/CLKOUT0
                         net (fo=1, routed)           2.012    -3.260    CLOCK_WIZ_INST/inst/clk_out1_clk_wiz_0
    BUFGCTRL_X0Y16       BUFG (Prop_bufg_I_O)         0.091    -3.169 r  CLOCK_WIZ_INST/inst/clkout1_buf/O
                         net (fo=14289, routed)       1.541    -1.627    TREE_GENERATE_INST/clk
    SLICE_X68Y25         FDSE                                         r  TREE_GENERATE_INST/i_f_reg[164][4]/C

Slack:                    inf
  Source:                 reset
                            (input port)
  Destination:            TREE_GENERATE_INST/i_f_reg[169][4]/S
                            (rising edge-triggered cell FDSE clocked by clk_out1_clk_wiz_0  {rise@0.000ns fall@12.500ns period=25.000ns})
  Path Group:             (none)
  Path Type:              Setup (Max at Slow Process Corner)
  Data Path Delay:        31.725ns  (logic 1.666ns (5.252%)  route 30.059ns (94.748%))
  Logic Levels:           2  (IBUF=1 LUT2=1)
  Clock Path Skew:        -1.627ns (DCD - SCD + CPR)
    Destination Clock Delay (DCD):    -1.627ns
    Source Clock Delay      (SCD):    0.000ns
    Clock Pessimism Removal (CPR):    0.000ns
  Clock Uncertainty:      0.176ns  ((TSJ^2 + DJ^2)^1/2) / 2 + PE
    Total System Jitter     (TSJ):    0.050ns
    Discrete Jitter          (DJ):    0.151ns
    Phase Error              (PE):    0.097ns

    Location             Delay type                Incr(ns)  Path(ns)    Netlist Resource(s)
  -------------------------------------------------------------------    -------------------
    M20                                               0.000     0.000 r  reset (IN)
                         net (fo=0)                   0.000     0.000    reset
    M20                  IBUF (Prop_ibuf_I_O)         1.542     1.542 r  reset_IBUF_inst/O
                         net (fo=3, routed)           2.054     3.596    reset_IBUF
    SLICE_X113Y103       LUT2 (Prop_lut2_I0_O)        0.124     3.720 r  TREE_GENERATE_INST_i_1/O
                         net (fo=11598, routed)      28.005    31.725    TREE_GENERATE_INST/reset
    SLICE_X69Y25         FDSE                                         r  TREE_GENERATE_INST/i_f_reg[169][4]/S
  -------------------------------------------------------------------    -------------------

                         (clock clk_out1_clk_wiz_0 rise edge)
                                                      0.000     0.000 r  
    H16                                               0.000     0.000 r  clk (IN)
                         net (fo=0)                   0.000     0.000    CLOCK_WIZ_INST/inst/clk_in1
    H16                  IBUF (Prop_ibuf_I_O)         1.380     1.380 r  CLOCK_WIZ_INST/inst/clkin1_ibufg/O
                         net (fo=1, routed)           1.162     2.542    CLOCK_WIZ_INST/inst/clk_in1_clk_wiz_0
    MMCME2_ADV_X1Y2      MMCME2_ADV (Prop_mmcme2_adv_CLKIN1_CLKOUT0)
                                                     -7.814    -5.272 r  CLOCK_WIZ_INST/inst/mmcm_adv_inst/CLKOUT0
                         net (fo=1, routed)           2.012    -3.260    CLOCK_WIZ_INST/inst/clk_out1_clk_wiz_0
    BUFGCTRL_X0Y16       BUFG (Prop_bufg_I_O)         0.091    -3.169 r  CLOCK_WIZ_INST/inst/clkout1_buf/O
                         net (fo=14289, routed)       1.541    -1.627    TREE_GENERATE_INST/clk
    SLICE_X69Y25         FDSE                                         r  TREE_GENERATE_INST/i_f_reg[169][4]/C

Slack:                    inf
  Source:                 reset
                            (input port)
  Destination:            TREE_GENERATE_INST/i_f_reg[165][0]/S
                            (rising edge-triggered cell FDSE clocked by clk_out1_clk_wiz_0  {rise@0.000ns fall@12.500ns period=25.000ns})
  Path Group:             (none)
  Path Type:              Setup (Max at Slow Process Corner)
  Data Path Delay:        31.591ns  (logic 1.666ns (5.274%)  route 29.925ns (94.726%))
  Logic Levels:           2  (IBUF=1 LUT2=1)
  Clock Path Skew:        -1.624ns (DCD - SCD + CPR)
    Destination Clock Delay (DCD):    -1.624ns
    Source Clock Delay      (SCD):    0.000ns
    Clock Pessimism Removal (CPR):    0.000ns
  Clock Uncertainty:      0.176ns  ((TSJ^2 + DJ^2)^1/2) / 2 + PE
    Total System Jitter     (TSJ):    0.050ns
    Discrete Jitter          (DJ):    0.151ns
    Phase Error              (PE):    0.097ns

    Location             Delay type                Incr(ns)  Path(ns)    Netlist Resource(s)
  -------------------------------------------------------------------    -------------------
    M20                                               0.000     0.000 r  reset (IN)
                         net (fo=0)                   0.000     0.000    reset
    M20                  IBUF (Prop_ibuf_I_O)         1.542     1.542 r  reset_IBUF_inst/O
                         net (fo=3, routed)           2.054     3.596    reset_IBUF
    SLICE_X113Y103       LUT2 (Prop_lut2_I0_O)        0.124     3.720 r  TREE_GENERATE_INST_i_1/O
                         net (fo=11598, routed)      27.871    31.591    TREE_GENERATE_INST/reset
    SLICE_X70Y22         FDSE                                         r  TREE_GENERATE_INST/i_f_reg[165][0]/S
  -------------------------------------------------------------------    -------------------

                         (clock clk_out1_clk_wiz_0 rise edge)
                                                      0.000     0.000 r  
    H16                                               0.000     0.000 r  clk (IN)
                         net (fo=0)                   0.000     0.000    CLOCK_WIZ_INST/inst/clk_in1
    H16                  IBUF (Prop_ibuf_I_O)         1.380     1.380 r  CLOCK_WIZ_INST/inst/clkin1_ibufg/O
                         net (fo=1, routed)           1.162     2.542    CLOCK_WIZ_INST/inst/clk_in1_clk_wiz_0
    MMCME2_ADV_X1Y2      MMCME2_ADV (Prop_mmcme2_adv_CLKIN1_CLKOUT0)
                                                     -7.814    -5.272 r  CLOCK_WIZ_INST/inst/mmcm_adv_inst/CLKOUT0
                         net (fo=1, routed)           2.012    -3.260    CLOCK_WIZ_INST/inst/clk_out1_clk_wiz_0
    BUFGCTRL_X0Y16       BUFG (Prop_bufg_I_O)         0.091    -3.169 r  CLOCK_WIZ_INST/inst/clkout1_buf/O
                         net (fo=14289, routed)       1.544    -1.624    TREE_GENERATE_INST/clk
    SLICE_X70Y22         FDSE                                         r  TREE_GENERATE_INST/i_f_reg[165][0]/C





Min Delay Paths
--------------------------------------------------------------------------------------
Slack:                    inf
  Source:                 CLOCK_WIZ_INST/inst/mmcm_adv_inst/LOCKED
                            (internal pin)
  Destination:            tx_req_reg/D
                            (rising edge-triggered cell FDRE clocked by clk_out1_clk_wiz_0  {rise@0.000ns fall@12.500ns period=25.000ns})
  Path Group:             (none)
  Path Type:              Hold (Min at Fast Process Corner)
  Data Path Delay:        0.553ns  (logic 0.045ns (8.132%)  route 0.508ns (91.868%))
  Logic Levels:           1  (LUT6=1)
  Clock Uncertainty:      0.176ns  ((TSJ^2 + DJ^2)^1/2) / 2 + PE
    Total System Jitter     (TSJ):    0.050ns
    Discrete Jitter          (DJ):    0.151ns
    Phase Error              (PE):    0.097ns

    Location             Delay type                Incr(ns)  Path(ns)    Netlist Resource(s)
  -------------------------------------------------------------------    -------------------
    MMCME2_ADV_X1Y2      MMCME2_ADV                   0.000     0.000 r  CLOCK_WIZ_INST/inst/mmcm_adv_inst/LOCKED
                         net (fo=2, routed)           0.508     0.508    locked
    SLICE_X111Y105       LUT6 (Prop_lut6_I1_O)        0.045     0.553 r  tx_req_i_1/O
                         net (fo=1, routed)           0.000     0.553    tx_req_i_1_n_0
    SLICE_X111Y105       FDRE                                         r  tx_req_reg/D
  -------------------------------------------------------------------    -------------------

                         (clock clk_out1_clk_wiz_0 rise edge)
                                                      0.000     0.000 r  
    H16                                               0.000     0.000 r  clk (IN)
                         net (fo=0)                   0.000     0.000    CLOCK_WIZ_INST/inst/clk_in1
    H16                  IBUF (Prop_ibuf_I_O)         0.406     0.406 r  CLOCK_WIZ_INST/inst/clkin1_ibufg/O
                         net (fo=1, routed)           0.480     0.886    CLOCK_WIZ_INST/inst/clk_in1_clk_wiz_0
    MMCME2_ADV_X1Y2      MMCME2_ADV (Prop_mmcme2_adv_CLKIN1_CLKOUT0)
                                                     -3.407    -2.521 r  CLOCK_WIZ_INST/inst/mmcm_adv_inst/CLKOUT0
                         net (fo=1, routed)           0.752    -1.769    CLOCK_WIZ_INST/inst/clk_out1_clk_wiz_0
    BUFGCTRL_X0Y16       BUFG (Prop_bufg_I_O)         0.029    -1.740 r  CLOCK_WIZ_INST/inst/clkout1_buf/O
                         net (fo=14289, routed)       0.994    -0.746    clk_40mhz
    SLICE_X111Y105       FDRE                                         r  tx_req_reg/C

Slack:                    inf
  Source:                 CLOCK_WIZ_INST/inst/mmcm_adv_inst/LOCKED
                            (internal pin)
  Destination:            tx_done_reg/R
                            (rising edge-triggered cell FDRE clocked by clk_out1_clk_wiz_0  {rise@0.000ns fall@12.500ns period=25.000ns})
  Path Group:             (none)
  Path Type:              Hold (Min at Fast Process Corner)
  Data Path Delay:        0.726ns  (logic 0.045ns (6.196%)  route 0.681ns (93.804%))
  Logic Levels:           1  (LUT2=1)
  Clock Uncertainty:      0.176ns  ((TSJ^2 + DJ^2)^1/2) / 2 + PE
    Total System Jitter     (TSJ):    0.050ns
    Discrete Jitter          (DJ):    0.151ns
    Phase Error              (PE):    0.097ns

    Location             Delay type                Incr(ns)  Path(ns)    Netlist Resource(s)
  -------------------------------------------------------------------    -------------------
    MMCME2_ADV_X1Y2      MMCME2_ADV                   0.000     0.000 f  CLOCK_WIZ_INST/inst/mmcm_adv_inst/LOCKED
                         net (fo=2, routed)           0.491     0.491    locked
    SLICE_X113Y103       LUT2 (Prop_lut2_I1_O)        0.045     0.536 r  TREE_GENERATE_INST_i_1/O
                         net (fo=11598, routed)       0.191     0.726    sys_reset
    SLICE_X110Y105       FDRE                                         r  tx_done_reg/R
  -------------------------------------------------------------------    -------------------

                         (clock clk_out1_clk_wiz_0 rise edge)
                                                      0.000     0.000 r  
    H16                                               0.000     0.000 r  clk (IN)
                         net (fo=0)                   0.000     0.000    CLOCK_WIZ_INST/inst/clk_in1
    H16                  IBUF (Prop_ibuf_I_O)         0.406     0.406 r  CLOCK_WIZ_INST/inst/clkin1_ibufg/O
                         net (fo=1, routed)           0.480     0.886    CLOCK_WIZ_INST/inst/clk_in1_clk_wiz_0
    MMCME2_ADV_X1Y2      MMCME2_ADV (Prop_mmcme2_adv_CLKIN1_CLKOUT0)
                                                     -3.407    -2.521 r  CLOCK_WIZ_INST/inst/mmcm_adv_inst/CLKOUT0
                         net (fo=1, routed)           0.752    -1.769    CLOCK_WIZ_INST/inst/clk_out1_clk_wiz_0
    BUFGCTRL_X0Y16       BUFG (Prop_bufg_I_O)         0.029    -1.740 r  CLOCK_WIZ_INST/inst/clkout1_buf/O
                         net (fo=14289, routed)       0.994    -0.746    clk_40mhz
    SLICE_X110Y105       FDRE                                         r  tx_done_reg/C

Slack:                    inf
  Source:                 CLOCK_WIZ_INST/inst/mmcm_adv_inst/LOCKED
                            (internal pin)
  Destination:            sym_counter_reg[1]/R
                            (rising edge-triggered cell FDRE clocked by clk_out1_clk_wiz_0  {rise@0.000ns fall@12.500ns period=25.000ns})
  Path Group:             (none)
  Path Type:              Hold (Min at Fast Process Corner)
  Data Path Delay:        0.791ns  (logic 0.045ns (5.690%)  route 0.746ns (94.310%))
  Logic Levels:           1  (LUT2=1)
  Clock Uncertainty:      0.176ns  ((TSJ^2 + DJ^2)^1/2) / 2 + PE
    Total System Jitter     (TSJ):    0.050ns
    Discrete Jitter          (DJ):    0.151ns
    Phase Error              (PE):    0.097ns

    Location             Delay type                Incr(ns)  Path(ns)    Netlist Resource(s)
  -------------------------------------------------------------------    -------------------
    MMCME2_ADV_X1Y2      MMCME2_ADV                   0.000     0.000 f  CLOCK_WIZ_INST/inst/mmcm_adv_inst/LOCKED
                         net (fo=2, routed)           0.491     0.491    locked
    SLICE_X113Y103       LUT2 (Prop_lut2_I1_O)        0.045     0.536 r  TREE_GENERATE_INST_i_1/O
                         net (fo=11598, routed)       0.255     0.791    sys_reset
    SLICE_X106Y103       FDRE                                         r  sym_counter_reg[1]/R
  -------------------------------------------------------------------    -------------------

                         (clock clk_out1_clk_wiz_0 rise edge)
                                                      0.000     0.000 r  
    H16                                               0.000     0.000 r  clk (IN)
                         net (fo=0)                   0.000     0.000    CLOCK_WIZ_INST/inst/clk_in1
    H16                  IBUF (Prop_ibuf_I_O)         0.406     0.406 r  CLOCK_WIZ_INST/inst/clkin1_ibufg/O
                         net (fo=1, routed)           0.480     0.886    CLOCK_WIZ_INST/inst/clk_in1_clk_wiz_0
    MMCME2_ADV_X1Y2      MMCME2_ADV (Prop_mmcme2_adv_CLKIN1_CLKOUT0)
                                                     -3.407    -2.521 r  CLOCK_WIZ_INST/inst/mmcm_adv_inst/CLKOUT0
                         net (fo=1, routed)           0.752    -1.769    CLOCK_WIZ_INST/inst/clk_out1_clk_wiz_0
    BUFGCTRL_X0Y16       BUFG (Prop_bufg_I_O)         0.029    -1.740 r  CLOCK_WIZ_INST/inst/clkout1_buf/O
                         net (fo=14289, routed)       0.991    -0.749    clk_40mhz
    SLICE_X106Y103       FDRE                                         r  sym_counter_reg[1]/C

Slack:                    inf
  Source:                 CLOCK_WIZ_INST/inst/mmcm_adv_inst/LOCKED
                            (internal pin)
  Destination:            sym_counter_reg[2]/R
                            (rising edge-triggered cell FDRE clocked by clk_out1_clk_wiz_0  {rise@0.000ns fall@12.500ns period=25.000ns})
  Path Group:             (none)
  Path Type:              Hold (Min at Fast Process Corner)
  Data Path Delay:        0.791ns  (logic 0.045ns (5.690%)  route 0.746ns (94.310%))
  Logic Levels:           1  (LUT2=1)
  Clock Uncertainty:      0.176ns  ((TSJ^2 + DJ^2)^1/2) / 2 + PE
    Total System Jitter     (TSJ):    0.050ns
    Discrete Jitter          (DJ):    0.151ns
    Phase Error              (PE):    0.097ns

    Location             Delay type                Incr(ns)  Path(ns)    Netlist Resource(s)
  -------------------------------------------------------------------    -------------------
    MMCME2_ADV_X1Y2      MMCME2_ADV                   0.000     0.000 f  CLOCK_WIZ_INST/inst/mmcm_adv_inst/LOCKED
                         net (fo=2, routed)           0.491     0.491    locked
    SLICE_X113Y103       LUT2 (Prop_lut2_I1_O)        0.045     0.536 r  TREE_GENERATE_INST_i_1/O
                         net (fo=11598, routed)       0.255     0.791    sys_reset
    SLICE_X106Y103       FDRE                                         r  sym_counter_reg[2]/R
  -------------------------------------------------------------------    -------------------

                         (clock clk_out1_clk_wiz_0 rise edge)
                                                      0.000     0.000 r  
    H16                                               0.000     0.000 r  clk (IN)
                         net (fo=0)                   0.000     0.000    CLOCK_WIZ_INST/inst/clk_in1
    H16                  IBUF (Prop_ibuf_I_O)         0.406     0.406 r  CLOCK_WIZ_INST/inst/clkin1_ibufg/O
                         net (fo=1, routed)           0.480     0.886    CLOCK_WIZ_INST/inst/clk_in1_clk_wiz_0
    MMCME2_ADV_X1Y2      MMCME2_ADV (Prop_mmcme2_adv_CLKIN1_CLKOUT0)
                                                     -3.407    -2.521 r  CLOCK_WIZ_INST/inst/mmcm_adv_inst/CLKOUT0
                         net (fo=1, routed)           0.752    -1.769    CLOCK_WIZ_INST/inst/clk_out1_clk_wiz_0
    BUFGCTRL_X0Y16       BUFG (Prop_bufg_I_O)         0.029    -1.740 r  CLOCK_WIZ_INST/inst/clkout1_buf/O
                         net (fo=14289, routed)       0.991    -0.749    clk_40mhz
    SLICE_X106Y103       FDRE                                         r  sym_counter_reg[2]/C

Slack:                    inf
  Source:                 CLOCK_WIZ_INST/inst/mmcm_adv_inst/LOCKED
                            (internal pin)
  Destination:            sym_counter_reg[3]/R
                            (rising edge-triggered cell FDRE clocked by clk_out1_clk_wiz_0  {rise@0.000ns fall@12.500ns period=25.000ns})
  Path Group:             (none)
  Path Type:              Hold (Min at Fast Process Corner)
  Data Path Delay:        0.791ns  (logic 0.045ns (5.690%)  route 0.746ns (94.310%))
  Logic Levels:           1  (LUT2=1)
  Clock Uncertainty:      0.176ns  ((TSJ^2 + DJ^2)^1/2) / 2 + PE
    Total System Jitter     (TSJ):    0.050ns
    Discrete Jitter          (DJ):    0.151ns
    Phase Error              (PE):    0.097ns

    Location             Delay type                Incr(ns)  Path(ns)    Netlist Resource(s)
  -------------------------------------------------------------------    -------------------
    MMCME2_ADV_X1Y2      MMCME2_ADV                   0.000     0.000 f  CLOCK_WIZ_INST/inst/mmcm_adv_inst/LOCKED
                         net (fo=2, routed)           0.491     0.491    locked
    SLICE_X113Y103       LUT2 (Prop_lut2_I1_O)        0.045     0.536 r  TREE_GENERATE_INST_i_1/O
                         net (fo=11598, routed)       0.255     0.791    sys_reset
    SLICE_X106Y103       FDRE                                         r  sym_counter_reg[3]/R
  -------------------------------------------------------------------    -------------------

                         (clock clk_out1_clk_wiz_0 rise edge)
                                                      0.000     0.000 r  
    H16                                               0.000     0.000 r  clk (IN)
                         net (fo=0)                   0.000     0.000    CLOCK_WIZ_INST/inst/clk_in1
    H16                  IBUF (Prop_ibuf_I_O)         0.406     0.406 r  CLOCK_WIZ_INST/inst/clkin1_ibufg/O
                         net (fo=1, routed)           0.480     0.886    CLOCK_WIZ_INST/inst/clk_in1_clk_wiz_0
    MMCME2_ADV_X1Y2      MMCME2_ADV (Prop_mmcme2_adv_CLKIN1_CLKOUT0)
                                                     -3.407    -2.521 r  CLOCK_WIZ_INST/inst/mmcm_adv_inst/CLKOUT0
                         net (fo=1, routed)           0.752    -1.769    CLOCK_WIZ_INST/inst/clk_out1_clk_wiz_0
    BUFGCTRL_X0Y16       BUFG (Prop_bufg_I_O)         0.029    -1.740 r  CLOCK_WIZ_INST/inst/clkout1_buf/O
                         net (fo=14289, routed)       0.991    -0.749    clk_40mhz
    SLICE_X106Y103       FDRE                                         r  sym_counter_reg[3]/C

Slack:                    inf
  Source:                 CLOCK_WIZ_INST/inst/mmcm_adv_inst/LOCKED
                            (internal pin)
  Destination:            sym_counter_reg[4]/R
                            (rising edge-triggered cell FDRE clocked by clk_out1_clk_wiz_0  {rise@0.000ns fall@12.500ns period=25.000ns})
  Path Group:             (none)
  Path Type:              Hold (Min at Fast Process Corner)
  Data Path Delay:        0.791ns  (logic 0.045ns (5.690%)  route 0.746ns (94.310%))
  Logic Levels:           1  (LUT2=1)
  Clock Uncertainty:      0.176ns  ((TSJ^2 + DJ^2)^1/2) / 2 + PE
    Total System Jitter     (TSJ):    0.050ns
    Discrete Jitter          (DJ):    0.151ns
    Phase Error              (PE):    0.097ns

    Location             Delay type                Incr(ns)  Path(ns)    Netlist Resource(s)
  -------------------------------------------------------------------    -------------------
    MMCME2_ADV_X1Y2      MMCME2_ADV                   0.000     0.000 f  CLOCK_WIZ_INST/inst/mmcm_adv_inst/LOCKED
                         net (fo=2, routed)           0.491     0.491    locked
    SLICE_X113Y103       LUT2 (Prop_lut2_I1_O)        0.045     0.536 r  TREE_GENERATE_INST_i_1/O
                         net (fo=11598, routed)       0.255     0.791    sys_reset
    SLICE_X106Y103       FDRE                                         r  sym_counter_reg[4]/R
  -------------------------------------------------------------------    -------------------

                         (clock clk_out1_clk_wiz_0 rise edge)
                                                      0.000     0.000 r  
    H16                                               0.000     0.000 r  clk (IN)
                         net (fo=0)                   0.000     0.000    CLOCK_WIZ_INST/inst/clk_in1
    H16                  IBUF (Prop_ibuf_I_O)         0.406     0.406 r  CLOCK_WIZ_INST/inst/clkin1_ibufg/O
                         net (fo=1, routed)           0.480     0.886    CLOCK_WIZ_INST/inst/clk_in1_clk_wiz_0
    MMCME2_ADV_X1Y2      MMCME2_ADV (Prop_mmcme2_adv_CLKIN1_CLKOUT0)
                                                     -3.407    -2.521 r  CLOCK_WIZ_INST/inst/mmcm_adv_inst/CLKOUT0
                         net (fo=1, routed)           0.752    -1.769    CLOCK_WIZ_INST/inst/clk_out1_clk_wiz_0
    BUFGCTRL_X0Y16       BUFG (Prop_bufg_I_O)         0.029    -1.740 r  CLOCK_WIZ_INST/inst/clkout1_buf/O
                         net (fo=14289, routed)       0.991    -0.749    clk_40mhz
    SLICE_X106Y103       FDRE                                         r  sym_counter_reg[4]/C

Slack:                    inf
  Source:                 CLOCK_WIZ_INST/inst/mmcm_adv_inst/LOCKED
                            (internal pin)
  Destination:            sym_counter_reg[5]/R
                            (rising edge-triggered cell FDRE clocked by clk_out1_clk_wiz_0  {rise@0.000ns fall@12.500ns period=25.000ns})
  Path Group:             (none)
  Path Type:              Hold (Min at Fast Process Corner)
  Data Path Delay:        0.791ns  (logic 0.045ns (5.690%)  route 0.746ns (94.310%))
  Logic Levels:           1  (LUT2=1)
  Clock Uncertainty:      0.176ns  ((TSJ^2 + DJ^2)^1/2) / 2 + PE
    Total System Jitter     (TSJ):    0.050ns
    Discrete Jitter          (DJ):    0.151ns
    Phase Error              (PE):    0.097ns

    Location             Delay type                Incr(ns)  Path(ns)    Netlist Resource(s)
  -------------------------------------------------------------------    -------------------
    MMCME2_ADV_X1Y2      MMCME2_ADV                   0.000     0.000 f  CLOCK_WIZ_INST/inst/mmcm_adv_inst/LOCKED
                         net (fo=2, routed)           0.491     0.491    locked
    SLICE_X113Y103       LUT2 (Prop_lut2_I1_O)        0.045     0.536 r  TREE_GENERATE_INST_i_1/O
                         net (fo=11598, routed)       0.255     0.791    sys_reset
    SLICE_X106Y103       FDRE                                         r  sym_counter_reg[5]/R
  -------------------------------------------------------------------    -------------------

                         (clock clk_out1_clk_wiz_0 rise edge)
                                                      0.000     0.000 r  
    H16                                               0.000     0.000 r  clk (IN)
                         net (fo=0)                   0.000     0.000    CLOCK_WIZ_INST/inst/clk_in1
    H16                  IBUF (Prop_ibuf_I_O)         0.406     0.406 r  CLOCK_WIZ_INST/inst/clkin1_ibufg/O
                         net (fo=1, routed)           0.480     0.886    CLOCK_WIZ_INST/inst/clk_in1_clk_wiz_0
    MMCME2_ADV_X1Y2      MMCME2_ADV (Prop_mmcme2_adv_CLKIN1_CLKOUT0)
                                                     -3.407    -2.521 r  CLOCK_WIZ_INST/inst/mmcm_adv_inst/CLKOUT0
                         net (fo=1, routed)           0.752    -1.769    CLOCK_WIZ_INST/inst/clk_out1_clk_wiz_0
    BUFGCTRL_X0Y16       BUFG (Prop_bufg_I_O)         0.029    -1.740 r  CLOCK_WIZ_INST/inst/clkout1_buf/O
                         net (fo=14289, routed)       0.991    -0.749    clk_40mhz
    SLICE_X106Y103       FDRE                                         r  sym_counter_reg[5]/C

Slack:                    inf
  Source:                 CLOCK_WIZ_INST/inst/mmcm_adv_inst/LOCKED
                            (internal pin)
  Destination:            sym_counter_reg[6]/R
                            (rising edge-triggered cell FDRE clocked by clk_out1_clk_wiz_0  {rise@0.000ns fall@12.500ns period=25.000ns})
  Path Group:             (none)
  Path Type:              Hold (Min at Fast Process Corner)
  Data Path Delay:        0.791ns  (logic 0.045ns (5.690%)  route 0.746ns (94.310%))
  Logic Levels:           1  (LUT2=1)
  Clock Uncertainty:      0.176ns  ((TSJ^2 + DJ^2)^1/2) / 2 + PE
    Total System Jitter     (TSJ):    0.050ns
    Discrete Jitter          (DJ):    0.151ns
    Phase Error              (PE):    0.097ns

    Location             Delay type                Incr(ns)  Path(ns)    Netlist Resource(s)
  -------------------------------------------------------------------    -------------------
    MMCME2_ADV_X1Y2      MMCME2_ADV                   0.000     0.000 f  CLOCK_WIZ_INST/inst/mmcm_adv_inst/LOCKED
                         net (fo=2, routed)           0.491     0.491    locked
    SLICE_X113Y103       LUT2 (Prop_lut2_I1_O)        0.045     0.536 r  TREE_GENERATE_INST_i_1/O
                         net (fo=11598, routed)       0.255     0.791    sys_reset
    SLICE_X106Y103       FDRE                                         r  sym_counter_reg[6]/R
  -------------------------------------------------------------------    -------------------

                         (clock clk_out1_clk_wiz_0 rise edge)
                                                      0.000     0.000 r  
    H16                                               0.000     0.000 r  clk (IN)
                         net (fo=0)                   0.000     0.000    CLOCK_WIZ_INST/inst/clk_in1
    H16                  IBUF (Prop_ibuf_I_O)         0.406     0.406 r  CLOCK_WIZ_INST/inst/clkin1_ibufg/O
                         net (fo=1, routed)           0.480     0.886    CLOCK_WIZ_INST/inst/clk_in1_clk_wiz_0
    MMCME2_ADV_X1Y2      MMCME2_ADV (Prop_mmcme2_adv_CLKIN1_CLKOUT0)
                                                     -3.407    -2.521 r  CLOCK_WIZ_INST/inst/mmcm_adv_inst/CLKOUT0
                         net (fo=1, routed)           0.752    -1.769    CLOCK_WIZ_INST/inst/clk_out1_clk_wiz_0
    BUFGCTRL_X0Y16       BUFG (Prop_bufg_I_O)         0.029    -1.740 r  CLOCK_WIZ_INST/inst/clkout1_buf/O
                         net (fo=14289, routed)       0.991    -0.749    clk_40mhz
    SLICE_X106Y103       FDRE                                         r  sym_counter_reg[6]/C

Slack:                    inf
  Source:                 CLOCK_WIZ_INST/inst/mmcm_adv_inst/LOCKED
                            (internal pin)
  Destination:            sym_counter_reg[7]/R
                            (rising edge-triggered cell FDRE clocked by clk_out1_clk_wiz_0  {rise@0.000ns fall@12.500ns period=25.000ns})
  Path Group:             (none)
  Path Type:              Hold (Min at Fast Process Corner)
  Data Path Delay:        0.791ns  (logic 0.045ns (5.690%)  route 0.746ns (94.310%))
  Logic Levels:           1  (LUT2=1)
  Clock Uncertainty:      0.176ns  ((TSJ^2 + DJ^2)^1/2) / 2 + PE
    Total System Jitter     (TSJ):    0.050ns
    Discrete Jitter          (DJ):    0.151ns
    Phase Error              (PE):    0.097ns

    Location             Delay type                Incr(ns)  Path(ns)    Netlist Resource(s)
  -------------------------------------------------------------------    -------------------
    MMCME2_ADV_X1Y2      MMCME2_ADV                   0.000     0.000 f  CLOCK_WIZ_INST/inst/mmcm_adv_inst/LOCKED
                         net (fo=2, routed)           0.491     0.491    locked
    SLICE_X113Y103       LUT2 (Prop_lut2_I1_O)        0.045     0.536 r  TREE_GENERATE_INST_i_1/O
                         net (fo=11598, routed)       0.255     0.791    sys_reset
    SLICE_X106Y103       FDRE                                         r  sym_counter_reg[7]/R
  -------------------------------------------------------------------    -------------------

                         (clock clk_out1_clk_wiz_0 rise edge)
                                                      0.000     0.000 r  
    H16                                               0.000     0.000 r  clk (IN)
                         net (fo=0)                   0.000     0.000    CLOCK_WIZ_INST/inst/clk_in1
    H16                  IBUF (Prop_ibuf_I_O)         0.406     0.406 r  CLOCK_WIZ_INST/inst/clkin1_ibufg/O
                         net (fo=1, routed)           0.480     0.886    CLOCK_WIZ_INST/inst/clk_in1_clk_wiz_0
    MMCME2_ADV_X1Y2      MMCME2_ADV (Prop_mmcme2_adv_CLKIN1_CLKOUT0)
                                                     -3.407    -2.521 r  CLOCK_WIZ_INST/inst/mmcm_adv_inst/CLKOUT0
                         net (fo=1, routed)           0.752    -1.769    CLOCK_WIZ_INST/inst/clk_out1_clk_wiz_0
    BUFGCTRL_X0Y16       BUFG (Prop_bufg_I_O)         0.029    -1.740 r  CLOCK_WIZ_INST/inst/clkout1_buf/O
                         net (fo=14289, routed)       0.991    -0.749    clk_40mhz
    SLICE_X106Y103       FDRE                                         r  sym_counter_reg[7]/C

Slack:                    inf
  Source:                 CLOCK_WIZ_INST/inst/mmcm_adv_inst/LOCKED
                            (internal pin)
  Destination:            byte_cnt_reg[0]/R
                            (rising edge-triggered cell FDRE clocked by clk_out1_clk_wiz_0  {rise@0.000ns fall@12.500ns period=25.000ns})
  Path Group:             (none)
  Path Type:              Hold (Min at Fast Process Corner)
  Data Path Delay:        0.827ns  (logic 0.045ns (5.439%)  route 0.782ns (94.561%))
  Logic Levels:           1  (LUT2=1)
  Clock Uncertainty:      0.176ns  ((TSJ^2 + DJ^2)^1/2) / 2 + PE
    Total System Jitter     (TSJ):    0.050ns
    Discrete Jitter          (DJ):    0.151ns
    Phase Error              (PE):    0.097ns

    Location             Delay type                Incr(ns)  Path(ns)    Netlist Resource(s)
  -------------------------------------------------------------------    -------------------
    MMCME2_ADV_X1Y2      MMCME2_ADV                   0.000     0.000 f  CLOCK_WIZ_INST/inst/mmcm_adv_inst/LOCKED
                         net (fo=2, routed)           0.491     0.491    locked
    SLICE_X113Y103       LUT2 (Prop_lut2_I1_O)        0.045     0.536 r  TREE_GENERATE_INST_i_1/O
                         net (fo=11598, routed)       0.292     0.827    sys_reset
    SLICE_X109Y105       FDRE                                         r  byte_cnt_reg[0]/R
  -------------------------------------------------------------------    -------------------

                         (clock clk_out1_clk_wiz_0 rise edge)
                                                      0.000     0.000 r  
    H16                                               0.000     0.000 r  clk (IN)
                         net (fo=0)                   0.000     0.000    CLOCK_WIZ_INST/inst/clk_in1
    H16                  IBUF (Prop_ibuf_I_O)         0.406     0.406 r  CLOCK_WIZ_INST/inst/clkin1_ibufg/O
                         net (fo=1, routed)           0.480     0.886    CLOCK_WIZ_INST/inst/clk_in1_clk_wiz_0
    MMCME2_ADV_X1Y2      MMCME2_ADV (Prop_mmcme2_adv_CLKIN1_CLKOUT0)
                                                     -3.407    -2.521 r  CLOCK_WIZ_INST/inst/mmcm_adv_inst/CLKOUT0
                         net (fo=1, routed)           0.752    -1.769    CLOCK_WIZ_INST/inst/clk_out1_clk_wiz_0
    BUFGCTRL_X0Y16       BUFG (Prop_bufg_I_O)         0.029    -1.740 r  CLOCK_WIZ_INST/inst/clkout1_buf/O
                         net (fo=14289, routed)       0.991    -0.749    clk_40mhz
    SLICE_X109Y105       FDRE                                         r  byte_cnt_reg[0]/C





--------------------------------------------------------------------------------------
Path Group:  (none)
From Clock:  
  To Clock:  clk_out1_clk_wiz_0_1

Max Delay         14874 Endpoints
Min Delay         14874 Endpoints
--------------------------------------------------------------------------------------


Max Delay Paths
--------------------------------------------------------------------------------------
Slack:                    inf
  Source:                 reset
                            (input port)
  Destination:            TREE_GENERATE_INST/i_f_reg[129][2]/S
                            (rising edge-triggered cell FDSE clocked by clk_out1_clk_wiz_0_1  {rise@0.000ns fall@12.500ns period=25.000ns})
  Path Group:             (none)
  Path Type:              Setup (Max at Slow Process Corner)
  Data Path Delay:        32.533ns  (logic 1.666ns (5.122%)  route 30.867ns (94.878%))
  Logic Levels:           2  (IBUF=1 LUT2=1)
  Clock Path Skew:        -1.626ns (DCD - SCD + CPR)
    Destination Clock Delay (DCD):    -1.626ns
    Source Clock Delay      (SCD):    0.000ns
    Clock Pessimism Removal (CPR):    0.000ns
  Clock Uncertainty:      0.175ns  ((TSJ^2 + DJ^2)^1/2) / 2 + PE
    Total System Jitter     (TSJ):    0.050ns
    Discrete Jitter          (DJ):    0.147ns
    Phase Error              (PE):    0.097ns

    Location             Delay type                Incr(ns)  Path(ns)    Netlist Resource(s)
  -------------------------------------------------------------------    -------------------
    M20                                               0.000     0.000 r  reset (IN)
                         net (fo=0)                   0.000     0.000    reset
    M20                  IBUF (Prop_ibuf_I_O)         1.542     1.542 r  reset_IBUF_inst/O
                         net (fo=3, routed)           2.054     3.596    reset_IBUF
    SLICE_X113Y103       LUT2 (Prop_lut2_I0_O)        0.124     3.720 r  TREE_GENERATE_INST_i_1/O
                         net (fo=11598, routed)      28.812    32.533    TREE_GENERATE_INST/reset
    SLICE_X74Y24         FDSE                                         r  TREE_GENERATE_INST/i_f_reg[129][2]/S
  -------------------------------------------------------------------    -------------------

                         (clock clk_out1_clk_wiz_0_1 rise edge)
                                                      0.000     0.000 r  
    H16                                               0.000     0.000 r  clk (IN)
                         net (fo=0)                   0.000     0.000    CLOCK_WIZ_INST/inst/clk_in1
    H16                  IBUF (Prop_ibuf_I_O)         1.380     1.380 r  CLOCK_WIZ_INST/inst/clkin1_ibufg/O
                         net (fo=1, routed)           1.162     2.542    CLOCK_WIZ_INST/inst/clk_in1_clk_wiz_0
    MMCME2_ADV_X1Y2      MMCME2_ADV (Prop_mmcme2_adv_CLKIN1_CLKOUT0)
                                                     -7.814    -5.272 r  CLOCK_WIZ_INST/inst/mmcm_adv_inst/CLKOUT0
                         net (fo=1, routed)           2.012    -3.260    CLOCK_WIZ_INST/inst/clk_out1_clk_wiz_0
    BUFGCTRL_X0Y16       BUFG (Prop_bufg_I_O)         0.091    -3.169 r  CLOCK_WIZ_INST/inst/clkout1_buf/O
                         net (fo=14289, routed)       1.542    -1.626    TREE_GENERATE_INST/clk
    SLICE_X74Y24         FDSE                                         r  TREE_GENERATE_INST/i_f_reg[129][2]/C

Slack:                    inf
  Source:                 reset
                            (input port)
  Destination:            TREE_GENERATE_INST/i_f_reg[161][3]/S
                            (rising edge-triggered cell FDSE clocked by clk_out1_clk_wiz_0_1  {rise@0.000ns fall@12.500ns period=25.000ns})
  Path Group:             (none)
  Path Type:              Setup (Max at Slow Process Corner)
  Data Path Delay:        32.528ns  (logic 1.666ns (5.122%)  route 30.862ns (94.878%))
  Logic Levels:           2  (IBUF=1 LUT2=1)
  Clock Path Skew:        -1.626ns (DCD - SCD + CPR)
    Destination Clock Delay (DCD):    -1.626ns
    Source Clock Delay      (SCD):    0.000ns
    Clock Pessimism Removal (CPR):    0.000ns
  Clock Uncertainty:      0.175ns  ((TSJ^2 + DJ^2)^1/2) / 2 + PE
    Total System Jitter     (TSJ):    0.050ns
    Discrete Jitter          (DJ):    0.147ns
    Phase Error              (PE):    0.097ns

    Location             Delay type                Incr(ns)  Path(ns)    Netlist Resource(s)
  -------------------------------------------------------------------    -------------------
    M20                                               0.000     0.000 r  reset (IN)
                         net (fo=0)                   0.000     0.000    reset
    M20                  IBUF (Prop_ibuf_I_O)         1.542     1.542 r  reset_IBUF_inst/O
                         net (fo=3, routed)           2.054     3.596    reset_IBUF
    SLICE_X113Y103       LUT2 (Prop_lut2_I0_O)        0.124     3.720 r  TREE_GENERATE_INST_i_1/O
                         net (fo=11598, routed)      28.808    32.528    TREE_GENERATE_INST/reset
    SLICE_X75Y24         FDSE                                         r  TREE_GENERATE_INST/i_f_reg[161][3]/S
  -------------------------------------------------------------------    -------------------

                         (clock clk_out1_clk_wiz_0_1 rise edge)
                                                      0.000     0.000 r  
    H16                                               0.000     0.000 r  clk (IN)
                         net (fo=0)                   0.000     0.000    CLOCK_WIZ_INST/inst/clk_in1
    H16                  IBUF (Prop_ibuf_I_O)         1.380     1.380 r  CLOCK_WIZ_INST/inst/clkin1_ibufg/O
                         net (fo=1, routed)           1.162     2.542    CLOCK_WIZ_INST/inst/clk_in1_clk_wiz_0
    MMCME2_ADV_X1Y2      MMCME2_ADV (Prop_mmcme2_adv_CLKIN1_CLKOUT0)
                                                     -7.814    -5.272 r  CLOCK_WIZ_INST/inst/mmcm_adv_inst/CLKOUT0
                         net (fo=1, routed)           2.012    -3.260    CLOCK_WIZ_INST/inst/clk_out1_clk_wiz_0
    BUFGCTRL_X0Y16       BUFG (Prop_bufg_I_O)         0.091    -3.169 r  CLOCK_WIZ_INST/inst/clkout1_buf/O
                         net (fo=14289, routed)       1.542    -1.626    TREE_GENERATE_INST/clk
    SLICE_X75Y24         FDSE                                         r  TREE_GENERATE_INST/i_f_reg[161][3]/C

Slack:                    inf
  Source:                 reset
                            (input port)
  Destination:            TREE_GENERATE_INST/i_f_reg[135][2]/S
                            (rising edge-triggered cell FDSE clocked by clk_out1_clk_wiz_0_1  {rise@0.000ns fall@12.500ns period=25.000ns})
  Path Group:             (none)
  Path Type:              Setup (Max at Slow Process Corner)
  Data Path Delay:        32.357ns  (logic 1.666ns (5.150%)  route 30.691ns (94.850%))
  Logic Levels:           2  (IBUF=1 LUT2=1)
  Clock Path Skew:        -1.626ns (DCD - SCD + CPR)
    Destination Clock Delay (DCD):    -1.626ns
    Source Clock Delay      (SCD):    0.000ns
    Clock Pessimism Removal (CPR):    0.000ns
  Clock Uncertainty:      0.175ns  ((TSJ^2 + DJ^2)^1/2) / 2 + PE
    Total System Jitter     (TSJ):    0.050ns
    Discrete Jitter          (DJ):    0.147ns
    Phase Error              (PE):    0.097ns

    Location             Delay type                Incr(ns)  Path(ns)    Netlist Resource(s)
  -------------------------------------------------------------------    -------------------
    M20                                               0.000     0.000 r  reset (IN)
                         net (fo=0)                   0.000     0.000    reset
    M20                  IBUF (Prop_ibuf_I_O)         1.542     1.542 r  reset_IBUF_inst/O
                         net (fo=3, routed)           2.054     3.596    reset_IBUF
    SLICE_X113Y103       LUT2 (Prop_lut2_I0_O)        0.124     3.720 r  TREE_GENERATE_INST_i_1/O
                         net (fo=11598, routed)      28.637    32.357    TREE_GENERATE_INST/reset
    SLICE_X74Y25         FDSE                                         r  TREE_GENERATE_INST/i_f_reg[135][2]/S
  -------------------------------------------------------------------    -------------------

                         (clock clk_out1_clk_wiz_0_1 rise edge)
                                                      0.000     0.000 r  
    H16                                               0.000     0.000 r  clk (IN)
                         net (fo=0)                   0.000     0.000    CLOCK_WIZ_INST/inst/clk_in1
    H16                  IBUF (Prop_ibuf_I_O)         1.380     1.380 r  CLOCK_WIZ_INST/inst/clkin1_ibufg/O
                         net (fo=1, routed)           1.162     2.542    CLOCK_WIZ_INST/inst/clk_in1_clk_wiz_0
    MMCME2_ADV_X1Y2      MMCME2_ADV (Prop_mmcme2_adv_CLKIN1_CLKOUT0)
                                                     -7.814    -5.272 r  CLOCK_WIZ_INST/inst/mmcm_adv_inst/CLKOUT0
                         net (fo=1, routed)           2.012    -3.260    CLOCK_WIZ_INST/inst/clk_out1_clk_wiz_0
    BUFGCTRL_X0Y16       BUFG (Prop_bufg_I_O)         0.091    -3.169 r  CLOCK_WIZ_INST/inst/clkout1_buf/O
                         net (fo=14289, routed)       1.542    -1.626    TREE_GENERATE_INST/clk
    SLICE_X74Y25         FDSE                                         r  TREE_GENERATE_INST/i_f_reg[135][2]/C

Slack:                    inf
  Source:                 reset
                            (input port)
  Destination:            TREE_GENERATE_INST/i_f_reg[166][4]/S
                            (rising edge-triggered cell FDSE clocked by clk_out1_clk_wiz_0_1  {rise@0.000ns fall@12.500ns period=25.000ns})
  Path Group:             (none)
  Path Type:              Setup (Max at Slow Process Corner)
  Data Path Delay:        32.071ns  (logic 1.666ns (5.195%)  route 30.405ns (94.805%))
  Logic Levels:           2  (IBUF=1 LUT2=1)
  Clock Path Skew:        -1.627ns (DCD - SCD + CPR)
    Destination Clock Delay (DCD):    -1.627ns
    Source Clock Delay      (SCD):    0.000ns
    Clock Pessimism Removal (CPR):    0.000ns
  Clock Uncertainty:      0.175ns  ((TSJ^2 + DJ^2)^1/2) / 2 + PE
    Total System Jitter     (TSJ):    0.050ns
    Discrete Jitter          (DJ):    0.147ns
    Phase Error              (PE):    0.097ns

    Location             Delay type                Incr(ns)  Path(ns)    Netlist Resource(s)
  -------------------------------------------------------------------    -------------------
    M20                                               0.000     0.000 r  reset (IN)
                         net (fo=0)                   0.000     0.000    reset
    M20                  IBUF (Prop_ibuf_I_O)         1.542     1.542 r  reset_IBUF_inst/O
                         net (fo=3, routed)           2.054     3.596    reset_IBUF
    SLICE_X113Y103       LUT2 (Prop_lut2_I0_O)        0.124     3.720 r  TREE_GENERATE_INST_i_1/O
                         net (fo=11598, routed)      28.351    32.071    TREE_GENERATE_INST/reset
    SLICE_X70Y25         FDSE                                         r  TREE_GENERATE_INST/i_f_reg[166][4]/S
  -------------------------------------------------------------------    -------------------

                         (clock clk_out1_clk_wiz_0_1 rise edge)
                                                      0.000     0.000 r  
    H16                                               0.000     0.000 r  clk (IN)
                         net (fo=0)                   0.000     0.000    CLOCK_WIZ_INST/inst/clk_in1
    H16                  IBUF (Prop_ibuf_I_O)         1.380     1.380 r  CLOCK_WIZ_INST/inst/clkin1_ibufg/O
                         net (fo=1, routed)           1.162     2.542    CLOCK_WIZ_INST/inst/clk_in1_clk_wiz_0
    MMCME2_ADV_X1Y2      MMCME2_ADV (Prop_mmcme2_adv_CLKIN1_CLKOUT0)
                                                     -7.814    -5.272 r  CLOCK_WIZ_INST/inst/mmcm_adv_inst/CLKOUT0
                         net (fo=1, routed)           2.012    -3.260    CLOCK_WIZ_INST/inst/clk_out1_clk_wiz_0
    BUFGCTRL_X0Y16       BUFG (Prop_bufg_I_O)         0.091    -3.169 r  CLOCK_WIZ_INST/inst/clkout1_buf/O
                         net (fo=14289, routed)       1.541    -1.627    TREE_GENERATE_INST/clk
    SLICE_X70Y25         FDSE                                         r  TREE_GENERATE_INST/i_f_reg[166][4]/C

Slack:                    inf
  Source:                 reset
                            (input port)
  Destination:            TREE_GENERATE_INST/i_f_reg[173][4]/S
                            (rising edge-triggered cell FDSE clocked by clk_out1_clk_wiz_0_1  {rise@0.000ns fall@12.500ns period=25.000ns})
  Path Group:             (none)
  Path Type:              Setup (Max at Slow Process Corner)
  Data Path Delay:        31.895ns  (logic 1.666ns (5.224%)  route 30.229ns (94.776%))
  Logic Levels:           2  (IBUF=1 LUT2=1)
  Clock Path Skew:        -1.627ns (DCD - SCD + CPR)
    Destination Clock Delay (DCD):    -1.627ns
    Source Clock Delay      (SCD):    0.000ns
    Clock Pessimism Removal (CPR):    0.000ns
  Clock Uncertainty:      0.175ns  ((TSJ^2 + DJ^2)^1/2) / 2 + PE
    Total System Jitter     (TSJ):    0.050ns
    Discrete Jitter          (DJ):    0.147ns
    Phase Error              (PE):    0.097ns

    Location             Delay type                Incr(ns)  Path(ns)    Netlist Resource(s)
  -------------------------------------------------------------------    -------------------
    M20                                               0.000     0.000 r  reset (IN)
                         net (fo=0)                   0.000     0.000    reset
    M20                  IBUF (Prop_ibuf_I_O)         1.542     1.542 r  reset_IBUF_inst/O
                         net (fo=3, routed)           2.054     3.596    reset_IBUF
    SLICE_X113Y103       LUT2 (Prop_lut2_I0_O)        0.124     3.720 r  TREE_GENERATE_INST_i_1/O
                         net (fo=11598, routed)      28.175    31.895    TREE_GENERATE_INST/reset
    SLICE_X70Y24         FDSE                                         r  TREE_GENERATE_INST/i_f_reg[173][4]/S
  -------------------------------------------------------------------    -------------------

                         (clock clk_out1_clk_wiz_0_1 rise edge)
                                                      0.000     0.000 r  
    H16                                               0.000     0.000 r  clk (IN)
                         net (fo=0)                   0.000     0.000    CLOCK_WIZ_INST/inst/clk_in1
    H16                  IBUF (Prop_ibuf_I_O)         1.380     1.380 r  CLOCK_WIZ_INST/inst/clkin1_ibufg/O
                         net (fo=1, routed)           1.162     2.542    CLOCK_WIZ_INST/inst/clk_in1_clk_wiz_0
    MMCME2_ADV_X1Y2      MMCME2_ADV (Prop_mmcme2_adv_CLKIN1_CLKOUT0)
                                                     -7.814    -5.272 r  CLOCK_WIZ_INST/inst/mmcm_adv_inst/CLKOUT0
                         net (fo=1, routed)           2.012    -3.260    CLOCK_WIZ_INST/inst/clk_out1_clk_wiz_0
    BUFGCTRL_X0Y16       BUFG (Prop_bufg_I_O)         0.091    -3.169 r  CLOCK_WIZ_INST/inst/clkout1_buf/O
                         net (fo=14289, routed)       1.541    -1.627    TREE_GENERATE_INST/clk
    SLICE_X70Y24         FDSE                                         r  TREE_GENERATE_INST/i_f_reg[173][4]/C

Slack:                    inf
  Source:                 reset
                            (input port)
  Destination:            TREE_GENERATE_INST/i_f_reg[168][4]/S
                            (rising edge-triggered cell FDSE clocked by clk_out1_clk_wiz_0_1  {rise@0.000ns fall@12.500ns period=25.000ns})
  Path Group:             (none)
  Path Type:              Setup (Max at Slow Process Corner)
  Data Path Delay:        31.891ns  (logic 1.666ns (5.225%)  route 30.224ns (94.775%))
  Logic Levels:           2  (IBUF=1 LUT2=1)
  Clock Path Skew:        -1.627ns (DCD - SCD + CPR)
    Destination Clock Delay (DCD):    -1.627ns
    Source Clock Delay      (SCD):    0.000ns
    Clock Pessimism Removal (CPR):    0.000ns
  Clock Uncertainty:      0.175ns  ((TSJ^2 + DJ^2)^1/2) / 2 + PE
    Total System Jitter     (TSJ):    0.050ns
    Discrete Jitter          (DJ):    0.147ns
    Phase Error              (PE):    0.097ns

    Location             Delay type                Incr(ns)  Path(ns)    Netlist Resource(s)
  -------------------------------------------------------------------    -------------------
    M20                                               0.000     0.000 r  reset (IN)
                         net (fo=0)                   0.000     0.000    reset
    M20                  IBUF (Prop_ibuf_I_O)         1.542     1.542 r  reset_IBUF_inst/O
                         net (fo=3, routed)           2.054     3.596    reset_IBUF
    SLICE_X113Y103       LUT2 (Prop_lut2_I0_O)        0.124     3.720 r  TREE_GENERATE_INST_i_1/O
                         net (fo=11598, routed)      28.170    31.891    TREE_GENERATE_INST/reset
    SLICE_X71Y24         FDSE                                         r  TREE_GENERATE_INST/i_f_reg[168][4]/S
  -------------------------------------------------------------------    -------------------

                         (clock clk_out1_clk_wiz_0_1 rise edge)
                                                      0.000     0.000 r  
    H16                                               0.000     0.000 r  clk (IN)
                         net (fo=0)                   0.000     0.000    CLOCK_WIZ_INST/inst/clk_in1
    H16                  IBUF (Prop_ibuf_I_O)         1.380     1.380 r  CLOCK_WIZ_INST/inst/clkin1_ibufg/O
                         net (fo=1, routed)           1.162     2.542    CLOCK_WIZ_INST/inst/clk_in1_clk_wiz_0
    MMCME2_ADV_X1Y2      MMCME2_ADV (Prop_mmcme2_adv_CLKIN1_CLKOUT0)
                                                     -7.814    -5.272 r  CLOCK_WIZ_INST/inst/mmcm_adv_inst/CLKOUT0
                         net (fo=1, routed)           2.012    -3.260    CLOCK_WIZ_INST/inst/clk_out1_clk_wiz_0
    BUFGCTRL_X0Y16       BUFG (Prop_bufg_I_O)         0.091    -3.169 r  CLOCK_WIZ_INST/inst/clkout1_buf/O
                         net (fo=14289, routed)       1.541    -1.627    TREE_GENERATE_INST/clk
    SLICE_X71Y24         FDSE                                         r  TREE_GENERATE_INST/i_f_reg[168][4]/C

Slack:                    inf
  Source:                 reset
                            (input port)
  Destination:            TREE_GENERATE_INST/i_f_reg[144][13]/S
                            (rising edge-triggered cell FDSE clocked by clk_out1_clk_wiz_0_1  {rise@0.000ns fall@12.500ns period=25.000ns})
  Path Group:             (none)
  Path Type:              Setup (Max at Slow Process Corner)
  Data Path Delay:        31.739ns  (logic 1.666ns (5.250%)  route 30.073ns (94.750%))
  Logic Levels:           2  (IBUF=1 LUT2=1)
  Clock Path Skew:        -1.625ns (DCD - SCD + CPR)
    Destination Clock Delay (DCD):    -1.625ns
    Source Clock Delay      (SCD):    0.000ns
    Clock Pessimism Removal (CPR):    0.000ns
  Clock Uncertainty:      0.175ns  ((TSJ^2 + DJ^2)^1/2) / 2 + PE
    Total System Jitter     (TSJ):    0.050ns
    Discrete Jitter          (DJ):    0.147ns
    Phase Error              (PE):    0.097ns

    Location             Delay type                Incr(ns)  Path(ns)    Netlist Resource(s)
  -------------------------------------------------------------------    -------------------
    M20                                               0.000     0.000 r  reset (IN)
                         net (fo=0)                   0.000     0.000    reset
    M20                  IBUF (Prop_ibuf_I_O)         1.542     1.542 r  reset_IBUF_inst/O
                         net (fo=3, routed)           2.054     3.596    reset_IBUF
    SLICE_X113Y103       LUT2 (Prop_lut2_I0_O)        0.124     3.720 r  TREE_GENERATE_INST_i_1/O
                         net (fo=11598, routed)      28.019    31.739    TREE_GENERATE_INST/reset
    SLICE_X70Y23         FDSE                                         r  TREE_GENERATE_INST/i_f_reg[144][13]/S
  -------------------------------------------------------------------    -------------------

                         (clock clk_out1_clk_wiz_0_1 rise edge)
                                                      0.000     0.000 r  
    H16                                               0.000     0.000 r  clk (IN)
                         net (fo=0)                   0.000     0.000    CLOCK_WIZ_INST/inst/clk_in1
    H16                  IBUF (Prop_ibuf_I_O)         1.380     1.380 r  CLOCK_WIZ_INST/inst/clkin1_ibufg/O
                         net (fo=1, routed)           1.162     2.542    CLOCK_WIZ_INST/inst/clk_in1_clk_wiz_0
    MMCME2_ADV_X1Y2      MMCME2_ADV (Prop_mmcme2_adv_CLKIN1_CLKOUT0)
                                                     -7.814    -5.272 r  CLOCK_WIZ_INST/inst/mmcm_adv_inst/CLKOUT0
                         net (fo=1, routed)           2.012    -3.260    CLOCK_WIZ_INST/inst/clk_out1_clk_wiz_0
    BUFGCTRL_X0Y16       BUFG (Prop_bufg_I_O)         0.091    -3.169 r  CLOCK_WIZ_INST/inst/clkout1_buf/O
                         net (fo=14289, routed)       1.543    -1.625    TREE_GENERATE_INST/clk
    SLICE_X70Y23         FDSE                                         r  TREE_GENERATE_INST/i_f_reg[144][13]/C

Slack:                    inf
  Source:                 reset
                            (input port)
  Destination:            TREE_GENERATE_INST/i_f_reg[164][4]/S
                            (rising edge-triggered cell FDSE clocked by clk_out1_clk_wiz_0_1  {rise@0.000ns fall@12.500ns period=25.000ns})
  Path Group:             (none)
  Path Type:              Setup (Max at Slow Process Corner)
  Data Path Delay:        31.729ns  (logic 1.666ns (5.251%)  route 30.063ns (94.749%))
  Logic Levels:           2  (IBUF=1 LUT2=1)
  Clock Path Skew:        -1.627ns (DCD - SCD + CPR)
    Destination Clock Delay (DCD):    -1.627ns
    Source Clock Delay      (SCD):    0.000ns
    Clock Pessimism Removal (CPR):    0.000ns
  Clock Uncertainty:      0.175ns  ((TSJ^2 + DJ^2)^1/2) / 2 + PE
    Total System Jitter     (TSJ):    0.050ns
    Discrete Jitter          (DJ):    0.147ns
    Phase Error              (PE):    0.097ns

    Location             Delay type                Incr(ns)  Path(ns)    Netlist Resource(s)
  -------------------------------------------------------------------    -------------------
    M20                                               0.000     0.000 r  reset (IN)
                         net (fo=0)                   0.000     0.000    reset
    M20                  IBUF (Prop_ibuf_I_O)         1.542     1.542 r  reset_IBUF_inst/O
                         net (fo=3, routed)           2.054     3.596    reset_IBUF
    SLICE_X113Y103       LUT2 (Prop_lut2_I0_O)        0.124     3.720 r  TREE_GENERATE_INST_i_1/O
                         net (fo=11598, routed)      28.009    31.729    TREE_GENERATE_INST/reset
    SLICE_X68Y25         FDSE                                         r  TREE_GENERATE_INST/i_f_reg[164][4]/S
  -------------------------------------------------------------------    -------------------

                         (clock clk_out1_clk_wiz_0_1 rise edge)
                                                      0.000     0.000 r  
    H16                                               0.000     0.000 r  clk (IN)
                         net (fo=0)                   0.000     0.000    CLOCK_WIZ_INST/inst/clk_in1
    H16                  IBUF (Prop_ibuf_I_O)         1.380     1.380 r  CLOCK_WIZ_INST/inst/clkin1_ibufg/O
                         net (fo=1, routed)           1.162     2.542    CLOCK_WIZ_INST/inst/clk_in1_clk_wiz_0
    MMCME2_ADV_X1Y2      MMCME2_ADV (Prop_mmcme2_adv_CLKIN1_CLKOUT0)
                                                     -7.814    -5.272 r  CLOCK_WIZ_INST/inst/mmcm_adv_inst/CLKOUT0
                         net (fo=1, routed)           2.012    -3.260    CLOCK_WIZ_INST/inst/clk_out1_clk_wiz_0
    BUFGCTRL_X0Y16       BUFG (Prop_bufg_I_O)         0.091    -3.169 r  CLOCK_WIZ_INST/inst/clkout1_buf/O
                         net (fo=14289, routed)       1.541    -1.627    TREE_GENERATE_INST/clk
    SLICE_X68Y25         FDSE                                         r  TREE_GENERATE_INST/i_f_reg[164][4]/C

Slack:                    inf
  Source:                 reset
                            (input port)
  Destination:            TREE_GENERATE_INST/i_f_reg[169][4]/S
                            (rising edge-triggered cell FDSE clocked by clk_out1_clk_wiz_0_1  {rise@0.000ns fall@12.500ns period=25.000ns})
  Path Group:             (none)
  Path Type:              Setup (Max at Slow Process Corner)
  Data Path Delay:        31.725ns  (logic 1.666ns (5.252%)  route 30.059ns (94.748%))
  Logic Levels:           2  (IBUF=1 LUT2=1)
  Clock Path Skew:        -1.627ns (DCD - SCD + CPR)
    Destination Clock Delay (DCD):    -1.627ns
    Source Clock Delay      (SCD):    0.000ns
    Clock Pessimism Removal (CPR):    0.000ns
  Clock Uncertainty:      0.175ns  ((TSJ^2 + DJ^2)^1/2) / 2 + PE
    Total System Jitter     (TSJ):    0.050ns
    Discrete Jitter          (DJ):    0.147ns
    Phase Error              (PE):    0.097ns

    Location             Delay type                Incr(ns)  Path(ns)    Netlist Resource(s)
  -------------------------------------------------------------------    -------------------
    M20                                               0.000     0.000 r  reset (IN)
                         net (fo=0)                   0.000     0.000    reset
    M20                  IBUF (Prop_ibuf_I_O)         1.542     1.542 r  reset_IBUF_inst/O
                         net (fo=3, routed)           2.054     3.596    reset_IBUF
    SLICE_X113Y103       LUT2 (Prop_lut2_I0_O)        0.124     3.720 r  TREE_GENERATE_INST_i_1/O
                         net (fo=11598, routed)      28.005    31.725    TREE_GENERATE_INST/reset
    SLICE_X69Y25         FDSE                                         r  TREE_GENERATE_INST/i_f_reg[169][4]/S
  -------------------------------------------------------------------    -------------------

                         (clock clk_out1_clk_wiz_0_1 rise edge)
                                                      0.000     0.000 r  
    H16                                               0.000     0.000 r  clk (IN)
                         net (fo=0)                   0.000     0.000    CLOCK_WIZ_INST/inst/clk_in1
    H16                  IBUF (Prop_ibuf_I_O)         1.380     1.380 r  CLOCK_WIZ_INST/inst/clkin1_ibufg/O
                         net (fo=1, routed)           1.162     2.542    CLOCK_WIZ_INST/inst/clk_in1_clk_wiz_0
    MMCME2_ADV_X1Y2      MMCME2_ADV (Prop_mmcme2_adv_CLKIN1_CLKOUT0)
                                                     -7.814    -5.272 r  CLOCK_WIZ_INST/inst/mmcm_adv_inst/CLKOUT0
                         net (fo=1, routed)           2.012    -3.260    CLOCK_WIZ_INST/inst/clk_out1_clk_wiz_0
    BUFGCTRL_X0Y16       BUFG (Prop_bufg_I_O)         0.091    -3.169 r  CLOCK_WIZ_INST/inst/clkout1_buf/O
                         net (fo=14289, routed)       1.541    -1.627    TREE_GENERATE_INST/clk
    SLICE_X69Y25         FDSE                                         r  TREE_GENERATE_INST/i_f_reg[169][4]/C

Slack:                    inf
  Source:                 reset
                            (input port)
  Destination:            TREE_GENERATE_INST/i_f_reg[165][0]/S
                            (rising edge-triggered cell FDSE clocked by clk_out1_clk_wiz_0_1  {rise@0.000ns fall@12.500ns period=25.000ns})
  Path Group:             (none)
  Path Type:              Setup (Max at Slow Process Corner)
  Data Path Delay:        31.591ns  (logic 1.666ns (5.274%)  route 29.925ns (94.726%))
  Logic Levels:           2  (IBUF=1 LUT2=1)
  Clock Path Skew:        -1.624ns (DCD - SCD + CPR)
    Destination Clock Delay (DCD):    -1.624ns
    Source Clock Delay      (SCD):    0.000ns
    Clock Pessimism Removal (CPR):    0.000ns
  Clock Uncertainty:      0.175ns  ((TSJ^2 + DJ^2)^1/2) / 2 + PE
    Total System Jitter     (TSJ):    0.050ns
    Discrete Jitter          (DJ):    0.147ns
    Phase Error              (PE):    0.097ns

    Location             Delay type                Incr(ns)  Path(ns)    Netlist Resource(s)
  -------------------------------------------------------------------    -------------------
    M20                                               0.000     0.000 r  reset (IN)
                         net (fo=0)                   0.000     0.000    reset
    M20                  IBUF (Prop_ibuf_I_O)         1.542     1.542 r  reset_IBUF_inst/O
                         net (fo=3, routed)           2.054     3.596    reset_IBUF
    SLICE_X113Y103       LUT2 (Prop_lut2_I0_O)        0.124     3.720 r  TREE_GENERATE_INST_i_1/O
                         net (fo=11598, routed)      27.871    31.591    TREE_GENERATE_INST/reset
    SLICE_X70Y22         FDSE                                         r  TREE_GENERATE_INST/i_f_reg[165][0]/S
  -------------------------------------------------------------------    -------------------

                         (clock clk_out1_clk_wiz_0_1 rise edge)
                                                      0.000     0.000 r  
    H16                                               0.000     0.000 r  clk (IN)
                         net (fo=0)                   0.000     0.000    CLOCK_WIZ_INST/inst/clk_in1
    H16                  IBUF (Prop_ibuf_I_O)         1.380     1.380 r  CLOCK_WIZ_INST/inst/clkin1_ibufg/O
                         net (fo=1, routed)           1.162     2.542    CLOCK_WIZ_INST/inst/clk_in1_clk_wiz_0
    MMCME2_ADV_X1Y2      MMCME2_ADV (Prop_mmcme2_adv_CLKIN1_CLKOUT0)
                                                     -7.814    -5.272 r  CLOCK_WIZ_INST/inst/mmcm_adv_inst/CLKOUT0
                         net (fo=1, routed)           2.012    -3.260    CLOCK_WIZ_INST/inst/clk_out1_clk_wiz_0
    BUFGCTRL_X0Y16       BUFG (Prop_bufg_I_O)         0.091    -3.169 r  CLOCK_WIZ_INST/inst/clkout1_buf/O
                         net (fo=14289, routed)       1.544    -1.624    TREE_GENERATE_INST/clk
    SLICE_X70Y22         FDSE                                         r  TREE_GENERATE_INST/i_f_reg[165][0]/C





Min Delay Paths
--------------------------------------------------------------------------------------
Slack:                    inf
  Source:                 CLOCK_WIZ_INST/inst/mmcm_adv_inst/LOCKED
                            (internal pin)
  Destination:            tx_req_reg/D
                            (rising edge-triggered cell FDRE clocked by clk_out1_clk_wiz_0_1  {rise@0.000ns fall@12.500ns period=25.000ns})
  Path Group:             (none)
  Path Type:              Hold (Min at Fast Process Corner)
  Data Path Delay:        0.553ns  (logic 0.045ns (8.132%)  route 0.508ns (91.868%))
  Logic Levels:           1  (LUT6=1)
  Clock Uncertainty:      0.175ns  ((TSJ^2 + DJ^2)^1/2) / 2 + PE
    Total System Jitter     (TSJ):    0.050ns
    Discrete Jitter          (DJ):    0.147ns
    Phase Error              (PE):    0.097ns

    Location             Delay type                Incr(ns)  Path(ns)    Netlist Resource(s)
  -------------------------------------------------------------------    -------------------
    MMCME2_ADV_X1Y2      MMCME2_ADV                   0.000     0.000 r  CLOCK_WIZ_INST/inst/mmcm_adv_inst/LOCKED
                         net (fo=2, routed)           0.508     0.508    locked
    SLICE_X111Y105       LUT6 (Prop_lut6_I1_O)        0.045     0.553 r  tx_req_i_1/O
                         net (fo=1, routed)           0.000     0.553    tx_req_i_1_n_0
    SLICE_X111Y105       FDRE                                         r  tx_req_reg/D
  -------------------------------------------------------------------    -------------------

                         (clock clk_out1_clk_wiz_0_1 rise edge)
                                                      0.000     0.000 r  
    H16                                               0.000     0.000 r  clk (IN)
                         net (fo=0)                   0.000     0.000    CLOCK_WIZ_INST/inst/clk_in1
    H16                  IBUF (Prop_ibuf_I_O)         0.406     0.406 r  CLOCK_WIZ_INST/inst/clkin1_ibufg/O
                         net (fo=1, routed)           0.480     0.886    CLOCK_WIZ_INST/inst/clk_in1_clk_wiz_0
    MMCME2_ADV_X1Y2      MMCME2_ADV (Prop_mmcme2_adv_CLKIN1_CLKOUT0)
                                                     -3.407    -2.521 r  CLOCK_WIZ_INST/inst/mmcm_adv_inst/CLKOUT0
                         net (fo=1, routed)           0.752    -1.769    CLOCK_WIZ_INST/inst/clk_out1_clk_wiz_0
    BUFGCTRL_X0Y16       BUFG (Prop_bufg_I_O)         0.029    -1.740 r  CLOCK_WIZ_INST/inst/clkout1_buf/O
                         net (fo=14289, routed)       0.994    -0.746    clk_40mhz
    SLICE_X111Y105       FDRE                                         r  tx_req_reg/C

Slack:                    inf
  Source:                 CLOCK_WIZ_INST/inst/mmcm_adv_inst/LOCKED
                            (internal pin)
  Destination:            tx_done_reg/R
                            (rising edge-triggered cell FDRE clocked by clk_out1_clk_wiz_0_1  {rise@0.000ns fall@12.500ns period=25.000ns})
  Path Group:             (none)
  Path Type:              Hold (Min at Fast Process Corner)
  Data Path Delay:        0.726ns  (logic 0.045ns (6.196%)  route 0.681ns (93.804%))
  Logic Levels:           1  (LUT2=1)
  Clock Uncertainty:      0.175ns  ((TSJ^2 + DJ^2)^1/2) / 2 + PE
    Total System Jitter     (TSJ):    0.050ns
    Discrete Jitter          (DJ):    0.147ns
    Phase Error              (PE):    0.097ns

    Location             Delay type                Incr(ns)  Path(ns)    Netlist Resource(s)
  -------------------------------------------------------------------    -------------------
    MMCME2_ADV_X1Y2      MMCME2_ADV                   0.000     0.000 f  CLOCK_WIZ_INST/inst/mmcm_adv_inst/LOCKED
                         net (fo=2, routed)           0.491     0.491    locked
    SLICE_X113Y103       LUT2 (Prop_lut2_I1_O)        0.045     0.536 r  TREE_GENERATE_INST_i_1/O
                         net (fo=11598, routed)       0.191     0.726    sys_reset
    SLICE_X110Y105       FDRE                                         r  tx_done_reg/R
  -------------------------------------------------------------------    -------------------

                         (clock clk_out1_clk_wiz_0_1 rise edge)
                                                      0.000     0.000 r  
    H16                                               0.000     0.000 r  clk (IN)
                         net (fo=0)                   0.000     0.000    CLOCK_WIZ_INST/inst/clk_in1
    H16                  IBUF (Prop_ibuf_I_O)         0.406     0.406 r  CLOCK_WIZ_INST/inst/clkin1_ibufg/O
                         net (fo=1, routed)           0.480     0.886    CLOCK_WIZ_INST/inst/clk_in1_clk_wiz_0
    MMCME2_ADV_X1Y2      MMCME2_ADV (Prop_mmcme2_adv_CLKIN1_CLKOUT0)
                                                     -3.407    -2.521 r  CLOCK_WIZ_INST/inst/mmcm_adv_inst/CLKOUT0
                         net (fo=1, routed)           0.752    -1.769    CLOCK_WIZ_INST/inst/clk_out1_clk_wiz_0
    BUFGCTRL_X0Y16       BUFG (Prop_bufg_I_O)         0.029    -1.740 r  CLOCK_WIZ_INST/inst/clkout1_buf/O
                         net (fo=14289, routed)       0.994    -0.746    clk_40mhz
    SLICE_X110Y105       FDRE                                         r  tx_done_reg/C

Slack:                    inf
  Source:                 CLOCK_WIZ_INST/inst/mmcm_adv_inst/LOCKED
                            (internal pin)
  Destination:            sym_counter_reg[1]/R
                            (rising edge-triggered cell FDRE clocked by clk_out1_clk_wiz_0_1  {rise@0.000ns fall@12.500ns period=25.000ns})
  Path Group:             (none)
  Path Type:              Hold (Min at Fast Process Corner)
  Data Path Delay:        0.791ns  (logic 0.045ns (5.690%)  route 0.746ns (94.310%))
  Logic Levels:           1  (LUT2=1)
  Clock Uncertainty:      0.175ns  ((TSJ^2 + DJ^2)^1/2) / 2 + PE
    Total System Jitter     (TSJ):    0.050ns
    Discrete Jitter          (DJ):    0.147ns
    Phase Error              (PE):    0.097ns

    Location             Delay type                Incr(ns)  Path(ns)    Netlist Resource(s)
  -------------------------------------------------------------------    -------------------
    MMCME2_ADV_X1Y2      MMCME2_ADV                   0.000     0.000 f  CLOCK_WIZ_INST/inst/mmcm_adv_inst/LOCKED
                         net (fo=2, routed)           0.491     0.491    locked
    SLICE_X113Y103       LUT2 (Prop_lut2_I1_O)        0.045     0.536 r  TREE_GENERATE_INST_i_1/O
                         net (fo=11598, routed)       0.255     0.791    sys_reset
    SLICE_X106Y103       FDRE                                         r  sym_counter_reg[1]/R
  -------------------------------------------------------------------    -------------------

                         (clock clk_out1_clk_wiz_0_1 rise edge)
                                                      0.000     0.000 r  
    H16                                               0.000     0.000 r  clk (IN)
                         net (fo=0)                   0.000     0.000    CLOCK_WIZ_INST/inst/clk_in1
    H16                  IBUF (Prop_ibuf_I_O)         0.406     0.406 r  CLOCK_WIZ_INST/inst/clkin1_ibufg/O
                         net (fo=1, routed)           0.480     0.886    CLOCK_WIZ_INST/inst/clk_in1_clk_wiz_0
    MMCME2_ADV_X1Y2      MMCME2_ADV (Prop_mmcme2_adv_CLKIN1_CLKOUT0)
                                                     -3.407    -2.521 r  CLOCK_WIZ_INST/inst/mmcm_adv_inst/CLKOUT0
                         net (fo=1, routed)           0.752    -1.769    CLOCK_WIZ_INST/inst/clk_out1_clk_wiz_0
    BUFGCTRL_X0Y16       BUFG (Prop_bufg_I_O)         0.029    -1.740 r  CLOCK_WIZ_INST/inst/clkout1_buf/O
                         net (fo=14289, routed)       0.991    -0.749    clk_40mhz
    SLICE_X106Y103       FDRE                                         r  sym_counter_reg[1]/C

Slack:                    inf
  Source:                 CLOCK_WIZ_INST/inst/mmcm_adv_inst/LOCKED
                            (internal pin)
  Destination:            sym_counter_reg[2]/R
                            (rising edge-triggered cell FDRE clocked by clk_out1_clk_wiz_0_1  {rise@0.000ns fall@12.500ns period=25.000ns})
  Path Group:             (none)
  Path Type:              Hold (Min at Fast Process Corner)
  Data Path Delay:        0.791ns  (logic 0.045ns (5.690%)  route 0.746ns (94.310%))
  Logic Levels:           1  (LUT2=1)
  Clock Uncertainty:      0.175ns  ((TSJ^2 + DJ^2)^1/2) / 2 + PE
    Total System Jitter     (TSJ):    0.050ns
    Discrete Jitter          (DJ):    0.147ns
    Phase Error              (PE):    0.097ns

    Location             Delay type                Incr(ns)  Path(ns)    Netlist Resource(s)
  -------------------------------------------------------------------    -------------------
    MMCME2_ADV_X1Y2      MMCME2_ADV                   0.000     0.000 f  CLOCK_WIZ_INST/inst/mmcm_adv_inst/LOCKED
                         net (fo=2, routed)           0.491     0.491    locked
    SLICE_X113Y103       LUT2 (Prop_lut2_I1_O)        0.045     0.536 r  TREE_GENERATE_INST_i_1/O
                         net (fo=11598, routed)       0.255     0.791    sys_reset
    SLICE_X106Y103       FDRE                                         r  sym_counter_reg[2]/R
  -------------------------------------------------------------------    -------------------

                         (clock clk_out1_clk_wiz_0_1 rise edge)
                                                      0.000     0.000 r  
    H16                                               0.000     0.000 r  clk (IN)
                         net (fo=0)                   0.000     0.000    CLOCK_WIZ_INST/inst/clk_in1
    H16                  IBUF (Prop_ibuf_I_O)         0.406     0.406 r  CLOCK_WIZ_INST/inst/clkin1_ibufg/O
                         net (fo=1, routed)           0.480     0.886    CLOCK_WIZ_INST/inst/clk_in1_clk_wiz_0
    MMCME2_ADV_X1Y2      MMCME2_ADV (Prop_mmcme2_adv_CLKIN1_CLKOUT0)
                                                     -3.407    -2.521 r  CLOCK_WIZ_INST/inst/mmcm_adv_inst/CLKOUT0
                         net (fo=1, routed)           0.752    -1.769    CLOCK_WIZ_INST/inst/clk_out1_clk_wiz_0
    BUFGCTRL_X0Y16       BUFG (Prop_bufg_I_O)         0.029    -1.740 r  CLOCK_WIZ_INST/inst/clkout1_buf/O
                         net (fo=14289, routed)       0.991    -0.749    clk_40mhz
    SLICE_X106Y103       FDRE                                         r  sym_counter_reg[2]/C

Slack:                    inf
  Source:                 CLOCK_WIZ_INST/inst/mmcm_adv_inst/LOCKED
                            (internal pin)
  Destination:            sym_counter_reg[3]/R
                            (rising edge-triggered cell FDRE clocked by clk_out1_clk_wiz_0_1  {rise@0.000ns fall@12.500ns period=25.000ns})
  Path Group:             (none)
  Path Type:              Hold (Min at Fast Process Corner)
  Data Path Delay:        0.791ns  (logic 0.045ns (5.690%)  route 0.746ns (94.310%))
  Logic Levels:           1  (LUT2=1)
  Clock Uncertainty:      0.175ns  ((TSJ^2 + DJ^2)^1/2) / 2 + PE
    Total System Jitter     (TSJ):    0.050ns
    Discrete Jitter          (DJ):    0.147ns
    Phase Error              (PE):    0.097ns

    Location             Delay type                Incr(ns)  Path(ns)    Netlist Resource(s)
  -------------------------------------------------------------------    -------------------
    MMCME2_ADV_X1Y2      MMCME2_ADV                   0.000     0.000 f  CLOCK_WIZ_INST/inst/mmcm_adv_inst/LOCKED
                         net (fo=2, routed)           0.491     0.491    locked
    SLICE_X113Y103       LUT2 (Prop_lut2_I1_O)        0.045     0.536 r  TREE_GENERATE_INST_i_1/O
                         net (fo=11598, routed)       0.255     0.791    sys_reset
    SLICE_X106Y103       FDRE                                         r  sym_counter_reg[3]/R
  -------------------------------------------------------------------    -------------------

                         (clock clk_out1_clk_wiz_0_1 rise edge)
                                                      0.000     0.000 r  
    H16                                               0.000     0.000 r  clk (IN)
                         net (fo=0)                   0.000     0.000    CLOCK_WIZ_INST/inst/clk_in1
    H16                  IBUF (Prop_ibuf_I_O)         0.406     0.406 r  CLOCK_WIZ_INST/inst/clkin1_ibufg/O
                         net (fo=1, routed)           0.480     0.886    CLOCK_WIZ_INST/inst/clk_in1_clk_wiz_0
    MMCME2_ADV_X1Y2      MMCME2_ADV (Prop_mmcme2_adv_CLKIN1_CLKOUT0)
                                                     -3.407    -2.521 r  CLOCK_WIZ_INST/inst/mmcm_adv_inst/CLKOUT0
                         net (fo=1, routed)           0.752    -1.769    CLOCK_WIZ_INST/inst/clk_out1_clk_wiz_0
    BUFGCTRL_X0Y16       BUFG (Prop_bufg_I_O)         0.029    -1.740 r  CLOCK_WIZ_INST/inst/clkout1_buf/O
                         net (fo=14289, routed)       0.991    -0.749    clk_40mhz
    SLICE_X106Y103       FDRE                                         r  sym_counter_reg[3]/C

Slack:                    inf
  Source:                 CLOCK_WIZ_INST/inst/mmcm_adv_inst/LOCKED
                            (internal pin)
  Destination:            sym_counter_reg[4]/R
                            (rising edge-triggered cell FDRE clocked by clk_out1_clk_wiz_0_1  {rise@0.000ns fall@12.500ns period=25.000ns})
  Path Group:             (none)
  Path Type:              Hold (Min at Fast Process Corner)
  Data Path Delay:        0.791ns  (logic 0.045ns (5.690%)  route 0.746ns (94.310%))
  Logic Levels:           1  (LUT2=1)
  Clock Uncertainty:      0.175ns  ((TSJ^2 + DJ^2)^1/2) / 2 + PE
    Total System Jitter     (TSJ):    0.050ns
    Discrete Jitter          (DJ):    0.147ns
    Phase Error              (PE):    0.097ns

    Location             Delay type                Incr(ns)  Path(ns)    Netlist Resource(s)
  -------------------------------------------------------------------    -------------------
    MMCME2_ADV_X1Y2      MMCME2_ADV                   0.000     0.000 f  CLOCK_WIZ_INST/inst/mmcm_adv_inst/LOCKED
                         net (fo=2, routed)           0.491     0.491    locked
    SLICE_X113Y103       LUT2 (Prop_lut2_I1_O)        0.045     0.536 r  TREE_GENERATE_INST_i_1/O
                         net (fo=11598, routed)       0.255     0.791    sys_reset
    SLICE_X106Y103       FDRE                                         r  sym_counter_reg[4]/R
  -------------------------------------------------------------------    -------------------

                         (clock clk_out1_clk_wiz_0_1 rise edge)
                                                      0.000     0.000 r  
    H16                                               0.000     0.000 r  clk (IN)
                         net (fo=0)                   0.000     0.000    CLOCK_WIZ_INST/inst/clk_in1
    H16                  IBUF (Prop_ibuf_I_O)         0.406     0.406 r  CLOCK_WIZ_INST/inst/clkin1_ibufg/O
                         net (fo=1, routed)           0.480     0.886    CLOCK_WIZ_INST/inst/clk_in1_clk_wiz_0
    MMCME2_ADV_X1Y2      MMCME2_ADV (Prop_mmcme2_adv_CLKIN1_CLKOUT0)
                                                     -3.407    -2.521 r  CLOCK_WIZ_INST/inst/mmcm_adv_inst/CLKOUT0
                         net (fo=1, routed)           0.752    -1.769    CLOCK_WIZ_INST/inst/clk_out1_clk_wiz_0
    BUFGCTRL_X0Y16       BUFG (Prop_bufg_I_O)         0.029    -1.740 r  CLOCK_WIZ_INST/inst/clkout1_buf/O
                         net (fo=14289, routed)       0.991    -0.749    clk_40mhz
    SLICE_X106Y103       FDRE                                         r  sym_counter_reg[4]/C

Slack:                    inf
  Source:                 CLOCK_WIZ_INST/inst/mmcm_adv_inst/LOCKED
                            (internal pin)
  Destination:            sym_counter_reg[5]/R
                            (rising edge-triggered cell FDRE clocked by clk_out1_clk_wiz_0_1  {rise@0.000ns fall@12.500ns period=25.000ns})
  Path Group:             (none)
  Path Type:              Hold (Min at Fast Process Corner)
  Data Path Delay:        0.791ns  (logic 0.045ns (5.690%)  route 0.746ns (94.310%))
  Logic Levels:           1  (LUT2=1)
  Clock Uncertainty:      0.175ns  ((TSJ^2 + DJ^2)^1/2) / 2 + PE
    Total System Jitter     (TSJ):    0.050ns
    Discrete Jitter          (DJ):    0.147ns
    Phase Error              (PE):    0.097ns

    Location             Delay type                Incr(ns)  Path(ns)    Netlist Resource(s)
  -------------------------------------------------------------------    -------------------
    MMCME2_ADV_X1Y2      MMCME2_ADV                   0.000     0.000 f  CLOCK_WIZ_INST/inst/mmcm_adv_inst/LOCKED
                         net (fo=2, routed)           0.491     0.491    locked
    SLICE_X113Y103       LUT2 (Prop_lut2_I1_O)        0.045     0.536 r  TREE_GENERATE_INST_i_1/O
                         net (fo=11598, routed)       0.255     0.791    sys_reset
    SLICE_X106Y103       FDRE                                         r  sym_counter_reg[5]/R
  -------------------------------------------------------------------    -------------------

                         (clock clk_out1_clk_wiz_0_1 rise edge)
                                                      0.000     0.000 r  
    H16                                               0.000     0.000 r  clk (IN)
                         net (fo=0)                   0.000     0.000    CLOCK_WIZ_INST/inst/clk_in1
    H16                  IBUF (Prop_ibuf_I_O)         0.406     0.406 r  CLOCK_WIZ_INST/inst/clkin1_ibufg/O
                         net (fo=1, routed)           0.480     0.886    CLOCK_WIZ_INST/inst/clk_in1_clk_wiz_0
    MMCME2_ADV_X1Y2      MMCME2_ADV (Prop_mmcme2_adv_CLKIN1_CLKOUT0)
                                                     -3.407    -2.521 r  CLOCK_WIZ_INST/inst/mmcm_adv_inst/CLKOUT0
                         net (fo=1, routed)           0.752    -1.769    CLOCK_WIZ_INST/inst/clk_out1_clk_wiz_0
    BUFGCTRL_X0Y16       BUFG (Prop_bufg_I_O)         0.029    -1.740 r  CLOCK_WIZ_INST/inst/clkout1_buf/O
                         net (fo=14289, routed)       0.991    -0.749    clk_40mhz
    SLICE_X106Y103       FDRE                                         r  sym_counter_reg[5]/C

Slack:                    inf
  Source:                 CLOCK_WIZ_INST/inst/mmcm_adv_inst/LOCKED
                            (internal pin)
  Destination:            sym_counter_reg[6]/R
                            (rising edge-triggered cell FDRE clocked by clk_out1_clk_wiz_0_1  {rise@0.000ns fall@12.500ns period=25.000ns})
  Path Group:             (none)
  Path Type:              Hold (Min at Fast Process Corner)
  Data Path Delay:        0.791ns  (logic 0.045ns (5.690%)  route 0.746ns (94.310%))
  Logic Levels:           1  (LUT2=1)
  Clock Uncertainty:      0.175ns  ((TSJ^2 + DJ^2)^1/2) / 2 + PE
    Total System Jitter     (TSJ):    0.050ns
    Discrete Jitter          (DJ):    0.147ns
    Phase Error              (PE):    0.097ns

    Location             Delay type                Incr(ns)  Path(ns)    Netlist Resource(s)
  -------------------------------------------------------------------    -------------------
    MMCME2_ADV_X1Y2      MMCME2_ADV                   0.000     0.000 f  CLOCK_WIZ_INST/inst/mmcm_adv_inst/LOCKED
                         net (fo=2, routed)           0.491     0.491    locked
    SLICE_X113Y103       LUT2 (Prop_lut2_I1_O)        0.045     0.536 r  TREE_GENERATE_INST_i_1/O
                         net (fo=11598, routed)       0.255     0.791    sys_reset
    SLICE_X106Y103       FDRE                                         r  sym_counter_reg[6]/R
  -------------------------------------------------------------------    -------------------

                         (clock clk_out1_clk_wiz_0_1 rise edge)
                                                      0.000     0.000 r  
    H16                                               0.000     0.000 r  clk (IN)
                         net (fo=0)                   0.000     0.000    CLOCK_WIZ_INST/inst/clk_in1
    H16                  IBUF (Prop_ibuf_I_O)         0.406     0.406 r  CLOCK_WIZ_INST/inst/clkin1_ibufg/O
                         net (fo=1, routed)           0.480     0.886    CLOCK_WIZ_INST/inst/clk_in1_clk_wiz_0
    MMCME2_ADV_X1Y2      MMCME2_ADV (Prop_mmcme2_adv_CLKIN1_CLKOUT0)
                                                     -3.407    -2.521 r  CLOCK_WIZ_INST/inst/mmcm_adv_inst/CLKOUT0
                         net (fo=1, routed)           0.752    -1.769    CLOCK_WIZ_INST/inst/clk_out1_clk_wiz_0
    BUFGCTRL_X0Y16       BUFG (Prop_bufg_I_O)         0.029    -1.740 r  CLOCK_WIZ_INST/inst/clkout1_buf/O
                         net (fo=14289, routed)       0.991    -0.749    clk_40mhz
    SLICE_X106Y103       FDRE                                         r  sym_counter_reg[6]/C

Slack:                    inf
  Source:                 CLOCK_WIZ_INST/inst/mmcm_adv_inst/LOCKED
                            (internal pin)
  Destination:            sym_counter_reg[7]/R
                            (rising edge-triggered cell FDRE clocked by clk_out1_clk_wiz_0_1  {rise@0.000ns fall@12.500ns period=25.000ns})
  Path Group:             (none)
  Path Type:              Hold (Min at Fast Process Corner)
  Data Path Delay:        0.791ns  (logic 0.045ns (5.690%)  route 0.746ns (94.310%))
  Logic Levels:           1  (LUT2=1)
  Clock Uncertainty:      0.175ns  ((TSJ^2 + DJ^2)^1/2) / 2 + PE
    Total System Jitter     (TSJ):    0.050ns
    Discrete Jitter          (DJ):    0.147ns
    Phase Error              (PE):    0.097ns

    Location             Delay type                Incr(ns)  Path(ns)    Netlist Resource(s)
  -------------------------------------------------------------------    -------------------
    MMCME2_ADV_X1Y2      MMCME2_ADV                   0.000     0.000 f  CLOCK_WIZ_INST/inst/mmcm_adv_inst/LOCKED
                         net (fo=2, routed)           0.491     0.491    locked
    SLICE_X113Y103       LUT2 (Prop_lut2_I1_O)        0.045     0.536 r  TREE_GENERATE_INST_i_1/O
                         net (fo=11598, routed)       0.255     0.791    sys_reset
    SLICE_X106Y103       FDRE                                         r  sym_counter_reg[7]/R
  -------------------------------------------------------------------    -------------------

                         (clock clk_out1_clk_wiz_0_1 rise edge)
                                                      0.000     0.000 r  
    H16                                               0.000     0.000 r  clk (IN)
                         net (fo=0)                   0.000     0.000    CLOCK_WIZ_INST/inst/clk_in1
    H16                  IBUF (Prop_ibuf_I_O)         0.406     0.406 r  CLOCK_WIZ_INST/inst/clkin1_ibufg/O
                         net (fo=1, routed)           0.480     0.886    CLOCK_WIZ_INST/inst/clk_in1_clk_wiz_0
    MMCME2_ADV_X1Y2      MMCME2_ADV (Prop_mmcme2_adv_CLKIN1_CLKOUT0)
                                                     -3.407    -2.521 r  CLOCK_WIZ_INST/inst/mmcm_adv_inst/CLKOUT0
                         net (fo=1, routed)           0.752    -1.769    CLOCK_WIZ_INST/inst/clk_out1_clk_wiz_0
    BUFGCTRL_X0Y16       BUFG (Prop_bufg_I_O)         0.029    -1.740 r  CLOCK_WIZ_INST/inst/clkout1_buf/O
                         net (fo=14289, routed)       0.991    -0.749    clk_40mhz
    SLICE_X106Y103       FDRE                                         r  sym_counter_reg[7]/C

Slack:                    inf
  Source:                 CLOCK_WIZ_INST/inst/mmcm_adv_inst/LOCKED
                            (internal pin)
  Destination:            byte_cnt_reg[0]/R
                            (rising edge-triggered cell FDRE clocked by clk_out1_clk_wiz_0_1  {rise@0.000ns fall@12.500ns period=25.000ns})
  Path Group:             (none)
  Path Type:              Hold (Min at Fast Process Corner)
  Data Path Delay:        0.827ns  (logic 0.045ns (5.439%)  route 0.782ns (94.561%))
  Logic Levels:           1  (LUT2=1)
  Clock Uncertainty:      0.175ns  ((TSJ^2 + DJ^2)^1/2) / 2 + PE
    Total System Jitter     (TSJ):    0.050ns
    Discrete Jitter          (DJ):    0.147ns
    Phase Error              (PE):    0.097ns

    Location             Delay type                Incr(ns)  Path(ns)    Netlist Resource(s)
  -------------------------------------------------------------------    -------------------
    MMCME2_ADV_X1Y2      MMCME2_ADV                   0.000     0.000 f  CLOCK_WIZ_INST/inst/mmcm_adv_inst/LOCKED
                         net (fo=2, routed)           0.491     0.491    locked
    SLICE_X113Y103       LUT2 (Prop_lut2_I1_O)        0.045     0.536 r  TREE_GENERATE_INST_i_1/O
                         net (fo=11598, routed)       0.292     0.827    sys_reset
    SLICE_X109Y105       FDRE                                         r  byte_cnt_reg[0]/R
  -------------------------------------------------------------------    -------------------

                         (clock clk_out1_clk_wiz_0_1 rise edge)
                                                      0.000     0.000 r  
    H16                                               0.000     0.000 r  clk (IN)
                         net (fo=0)                   0.000     0.000    CLOCK_WIZ_INST/inst/clk_in1
    H16                  IBUF (Prop_ibuf_I_O)         0.406     0.406 r  CLOCK_WIZ_INST/inst/clkin1_ibufg/O
                         net (fo=1, routed)           0.480     0.886    CLOCK_WIZ_INST/inst/clk_in1_clk_wiz_0
    MMCME2_ADV_X1Y2      MMCME2_ADV (Prop_mmcme2_adv_CLKIN1_CLKOUT0)
                                                     -3.407    -2.521 r  CLOCK_WIZ_INST/inst/mmcm_adv_inst/CLKOUT0
                         net (fo=1, routed)           0.752    -1.769    CLOCK_WIZ_INST/inst/clk_out1_clk_wiz_0
    BUFGCTRL_X0Y16       BUFG (Prop_bufg_I_O)         0.029    -1.740 r  CLOCK_WIZ_INST/inst/clkout1_buf/O
                         net (fo=14289, routed)       0.991    -0.749    clk_40mhz
    SLICE_X109Y105       FDRE                                         r  byte_cnt_reg[0]/C





